UserId,User_AvgRating,User_VisitCount
14,4.666666666666667,3
16,4.7,10
20,4.0,1
23,5.0,1
25,5.0,1
26,5.0,1
27,4.0,1
28,5.0,1
29,5.0,1
32,4.0,1
33,4.0,1
34,4.0,1
37,4.0,1
39,4.0,1
42,4.0,1
48,3.0,1
51,5.0,1
52,3.0,1
54,3.0,1
56,1.0,1
57,3.0,1
59,4.0,2
60,5.0,1
61,5.0,2
65,5.0,1
67,4.0,2
70,5.0,1
72,5.0,1
79,3.0,1
83,5.0,1
85,5.0,2
90,5.0,3
92,5.0,2
94,5.0,1
97,5.0,1
98,3.0,1
102,3.0,1
103,4.666666666666667,3
112,5.0,1
113,4.0,1
116,2.0,1
117,4.0,1
118,5.0,1
119,5.0,1
122,5.0,1
125,4.0,2
129,4.5,2
131,4.0,1
133,5.0,1
137,4.0,2
139,5.0,1
142,4.0,1
147,3.6666666666666665,3
149,3.0,1
152,5.0,1
153,3.0,1
154,5.0,1
155,2.0,1
156,4.0,1
157,5.0,1
158,5.0,1
160,3.0,2
162,5.0,1
166,3.0,1
170,2.0,1
176,4.0,1
177,5.0,1
180,5.0,1
182,4.0,1
183,4.666666666666667,3
184,5.0,1
185,1.0,1
187,4.0,1
189,3.0,1
190,5.0,1
191,5.0,1
192,3.5,2
194,4.166666666666667,6
196,3.0,2
199,4.0,1
200,5.0,1
208,5.0,1
213,5.0,1
218,5.0,1
228,4.333333333333333,3
230,4.0,3
231,5.0,2
234,5.0,1
239,5.0,1
240,4.5,2
242,4.0,1
247,2.0,2
249,4.0,3
255,4.0,1
256,5.0,1
266,3.857142857142857,7
267,5.0,1
268,4.0,1
269,4.5,2
271,3.0,1
272,5.0,1
274,5.0,2
276,5.0,2
277,5.0,1
279,5.0,1
286,4.0,2
288,4.0,1
296,4.0,1
302,3.0,1
303,4.0,1
315,4.0,1
316,1.0,1
317,4.0,2
319,5.0,1
320,4.5,2
327,3.0,1
328,5.0,1
336,3.0,1
337,5.0,1
339,4.0,5
340,4.0,1
341,4.5,2
346,5.0,1
348,5.0,1
349,5.0,1
351,4.0,1
356,5.0,1
359,5.0,1
361,5.0,2
365,2.0,1
369,4.0,1
378,4.5,2
382,4.4,5
386,4.0,3
388,5.0,1
390,5.0,1
393,4.0,1
396,3.0,1
397,4.0,2
399,4.0,4
404,4.5,2
408,4.8,5
410,5.0,1
418,4.0,1
419,5.0,2
421,5.0,1
422,5.0,1
425,2.3333333333333335,3
426,2.0,1
430,4.75,4
432,4.5,2
433,4.0,1
435,4.0,1
442,4.0,2
444,5.0,2
445,4.0,1
446,5.0,2
447,4.0,1
455,4.0,1
456,5.0,1
459,4.5,4
462,4.5,2
464,5.0,1
470,5.0,1
476,2.0,1
478,5.0,1
480,3.2,5
484,5.0,1
485,5.0,1
488,5.0,1
490,5.0,1
494,5.0,1
501,5.0,2
503,4.0,1
511,5.0,1
512,2.0,1
515,5.0,1
516,5.0,1
517,5.0,1
518,4.0,1
521,2.0,1
525,5.0,1
527,3.5,2
528,4.5,2
542,3.0,1
545,5.0,1
550,4.0,1
554,4.5,2
565,4.0,1
568,3.875,8
571,5.0,1
572,4.0,1
574,4.0,2
577,3.3333333333333335,3
580,5.0,1
581,5.0,2
583,4.666666666666667,3
584,4.0,1
585,5.0,3
590,5.0,1
594,5.0,1
595,3.0,1
597,5.0,2
603,3.0,2
620,2.0,1
621,4.5,2
625,1.0,1
627,5.0,3
630,5.0,1
633,4.0,2
636,5.0,1
637,5.0,1
638,4.0,2
640,5.0,1
646,4.0,1
648,3.0,1
649,5.0,1
652,4.0,1
655,4.333333333333333,3
656,4.0,4
657,4.333333333333333,3
659,5.0,1
664,4.0,2
667,3.75,4
669,5.0,1
678,3.0,1
679,5.0,1
683,5.0,3
688,2.0,1
689,3.0,4
690,4.0,1
691,5.0,1
694,4.666666666666667,3
697,4.0,2
698,5.0,1
706,4.0,2
708,4.5,2
716,5.0,2
718,4.5,2
720,5.0,1
724,5.0,1
726,5.0,1
727,4.0,3
728,4.0,1
733,4.2,5
736,4.5,2
739,4.0,1
740,5.0,3
741,4.666666666666667,3
742,3.0,2
743,3.0,1
745,4.0,1
746,4.0,1
747,3.0,1
748,4.0,1
750,5.0,2
752,3.0,1
753,5.0,1
759,1.0,1
761,4.375,8
762,4.0,1
766,4.0,2
767,5.0,3
768,3.0,1
770,5.0,1
773,5.0,1
775,1.0,1
776,4.0,1
778,4.0,1
780,4.75,4
781,4.333333333333333,3
782,5.0,1
793,4.333333333333333,3
799,5.0,1
800,4.0,1
804,4.0,1
807,4.5,4
810,4.5,2
812,5.0,1
817,5.0,1
823,3.3333333333333335,3
824,3.0,1
830,5.0,1
835,4.0,2
839,5.0,1
841,5.0,1
842,3.6666666666666665,3
843,5.0,1
844,5.0,1
845,3.6,5
849,3.0,1
850,4.0,1
851,3.0,1
857,3.0,1
858,5.0,2
864,1.0,1
865,3.0,1
868,2.0,1
870,1.0,1
873,5.0,2
874,5.0,1
877,3.0,1
878,3.5,2
880,4.0,2
882,3.0,1
885,3.6666666666666665,3
886,3.0,2
888,5.0,1
891,2.5,4
894,4.75,4
898,5.0,1
905,5.0,1
907,4.0,1
908,5.0,3
918,4.2,5
919,1.0,1
920,5.0,1
922,5.0,1
927,5.0,3
930,5.0,2
933,4.0,2
940,4.0,1
941,3.5,2
942,3.0,1
945,4.0,1
950,5.0,1
954,2.0,1
956,3.75,4
960,5.0,1
961,5.0,1
962,5.0,1
966,4.75,4
970,3.0,1
974,4.0,1
978,5.0,3
979,3.6,5
980,5.0,1
981,4.0,2
989,4.5,2
990,5.0,1
993,2.3333333333333335,3
995,5.0,1
999,5.0,1
1000,4.0,1
1002,1.0,1
1009,4.142857142857143,7
1011,4.0,1
1018,2.5,2
1030,5.0,2
1033,5.0,1
1035,3.0,1
1037,3.0,1
1041,4.5,2
1044,5.0,1
1048,5.0,2
1059,4.0,1
1060,4.0,1
1061,4.0,2
1062,4.0,2
1064,5.0,1
1065,4.0,1
1068,4.666666666666667,3
1074,3.5,2
1079,5.0,1
1083,4.75,4
1086,5.0,2
1088,4.105263157894737,19
1089,5.0,1
1094,4.0,1
1095,3.0,1
1097,5.0,1
1099,3.0,2
1101,5.0,1
1102,5.0,1
1103,4.666666666666667,3
1105,5.0,1
1107,4.0,1
1114,3.5,4
1115,5.0,1
1116,5.0,1
1117,5.0,1
1119,5.0,1
1122,4.0,2
1124,4.0,1
1127,2.0,1
1132,5.0,2
1137,5.0,1
1148,5.0,1
1150,5.0,2
1151,4.0,1
1152,4.25,4
1157,4.0,1
1161,4.0,1
1163,1.0,1
1169,1.0,1
1170,5.0,1
1171,5.0,2
1175,5.0,2
1180,5.0,1
1188,5.0,1
1190,5.0,1
1196,4.0,1
1202,3.0,1
1205,2.5,2
1206,5.0,1
1208,5.0,2
1210,4.0,1
1212,2.5,2
1214,4.5,2
1215,4.5,4
1216,3.5,4
1218,3.0,1
1219,5.0,1
1221,3.0,3
1222,5.0,1
1226,4.0,3
1228,5.0,5
1231,5.0,1
1232,4.0,1
1237,5.0,1
1240,4.0,1
1244,5.0,1
1245,4.0,1
1249,4.0,1
1252,4.5,2
1255,4.0,1
1257,4.0,1
1258,4.0,1
1265,2.6666666666666665,3
1269,5.0,1
1271,3.0,2
1274,1.0,1
1275,5.0,1
1278,5.0,1
1280,4.5,2
1281,5.0,1
1283,5.0,1
1286,4.0,1
1287,3.0,2
1288,4.666666666666667,3
1291,5.0,1
1292,5.0,1
1293,4.0,1
1296,4.0,1
1299,4.5,2
1301,3.0,1
1307,5.0,2
1310,3.0,1
1316,5.0,1
1318,3.0,1
1319,4.0,1
1320,5.0,2
1328,2.0,2
1329,4.0,1
1331,5.0,1
1332,4.0,1
1333,4.0,1
1334,5.0,1
1335,4.0,1
1341,1.0,1
1342,4.0,3
1343,3.0,2
1345,4.0,1
1346,5.0,1
1356,5.0,2
1358,3.0,2
1359,4.0,1
1362,4.0,1
1364,3.0,1
1366,5.0,1
1367,3.5,2
1368,3.0,2
1373,4.0,1
1374,3.0,2
1375,4.0,1
1377,4.5,2
1384,4.0,1
1387,4.0,1
1391,5.0,1
1396,4.0,1
1398,4.0,1
1401,5.0,1
1403,5.0,1
1406,1.0,1
1407,5.0,1
1410,3.0,1
1416,3.0,3
1418,5.0,1
1420,5.0,1
1423,5.0,1
1428,4.5,2
1433,4.0,2
1436,3.0,1
1440,5.0,2
1441,5.0,1
1445,5.0,1
1446,5.0,1
1448,4.4,5
1451,5.0,1
1452,3.2,5
1453,4.0,2
1456,4.0,2
1459,4.666666666666667,3
1460,4.0,1
1471,4.0,1
1473,1.0,1
1474,5.0,1
1478,2.5,2
1482,3.5,2
1485,3.0,1
1486,5.0,1
1492,4.0,1
1493,3.0,1
1495,4.333333333333333,3
1497,4.428571428571429,7
1501,5.0,1
1505,4.0,1
1508,4.0,1
1509,2.5,2
1511,5.0,4
1512,3.0,1
1521,5.0,2
1524,4.0,2
1526,4.0,1
1529,4.0,1
1531,5.0,1
1533,5.0,1
1535,1.0,1
1536,4.0,1
1537,4.0,3
1538,5.0,1
1539,4.0,1
1540,3.0,3
1545,5.0,1
1548,4.0,1
1555,5.0,2
1558,5.0,1
1561,5.0,2
1564,5.0,1
1568,4.5,2
1572,4.0,1
1573,3.8,5
1578,3.0,1
1583,5.0,1
1586,4.0,1
1587,5.0,1
1588,5.0,2
1589,1.0,1
1590,1.0,1
1594,5.0,2
1595,3.5,4
1599,5.0,1
1608,3.0,1
1609,4.5,2
1620,4.0,2
1623,4.0,1
1625,4.0,3
1634,5.0,1
1636,4.0,1
1638,5.0,5
1639,5.0,2
1645,5.0,1
1646,4.0,1
1647,4.0,1
1649,4.25,4
1659,5.0,1
1661,3.0,1
1664,4.0,1
1665,5.0,1
1666,4.6,5
1667,3.0,1
1672,3.0,1
1676,4.2,5
1678,5.0,1
1684,3.6666666666666665,3
1689,5.0,1
1692,5.0,1
1697,4.0,1
1698,4.0,3
1700,5.0,1
1701,5.0,2
1702,4.0,1
1707,4.0,1
1709,2.6,5
1710,5.0,1
1711,3.0,1
1713,3.0,1
1715,4.0,1
1720,3.0,2
1723,5.0,1
1724,4.5,2
1725,4.0,1
1728,4.0,1
1729,4.166666666666667,6
1737,5.0,1
1738,4.0,1
1747,4.666666666666667,3
1748,3.0,3
1754,2.6666666666666665,3
1755,4.0,1
1757,5.0,3
1760,5.0,1
1763,5.0,1
1766,4.0,1
1771,5.0,1
1780,4.0,1
1792,4.0,1
1798,4.0,1
1803,3.0,1
1810,4.6,5
1813,3.0,2
1817,3.0,1
1826,4.0,1
1827,4.333333333333333,3
1829,5.0,1
1830,5.0,1
1833,5.0,1
1835,5.0,2
1839,4.0,1
1842,4.0,1
1844,5.0,2
1845,5.0,4
1847,5.0,1
1850,3.0,1
1853,5.0,1
1867,4.0,1
1869,5.0,1
1871,5.0,1
1873,4.5,2
1878,4.0,3
1879,4.0,1
1886,2.0,1
1888,5.0,1
1889,4.0,1
1891,5.0,4
1896,5.0,1
1898,4.0,1
1900,4.4,5
1905,5.0,1
1909,2.0,1
1914,4.0,1
1917,4.0,1
1920,5.0,1
1921,4.0,1
1928,5.0,1
1929,4.0,1
1932,5.0,2
1936,5.0,1
1940,5.0,1
1941,4.0,18
1943,5.0,1
1945,4.0,2
1948,4.333333333333333,3
1952,5.0,1
1953,4.333333333333333,3
1962,5.0,1
1963,4.0,1
1965,4.0,1
1968,4.5,2
1972,5.0,1
1976,4.0,1
1986,3.75,4
1989,4.0,2
1992,2.5,2
1999,3.0,1
2002,3.0,1
2003,4.5,2
2011,3.6666666666666665,3
2012,5.0,1
2013,4.0,1
2014,5.0,2
2016,5.0,1
2017,3.0,1
2022,3.5,2
2024,4.0,1
2028,4.0,1
2029,5.0,1
2032,5.0,1
2033,4.0,2
2035,4.0,2
2039,4.333333333333333,3
2041,5.0,1
2046,5.0,1
2047,5.0,2
2049,5.0,2
2054,4.333333333333333,3
2055,5.0,1
2056,4.5,2
2061,3.5,2
2063,2.0,1
2066,5.0,1
2069,5.0,1
2071,4.0,1
2074,3.0,1
2082,4.0,2
2086,3.0,1
2089,5.0,1
2094,5.0,1
2097,4.5,2
2102,3.0,1
2105,5.0,1
2107,5.0,1
2108,4.666666666666667,3
2110,4.666666666666667,3
2113,1.0,1
2116,5.0,1
2118,4.0,2
2119,4.0,1
2121,4.0,1
2125,4.0,1
2126,4.0,1
2129,5.0,2
2130,5.0,1
2131,2.6666666666666665,3
2138,3.0,1
2139,4.5,2
2149,4.0,1
2155,5.0,2
2157,3.0,1
2158,3.0,1
2159,4.0,1
2163,4.333333333333333,3
2171,5.0,1
2179,5.0,1
2184,5.0,1
2197,4.5,2
2198,2.0,2
2199,5.0,1
2206,4.0,1
2210,5.0,1
2212,5.0,1
2218,3.5,2
2221,2.6,5
2223,4.0,1
2227,4.0,1
2228,4.666666666666667,3
2236,5.0,2
2237,4.0,1
2240,5.0,2
2243,5.0,1
2250,4.0,1
2251,5.0,1
2252,5.0,1
2253,4.0,1
2256,5.0,3
2259,4.333333333333333,3
2263,4.0,2
2264,5.0,1
2267,5.0,2
2268,5.0,1
2273,4.0,1
2277,4.0,3
2279,3.0,1
2281,4.5,2
2283,5.0,1
2289,4.0,1
2294,4.0,1
2298,5.0,2
2303,3.5,2
2304,4.0,3
2307,4.0,2
2308,5.0,1
2309,5.0,1
2317,5.0,2
2318,5.0,2
2322,4.0,2
2324,4.4,5
2326,5.0,1
2331,4.0,1
2336,4.0,2
2338,5.0,1
2339,4.0,1
2347,5.0,1
2356,3.5,2
2357,4.0,1
2358,5.0,1
2373,5.0,1
2374,5.0,1
2377,4.0,1
2379,5.0,2
2382,4.0,1
2384,5.0,2
2387,5.0,1
2389,5.0,2
2390,5.0,1
2393,5.0,1
2395,5.0,1
2401,5.0,1
2405,5.0,1
2406,4.0,1
2414,3.0,1
2418,3.0,1
2422,4.333333333333333,3
2424,3.0,1
2425,5.0,1
2435,5.0,1
2436,5.0,1
2438,3.4285714285714284,7
2448,4.666666666666667,3
2449,4.5,2
2463,5.0,1
2476,4.0,1
2478,5.0,1
2480,3.0,2
2481,3.0,1
2482,4.0,1
2485,5.0,1
2487,4.0,2
2489,5.0,1
2491,4.0,1
2493,4.0,1
2494,3.6666666666666665,9
2498,5.0,1
2500,4.333333333333333,3
2503,4.5,2
2507,5.0,1
2510,5.0,3
2511,3.5,4
2512,4.0,1
2517,3.0,2
2518,5.0,1
2519,4.0,2
2526,4.0,5
2532,4.0,1
2535,4.0,1
2538,1.0,1
2542,4.5,2
2543,4.0,1
2547,4.0,2
2552,1.0,1
2553,5.0,1
2565,5.0,1
2569,4.0,1
2570,1.0,1
2573,2.0,1
2579,4.5,2
2580,4.0,1
2584,4.0,1
2585,5.0,1
2586,5.0,1
2589,5.0,1
2595,5.0,3
2598,3.5,2
2603,5.0,1
2604,4.0,1
2607,4.0,1
2609,5.0,1
2613,5.0,1
2615,5.0,1
2616,5.0,1
2618,4.0,1
2621,5.0,1
2623,3.0,1
2624,5.0,1
2626,4.0,1
2634,4.25,4
2636,5.0,1
2637,2.0,1
2639,5.0,1
2642,4.0,2
2644,5.0,1
2646,5.0,2
2648,5.0,1
2650,5.0,1
2658,5.0,1
2666,4.0,4
2667,4.0,1
2674,4.0,2
2675,5.0,1
2677,4.0,3
2678,4.0,2
2685,3.0,1
2688,4.666666666666667,3
2689,5.0,1
2691,5.0,1
2692,4.0,1
2694,4.0,1
2698,4.0,3
2699,4.0,3
2700,4.333333333333333,3
2705,5.0,2
2707,4.0,1
2713,5.0,1
2718,5.0,1
2721,5.0,1
2722,5.0,1
2723,5.0,1
2725,5.0,1
2726,5.0,1
2733,4.0,1
2734,5.0,1
2741,4.0,2
2745,4.333333333333333,3
2749,3.3333333333333335,3
2751,5.0,1
2753,5.0,1
2756,3.0,1
2761,4.0,1
2764,2.0,3
2776,5.0,2
2779,5.0,1
2784,4.5,2
2787,5.0,1
2790,4.0,1
2794,5.0,1
2797,4.0,1
2800,5.0,1
2808,4.666666666666667,3
2815,4.0,2
2817,5.0,1
2823,3.5,2
2829,4.0,1
2831,5.0,1
2833,5.0,1
2834,5.0,2
2846,4.0,2
2854,4.333333333333333,3
2856,5.0,2
2858,4.0,1
2859,3.0,2
2868,4.125,8
2870,4.0,2
2872,4.4,5
2876,4.0,2
2878,5.0,1
2881,2.5,2
2893,5.0,2
2896,4.0,2
2897,4.0,2
2903,5.0,1
2907,3.5,2
2909,3.0,2
2923,4.0,1
2928,3.6666666666666665,3
2929,5.0,1
2930,4.0,1
2931,5.0,1
2933,4.0,1
2937,3.0,2
2938,5.0,1
2939,4.0,1
2940,3.0,1
2949,3.25,4
2957,5.0,2
2958,5.0,1
2960,4.25,4
2962,5.0,1
2964,5.0,1
2966,5.0,1
2967,4.0,1
2970,5.0,3
2973,3.6,5
2975,4.0,1
2976,5.0,2
2979,5.0,1
2984,5.0,3
2985,5.0,1
2988,4.0,1
2990,5.0,1
2993,4.0,1
2996,5.0,2
2997,5.0,1
2998,4.75,4
2999,4.0,2
3000,5.0,1
3003,3.0,1
3004,3.0,1
3010,4.5,2
3011,4.5,2
3012,5.0,1
3018,5.0,1
3020,4.0,1
3025,5.0,1
3027,1.0,1
3033,5.0,1
3034,5.0,1
3035,3.2,5
3038,4.0,1
3040,1.0,1
3042,4.0,1
3043,4.0,1
3048,1.0,1
3049,3.5,2
3056,4.0,1
3061,5.0,1
3062,3.5,2
3064,3.0,1
3067,5.0,1
3070,4.0,1
3071,4.0,1
3074,5.0,1
3077,5.0,1
3080,4.0,2
3082,5.0,1
3088,4.5,2
3089,5.0,1
3093,4.0,1
3100,4.0,1
3101,3.0,1
3106,5.0,1
3107,5.0,1
3108,4.333333333333333,3
3111,4.666666666666667,3
3117,4.0,1
3127,4.0,1
3134,4.0,1
3136,5.0,1
3142,5.0,1
3143,1.0,2
3146,4.0,2
3147,4.0,1
3148,3.0,1
3150,3.6666666666666665,3
3158,5.0,1
3159,4.0,1
3161,5.0,1
3163,5.0,1
3164,5.0,1
3165,2.0,2
3170,5.0,1
3174,4.0,1
3181,5.0,1
3182,5.0,1
3183,3.0,2
3185,4.0,1
3190,3.3333333333333335,3
3191,3.5,6
3198,5.0,1
3199,3.0,1
3200,5.0,6
3202,4.0,1
3205,4.5,2
3208,5.0,1
3218,3.0,2
3219,5.0,1
3222,4.333333333333333,6
3235,5.0,1
3236,3.0,1
3237,4.5,2
3238,4.0,2
3247,4.0,1
3249,5.0,2
3251,5.0,2
3252,4.0,1
3254,2.5,2
3255,4.0,1
3259,2.0,1
3260,4.5,2
3265,5.0,1
3270,4.0,2
3272,4.0,1
3275,3.0,2
3282,4.5,2
3283,5.0,1
3296,5.0,1
3304,4.5,2
3307,5.0,1
3310,4.5,2
3315,4.0,1
3319,5.0,1
3320,5.0,2
3322,4.0,1
3326,2.0,2
3327,4.0,1
3328,4.666666666666667,3
3329,5.0,2
3332,2.0,1
3334,3.0,1
3339,4.285714285714286,7
3341,4.0,1
3342,4.0,2
3345,3.0,1
3348,4.0,1
3353,5.0,2
3358,3.0,1
3361,5.0,1
3362,5.0,1
3363,4.0,1
3367,4.0,3
3368,5.0,1
3369,5.0,1
3373,4.0,1
3374,3.0,1
3376,5.0,1
3378,5.0,2
3384,3.0,1
3386,3.6666666666666665,3
3387,4.285714285714286,7
3388,5.0,2
3390,5.0,2
3401,5.0,1
3402,4.5,6
3403,4.0,1
3409,5.0,1
3413,3.0,1
3414,5.0,1
3415,4.5,2
3416,5.0,1
3418,2.0,1
3420,5.0,1
3423,2.0,1
3425,1.0,1
3430,4.0,1
3431,4.5,2
3432,3.5,2
3441,5.0,2
3445,5.0,1
3447,4.0,2
3448,5.0,1
3450,5.0,1
3455,4.5,2
3456,3.75,4
3457,4.0,1
3458,5.0,2
3460,2.0,1
3461,4.0,2
3464,5.0,1
3465,5.0,1
3466,4.333333333333333,3
3467,5.0,1
3468,5.0,2
3473,4.75,4
3479,4.5,2
3487,4.0,5
3488,3.0,1
3491,5.0,1
3499,4.0,3
3510,4.0,1
3514,4.0,3
3517,5.0,2
3520,4.0,1
3521,4.0,1
3522,5.0,2
3531,4.0,1
3534,5.0,1
3541,4.0,2
3543,4.0,1
3545,5.0,2
3547,5.0,1
3552,4.833333333333333,12
3557,5.0,1
3559,4.0,1
3564,4.0,1
3566,4.0,1
3568,5.0,2
3570,4.0,2
3577,5.0,1
3583,5.0,1
3585,4.2,5
3589,5.0,2
3591,5.0,1
3592,3.0,2
3594,2.5,2
3596,5.0,2
3598,5.0,1
3607,5.0,1
3608,5.0,1
3609,5.0,1
3614,3.5,2
3615,4.0,1
3616,4.0,1
3617,4.0,1
3619,4.0,2
3623,3.0,1
3627,4.0,1
3630,3.0,1
3632,4.5,4
3638,5.0,1
3643,3.6666666666666665,3
3648,5.0,1
3653,4.0,1
3655,5.0,1
3658,4.0,1
3660,5.0,2
3663,5.0,3
3664,4.0,1
3666,5.0,1
3668,5.0,1
3669,4.25,4
3671,2.5,2
3673,4.5,2
3674,3.0,1
3675,5.0,1
3677,3.0,1
3679,5.0,1
3680,4.0,2
3684,4.0,1
3685,4.0,3
3688,5.0,1
3692,5.0,1
3693,3.3333333333333335,3
3695,4.0,2
3697,3.5,2
3698,3.5,2
3699,5.0,2
3702,5.0,1
3709,5.0,1
3711,4.0,1
3712,3.0,1
3718,4.333333333333333,3
3719,5.0,1
3721,5.0,1
3722,4.666666666666667,3
3725,1.0,1
3728,5.0,1
3732,5.0,1
3735,4.0,1
3736,3.5,2
3741,4.0,1
3744,5.0,1
3745,3.2,5
3750,3.5,2
3752,4.0,1
3754,4.5,2
3756,5.0,1
3758,4.333333333333333,3
3759,5.0,1
3760,5.0,1
3763,5.0,1
3767,4.0,1
3768,3.5,2
3771,5.0,1
3773,5.0,2
3774,3.6666666666666665,3
3775,5.0,1
3777,5.0,2
3783,4.5,2
3785,3.0,1
3788,3.0,1
3793,2.0,1
3797,4.0,2
3798,4.0,1
3802,3.5,4
3803,5.0,1
3807,3.0,2
3811,1.0,2
3814,3.0,1
3815,4.0,1
3816,5.0,2
3820,3.0,2
3821,4.0,1
3822,5.0,1
3826,2.0,1
3829,4.0,1
3832,4.0,3
3840,4.0,1
3850,4.285714285714286,7
3853,2.0,1
3854,4.0,1
3856,3.0,1
3857,3.0,1
3864,5.0,1
3875,5.0,1
3877,5.0,1
3885,5.0,2
3890,4.5,2
3891,5.0,1
3896,4.0,1
3897,5.0,2
3898,5.0,1
3901,5.0,1
3907,4.0,2
3908,5.0,1
3910,4.0,1
3912,4.0,4
3919,5.0,2
3922,3.6666666666666665,3
3923,4.0,1
3924,2.0,1
3928,4.666666666666667,3
3936,5.0,1
3937,4.0,3
3938,5.0,1
3942,5.0,1
3948,5.0,1
3949,4.0,1
3951,5.0,1
3954,4.0,1
3955,5.0,1
3957,4.0,1
3958,4.0,1
3961,4.0,1
3963,4.333333333333333,3
3965,5.0,1
3967,4.0,1
3968,5.0,2
3973,2.0,2
3983,3.0,1
3984,5.0,1
3993,2.5,2
3996,4.0,1
4003,4.5,2
4015,4.0,1
4025,4.125,8
4033,4.0,1
4034,4.8,15
4041,5.0,1
4043,4.0,1
4047,4.0,2
4050,4.0,1
4051,4.75,4
4053,4.0,2
4054,4.5,2
4055,4.0,1
4059,5.0,1
4061,3.5,2
4063,4.0,2
4065,5.0,3
4068,3.6666666666666665,3
4071,1.0,1
4072,1.0,1
4081,3.0,1
4082,5.0,1
4084,5.0,2
4086,3.0,1
4091,4.0,1
4095,5.0,1
4098,5.0,1
4099,3.0,1
4100,5.0,1
4103,3.0,1
4104,5.0,1
4105,4.8,5
4107,2.0,2
4108,4.0,1
4110,2.0,1
4113,4.5,2
4117,4.0,3
4118,5.0,1
4119,3.5,2
4120,5.0,1
4123,5.0,1
4128,5.0,1
4134,5.0,1
4135,2.0,1
4143,5.0,1
4146,4.0,1
4147,4.0,1
4153,4.0,3
4159,1.0,1
4162,5.0,1
4167,4.0,1
4171,5.0,2
4179,4.0,1
4180,2.0,1
4182,4.0,1
4189,5.0,3
4191,4.0,1
4195,5.0,1
4196,5.0,1
4198,4.5,2
4199,4.0,2
4203,5.0,1
4204,5.0,1
4205,5.0,1
4206,4.5,2
4217,4.0,3
4218,4.0,1
4222,3.0,1
4231,4.0,1
4235,3.0,1
4241,5.0,2
4247,5.0,1
4254,5.0,1
4255,5.0,1
4258,3.5,2
4259,4.0,1
4260,5.0,2
4261,4.0,1
4262,5.0,1
4263,5.0,2
4273,2.0,1
4274,5.0,2
4275,5.0,2
4276,4.0,1
4277,3.5,2
4278,4.5,2
4282,5.0,1
4283,5.0,2
4284,4.666666666666667,3
4295,5.0,1
4296,4.5,2
4297,4.0,1
4299,4.0,1
4305,4.0,1
4307,4.0,1
4309,5.0,1
4311,5.0,1
4317,4.0,1
4318,3.0,1
4319,4.0,1
4322,5.0,2
4323,4.0,1
4324,2.6666666666666665,3
4326,5.0,1
4331,4.0,1
4337,5.0,1
4339,5.0,3
4340,4.0,1
4344,5.0,1
4349,5.0,1
4350,4.0,3
4357,3.0,2
4362,4.0,1
4366,5.0,2
4367,3.0,1
4368,3.5,2
4371,4.5,4
4372,5.0,1
4373,3.0,4
4375,5.0,1
4376,3.3333333333333335,3
4377,4.5,2
4378,4.0,1
4382,5.0,1
4388,4.0,1
4390,3.2857142857142856,7
4391,3.0,1
4397,5.0,1
4398,3.5,2
4401,4.0,1
4410,4.666666666666667,3
4422,5.0,1
4423,5.0,1
4424,4.0,1
4426,5.0,1
4427,4.0,1
4428,4.0,2
4430,5.0,1
4431,3.0,2
4436,4.0,1
4437,4.0,1
4440,4.666666666666667,3
4449,5.0,2
4453,5.0,1
4456,2.0,1
4459,5.0,1
4462,4.333333333333333,6
4470,4.0,1
4472,5.0,1
4473,2.5,2
4478,5.0,1
4479,5.0,2
4480,5.0,1
4486,5.0,1
4491,4.0,3
4493,4.0,1
4494,4.0,2
4495,5.0,1
4499,5.0,1
4500,3.0,3
4506,4.5,2
4507,4.0,1
4514,5.0,1
4516,3.0,1
4517,4.5,2
4532,5.0,1
4533,4.0,1
4534,2.0,1
4535,4.0,2
4539,5.0,2
4546,3.5,2
4547,5.0,1
4549,5.0,1
4551,2.0,1
4553,5.0,3
4554,3.6666666666666665,3
4555,4.0,1
4560,5.0,2
4561,5.0,1
4569,2.0,1
4570,5.0,1
4573,3.0,1
4576,4.333333333333333,3
4581,4.0,1
4583,2.0,1
4584,5.0,1
4585,4.0,2
4593,4.0,1
4596,3.0,2
4597,4.6,5
4599,2.0,1
4602,4.0,1
4611,4.0,1
4612,3.0,1
4616,5.0,1
4627,2.6666666666666665,3
4630,2.0,1
4632,5.0,1
4633,4.0,1
4634,3.0,2
4635,4.25,4
4638,5.0,1
4640,4.5,2
4641,5.0,1
4642,4.666666666666667,3
4643,4.0,1
4647,4.0,1
4650,4.0,1
4653,5.0,1
4657,5.0,1
4660,3.0,2
4661,3.6666666666666665,3
4662,4.0,2
4669,5.0,1
4671,4.5,2
4677,4.5,2
4678,4.0,1
4680,5.0,2
4683,4.0,1
4688,5.0,2
4689,4.666666666666667,3
4691,5.0,2
4692,5.0,1
4702,2.5,2
4703,5.0,2
4704,3.0,1
4714,4.0,1
4716,3.3333333333333335,3
4721,4.0,1
4723,3.0,1
4729,3.5,4
4730,4.0,1
4731,4.0,1
4733,3.0,1
4737,5.0,1
4739,5.0,1
4740,5.0,1
4747,3.6666666666666665,3
4748,5.0,1
4750,2.0,1
4754,5.0,1
4755,4.666666666666667,3
4759,5.0,1
4762,4.0,1
4764,5.0,2
4766,4.0,2
4768,4.5,2
4772,4.0,1
4774,3.5,2
4776,4.0,1
4778,4.0,1
4780,3.5,2
4781,5.0,1
4783,5.0,1
4785,5.0,1
4786,4.666666666666667,3
4787,5.0,1
4789,5.0,2
4797,4.0,2
4800,5.0,1
4801,2.0,1
4804,5.0,2
4807,5.0,1
4809,5.0,2
4812,2.0,2
4813,2.0,1
4817,4.0,2
4819,4.0,1
4822,4.5,2
4823,4.0,1
4825,5.0,1
4826,4.0,1
4835,4.333333333333333,3
4839,4.0,1
4840,3.0,1
4844,4.333333333333333,3
4846,4.0,3
4848,4.0,1
4852,4.25,4
4854,5.0,1
4856,3.0,1
4861,4.333333333333333,3
4866,3.0,1
4867,4.0,2
4879,4.6,5
4880,5.0,1
4885,4.5,2
4886,5.0,1
4887,2.0,1
4892,3.0,1
4893,5.0,1
4895,4.0,2
4896,4.0,1
4900,4.0,1
4902,4.0,1
4903,4.333333333333333,3
4906,4.5,4
4907,5.0,1
4909,5.0,1
4911,5.0,1
4913,5.0,4
4917,3.5,2
4918,4.0,1
4921,4.0,1
4932,5.0,1
4933,3.5,2
4935,5.0,1
4936,5.0,1
4941,4.5,2
4942,3.0,1
4943,4.0,1
4946,5.0,1
4948,3.0,1
4949,3.0,1
4950,5.0,1
4953,5.0,1
4955,5.0,1
4957,4.0,1
4959,5.0,1
4960,3.0,1
4964,4.5,2
4966,4.0,1
4968,4.0,1
4969,5.0,1
4970,4.0,1
4977,4.0,3
4979,4.0,5
4981,4.666666666666667,3
4982,3.5,2
4984,4.333333333333333,3
4991,2.0,1
4994,1.0,1
4995,3.0,1
4996,4.857142857142857,7
5001,4.0,1
5007,3.5,2
5013,5.0,1
5014,4.333333333333333,3
5016,4.5,4
5019,4.5,2
5020,4.0,1
5021,4.0,6
5022,4.5,2
5030,4.0,4
5038,5.0,1
5039,5.0,1
5040,4.0,1
5046,3.0,1
5049,4.0,14
5052,3.0,3
5055,5.0,1
5056,4.0,1
5065,5.0,3
5067,4.0,2
5070,5.0,1
5071,5.0,1
5074,5.0,2
5076,3.0,1
5078,4.0,3
5080,4.8,5
5081,5.0,1
5082,2.0,1
5085,4.0,1
5089,5.0,1
5091,4.0,1
5094,5.0,1
5096,5.0,1
5097,4.0,1
5101,3.6666666666666665,3
5111,4.25,4
5112,5.0,1
5113,5.0,1
5121,4.0,1
5128,3.0,1
5133,5.0,1
5135,5.0,1
5137,5.0,1
5138,5.0,1
5140,2.5,2
5143,5.0,1
5145,3.0,1
5147,3.0,1
5154,4.0,1
5155,4.3,10
5158,1.0,1
5160,5.0,1
5161,3.3333333333333335,3
5163,4.5,2
5169,5.0,2
5172,4.0,2
5179,4.0,1
5183,2.0,1
5188,4.0,1
5189,3.0,1
5190,5.0,1
5205,4.0,2
5207,5.0,1
5210,5.0,1
5211,5.0,2
5213,5.0,1
5215,4.0,1
5222,4.0,1
5225,5.0,1
5232,5.0,1
5234,3.0,1
5236,5.0,1
5237,5.0,1
5246,4.0,1
5257,5.0,1
5260,3.3333333333333335,3
5265,4.25,4
5267,3.0,1
5274,5.0,1
5275,5.0,2
5280,5.0,1
5284,4.0,3
5288,5.0,2
5290,5.0,1
5295,5.0,1
5300,4.0,3
5304,5.0,3
5305,5.0,1
5306,3.0,3
5307,3.0,1
5308,5.0,1
5311,4.0,3
5316,4.0,1
5318,3.6666666666666665,3
5320,4.0,4
5323,4.0,1
5325,5.0,1
5326,3.5,2
5328,4.0,1
5329,4.0,1
5330,5.0,1
5331,2.0,1
5342,3.0,1
5346,5.0,2
5348,3.0,1
5350,5.0,2
5353,5.0,1
5358,5.0,1
5361,5.0,1
5369,4.0,1
5371,5.0,1
5376,5.0,1
5377,4.0,1
5378,4.333333333333333,3
5380,4.0,2
5386,3.0,1
5387,4.5,2
5388,3.0,2
5390,5.0,1
5391,5.0,1
5393,4.0,2
5395,5.0,1
5396,4.666666666666667,3
5403,4.0,1
5407,4.0,2
5408,4.0,1
5418,5.0,1
5419,5.0,1
5422,5.0,2
5429,4.0,3
5430,5.0,1
5435,3.0,2
5436,4.0,1
5439,4.0,1
5444,4.5,2
5446,4.0,1
5450,5.0,1
5451,4.0,1
5454,3.0,1
5457,4.5,2
5459,3.0,1
5466,5.0,3
5469,3.75,4
5473,5.0,1
5484,4.0,2
5487,4.0,2
5490,2.0,2
5492,4.0,1
5493,3.0,1
5497,4.0,1
5498,1.0,1
5502,4.0,1
5503,2.0,1
5504,4.0,5
5506,4.0,2
5507,4.0,1
5508,5.0,1
5512,5.0,1
5515,4.0,6
5522,5.0,1
5529,4.0,1
5534,5.0,1
5535,5.0,1
5536,4.0,1
5543,4.5,2
5544,5.0,1
5546,5.0,1
5551,3.4,5
5553,3.3333333333333335,3
5563,4.0,1
5564,4.0,1
5566,1.0,1
5568,4.0,3
5570,4.0,1
5572,4.0,1
5573,4.0,1
5574,4.0,1
5578,4.0,5
5579,5.0,2
5583,5.0,1
5584,4.0,2
5591,4.0,1
5592,5.0,2
5596,5.0,2
5602,5.0,2
5604,5.0,1
5605,4.5,2
5608,5.0,1
5610,3.0,1
5617,4.5,2
5619,3.75,4
5626,4.0,3
5628,5.0,1
5636,5.0,1
5638,5.0,1
5639,3.0,2
5646,4.0,1
5648,5.0,1
5649,5.0,2
5651,5.0,3
5653,4.0,1
5654,5.0,1
5657,4.5,2
5658,5.0,1
5659,4.0,1
5661,5.0,1
5669,5.0,1
5670,4.0,1
5672,4.0,2
5681,5.0,1
5683,4.0,1
5686,1.0,1
5687,5.0,4
5693,5.0,1
5707,4.0,1
5711,3.0,2
5712,3.0,1
5713,2.0,1
5715,5.0,1
5716,5.0,2
5717,3.0,1
5718,4.0,2
5720,5.0,2
5721,5.0,1
5725,5.0,1
5730,4.0,1
5732,5.0,2
5735,5.0,1
5736,4.0,1
5737,4.0,2
5741,3.0,1
5749,4.0,1
5756,4.0,1
5757,5.0,5
5758,4.5,10
5759,4.0,2
5761,4.5,2
5764,4.666666666666667,3
5765,3.0,1
5770,5.0,3
5779,5.0,1
5783,3.0,2
5789,5.0,2
5790,1.0,1
5791,4.0,1
5792,3.5,2
5798,4.0,2
5800,3.6666666666666665,3
5802,4.5,2
5809,4.0,1
5811,4.333333333333333,3
5814,4.0,1
5819,4.0,1
5825,2.0,1
5830,5.0,1
5832,3.0,1
5834,4.0,1
5837,3.5,2
5843,4.0,2
5847,3.0,1
5854,5.0,1
5857,4.666666666666667,3
5858,5.0,2
5859,4.0,1
5866,5.0,1
5875,4.0,1
5876,4.0,1
5882,4.0,1
5883,5.0,1
5885,4.5,2
5889,5.0,2
5891,5.0,3
5893,3.0,1
5894,3.0,1
5895,3.0,1
5897,5.0,1
5898,3.75,4
5903,5.0,2
5905,4.0,1
5908,3.0,1
5909,4.0,1
5913,5.0,1
5919,3.0,1
5922,4.0,1
5923,4.5,4
5931,4.5,2
5933,5.0,1
5935,4.0,2
5936,4.5,2
5938,3.0,1
5941,5.0,1
5949,4.0,1
5951,5.0,2
5956,5.0,1
5957,4.0,2
5960,3.5,2
5961,3.0,1
5968,5.0,1
5970,5.0,1
5971,5.0,1
5987,5.0,1
5988,3.0,1
5990,4.0,1
5992,5.0,3
5994,2.0,1
6003,5.0,1
6009,4.0,1
6018,4.0,1
6020,4.0,2
6022,5.0,1
6026,3.5,2
6028,5.0,1
6029,5.0,1
6030,4.0,1
6032,5.0,2
6035,4.0,1
6036,5.0,1
6038,5.0,1
6041,4.5,2
6045,5.0,1
6046,3.0,1
6050,4.444444444444445,9
6051,5.0,1
6053,5.0,2
6057,4.444444444444445,9
6058,4.0,2
6065,5.0,1
6070,2.5,2
6071,4.0,1
6072,4.5,2
6073,5.0,1
6075,4.5,2
6077,5.0,1
6083,3.75,4
6087,3.0,2
6088,5.0,1
6091,3.0,1
6096,5.0,1
6098,3.0,1
6099,5.0,1
6103,4.0,1
6105,3.5,2
6108,3.0,2
6111,5.0,1
6118,3.5,2
6120,4.333333333333333,3
6129,5.0,2
6130,4.666666666666667,3
6131,5.0,1
6134,5.0,1
6136,4.0,1
6137,5.0,2
6140,4.5,2
6141,4.0,1
6143,5.0,1
6145,3.2857142857142856,7
6146,4.0,1
6148,4.0,1
6163,5.0,1
6166,3.5,2
6173,4.0,1
6176,4.0,2
6181,4.0,2
6185,4.0,1
6187,5.0,2
6188,3.0,1
6189,4.0,1
6192,3.0,1
6196,5.0,1
6198,5.0,2
6202,4.0,2
6207,5.0,1
6209,3.0,2
6212,5.0,1
6218,4.0,2
6221,4.0,1
6225,3.6666666666666665,3
6226,4.0,1
6229,4.0,1
6233,5.0,1
6238,4.0,1
6240,5.0,1
6241,5.0,1
6244,4.0,1
6247,4.0,1
6251,4.333333333333333,3
6252,4.666666666666667,3
6253,3.0,1
6255,4.0,1
6256,4.5,2
6261,3.25,4
6264,5.0,1
6265,4.0,1
6266,4.0,1
6267,4.5,2
6268,5.0,1
6270,4.0,1
6271,5.0,1
6274,5.0,1
6280,5.0,3
6291,4.0,1
6292,4.0,1
6293,3.5,2
6297,2.0,1
6299,5.0,1
6315,5.0,1
6317,4.0,1
6319,5.0,1
6327,5.0,2
6333,3.0,1
6338,5.0,1
6350,3.0,3
6355,5.0,1
6359,5.0,1
6367,5.0,2
6369,5.0,1
6371,4.0,3
6374,4.666666666666667,3
6375,5.0,2
6376,5.0,1
6377,4.0,1
6379,5.0,2
6384,5.0,3
6389,4.0,1
6394,2.0,1
6395,5.0,1
6396,4.0,4
6399,5.0,1
6401,3.75,4
6403,4.0,2
6412,5.0,2
6413,4.0,2
6414,5.0,3
6416,3.0,1
6417,3.0,1
6420,5.0,1
6421,4.0,2
6425,4.0,1
6429,4.0,2
6432,4.333333333333333,6
6438,3.0,1
6439,4.0,1
6442,4.0,1
6444,3.0,1
6446,5.0,1
6451,3.0,1
6456,3.0,2
6458,4.0,1
6460,4.333333333333333,3
6462,4.0,1
6463,3.2,5
6464,4.0,2
6467,4.0,1
6468,5.0,3
6470,4.0,1
6479,4.0,2
6481,4.0,1
6482,5.0,1
6485,5.0,3
6486,5.0,1
6489,4.0,1
6491,5.0,2
6492,4.0,1
6494,4.0,2
6497,5.0,7
6503,4.0,1
6504,4.0,2
6506,4.2,5
6509,4.0,2
6510,5.0,1
6518,4.0,4
6519,5.0,1
6520,4.0,1
6521,5.0,1
6522,2.0,1
6525,5.0,1
6527,4.0,1
6529,4.0,1
6534,5.0,1
6537,5.0,1
6539,3.0,1
6540,4.0,2
6544,5.0,1
6552,4.333333333333333,3
6553,5.0,1
6554,3.6,5
6555,2.5,2
6557,4.8,5
6561,4.0,1
6568,4.0,1
6571,4.5,2
6574,5.0,1
6578,5.0,1
6581,5.0,3
6593,5.0,1
6601,5.0,1
6604,2.0,1
6606,4.0,3
6624,4.5,2
6625,4.0,4
6628,4.0,1
6631,4.5,2
6632,4.0,2
6639,3.5,2
6641,3.0,1
6646,5.0,1
6648,5.0,1
6649,4.0,3
6650,5.0,1
6652,4.0,1
6653,5.0,3
6656,3.0,1
6657,4.0,1
6658,4.5,4
6670,4.4,5
6671,5.0,2
6672,4.0,3
6674,5.0,1
6678,4.0,1
6680,4.0,1
6681,5.0,1
6683,4.0,2
6693,5.0,1
6695,4.5,2
6697,3.25,4
6698,3.0,1
6699,4.0,2
6702,3.0,1
6703,3.5,2
6704,4.0,1
6712,4.666666666666667,6
6714,5.0,2
6719,3.0,1
6725,5.0,2
6730,4.0,2
6731,4.0,1
6733,5.0,1
6741,5.0,1
6742,5.0,1
6743,4.25,4
6748,5.0,1
6751,5.0,1
6755,5.0,3
6756,5.0,1
6758,5.0,2
6766,4.5,2
6768,5.0,1
6771,4.6,5
6772,4.0,1
6773,3.5,2
6784,3.0,1
6786,4.0,1
6793,5.0,1
6797,5.0,1
6798,5.0,1
6800,4.0,1
6804,5.0,1
6810,2.5,2
6812,5.0,2
6815,1.0,1
6819,4.0,1
6823,4.5,2
6828,4.0,1
6830,4.5,2
6840,4.5,2
6846,5.0,2
6847,4.0,2
6851,4.0,1
6853,4.5,2
6855,5.0,1
6858,3.0,1
6867,5.0,1
6871,3.0,1
6875,5.0,1
6881,5.0,3
6882,4.8,5
6886,5.0,1
6891,4.75,4
6893,5.0,1
6897,4.0,1
6906,5.0,1
6912,3.0,1
6913,3.3333333333333335,3
6915,3.0,1
6919,5.0,1
6922,4.0,1
6931,5.0,1
6933,4.5,2
6937,5.0,1
6939,3.0,1
6942,4.0,1
6945,4.0,1
6952,4.0,1
6963,5.0,1
6964,4.5,2
6969,5.0,2
6972,4.666666666666667,3
6975,4.0,1
6976,5.0,4
6977,3.0,1
6980,5.0,1
6987,4.0,2
6988,5.0,2
6990,5.0,1
6993,4.0,1
6996,4.5,2
7002,5.0,1
7004,5.0,1
7005,5.0,1
7009,2.0,1
7015,4.333333333333333,3
7017,3.0,2
7020,4.0,1
7022,5.0,1
7024,4.6,5
7026,3.0,1
7029,4.4,5
7036,4.0,1
7037,5.0,1
7041,4.0,2
7044,4.0,1
7046,5.0,1
7047,5.0,2
7051,3.0,1
7054,5.0,1
7058,5.0,1
7059,4.0,2
7060,5.0,1
7063,4.0,1
7065,5.0,1
7066,5.0,2
7075,5.0,1
7082,4.0,1
7087,5.0,1
7101,5.0,1
7107,4.0,4
7110,3.6666666666666665,3
7114,4.0,1
7120,3.0,1
7122,5.0,1
7127,5.0,1
7129,5.0,1
7136,3.0,2
7141,4.0,1
7149,5.0,1
7150,5.0,2
7155,4.0,2
7156,4.333333333333333,3
7157,5.0,1
7161,4.5,2
7166,4.666666666666667,3
7169,5.0,1
7172,5.0,1
7173,2.0,1
7175,5.0,2
7180,4.0,1
7181,5.0,1
7182,5.0,1
7184,4.0,1
7186,5.0,1
7187,2.0,1
7189,4.333333333333333,3
7191,5.0,2
7195,3.0,1
7199,5.0,2
7202,3.6666666666666665,3
7203,4.0,2
7206,5.0,1
7209,3.0,1
7214,5.0,1
7215,2.0,1
7223,3.6666666666666665,3
7235,4.0,2
7237,5.0,1
7238,3.0,1
7239,5.0,1
7244,4.0,1
7246,4.5,4
7255,4.0,1
7260,4.0,1
7261,5.0,1
7265,5.0,1
7268,5.0,2
7275,3.0,1
7276,4.25,4
7277,4.0,1
7279,5.0,1
7293,3.0,1
7306,4.0,1
7308,5.0,1
7310,5.0,1
7311,4.0,1
7315,4.0,1
7320,4.0,1
7325,5.0,1
7328,5.0,1
7334,3.0,2
7335,5.0,1
7337,4.666666666666667,3
7339,3.5,2
7341,3.0,1
7343,3.0,1
7347,4.0,1
7348,4.0,2
7351,5.0,1
7362,2.0,1
7365,5.0,2
7366,5.0,2
7368,3.0,1
7372,4.0,2
7376,3.0,1
7379,3.0,1
7380,5.0,1
7391,5.0,1
7394,4.0,1
7395,5.0,1
7399,3.0,1
7407,5.0,3
7412,4.0,1
7413,3.0,1
7420,2.0,1
7423,5.0,2
7424,4.0,1
7425,3.0,1
7429,4.0,1
7430,4.0,1
7432,4.0,1
7433,4.75,4
7434,4.0,1
7436,4.0,1
7437,4.0,1
7442,5.0,1
7445,4.0,1
7448,4.75,4
7449,5.0,1
7454,4.5,2
7460,3.0,1
7462,5.0,1
7463,4.5,2
7464,5.0,2
7466,5.0,1
7467,5.0,1
7469,4.5,2
7472,5.0,1
7473,3.0,1
7474,5.0,1
7475,5.0,1
7477,5.0,1
7480,5.0,1
7483,3.6666666666666665,3
7485,4.0,1
7486,4.0,1
7487,4.0,3
7491,4.0,3
7494,4.5,2
7495,4.0,1
7498,4.0,2
7501,5.0,1
7506,5.0,1
7507,5.0,1
7512,5.0,4
7516,5.0,1
7519,5.0,1
7520,4.0,2
7525,4.0,1
7526,4.666666666666667,3
7527,4.333333333333333,3
7528,4.0,1
7531,5.0,2
7533,4.25,4
7536,4.5,2
7542,3.0,1
7551,4.0,1
7553,5.0,1
7554,3.8333333333333335,6
7557,4.333333333333333,6
7558,4.75,4
7560,4.0,2
7563,5.0,1
7565,5.0,1
7567,5.0,1
7568,5.0,3
7569,4.5,4
7570,4.0,1
7571,5.0,1
7573,3.0,2
7575,4.0,1
7578,3.0,1
7579,4.666666666666667,3
7585,5.0,1
7591,5.0,1
7592,5.0,1
7593,3.0,1
7600,5.0,1
7606,4.0,1
7608,4.0,1
7609,4.0,1
7610,4.75,4
7612,4.5,2
7616,5.0,1
7619,3.0,1
7620,3.0,1
7625,5.0,1
7627,3.0,1
7631,3.5,2
7632,4.0,1
7633,4.5,4
7639,5.0,1
7640,4.0,2
7644,4.0,2
7645,2.6666666666666665,3
7646,5.0,1
7649,5.0,1
7650,3.0,2
7652,4.0,1
7658,5.0,2
7659,5.0,1
7661,5.0,2
7663,5.0,1
7667,4.0,2
7669,5.0,3
7678,4.0,1
7679,4.0,1
7683,5.0,1
7684,5.0,1
7694,4.0,3
7699,3.0,1
7704,5.0,1
7706,5.0,1
7710,3.6666666666666665,3
7713,4.5,2
7714,4.666666666666667,3
7715,5.0,1
7716,5.0,1
7717,5.0,1
7718,4.5,2
7721,3.0,1
7723,5.0,1
7724,5.0,1
7725,4.0,1
7731,5.0,6
7735,4.0,1
7736,3.5,2
7738,3.5,2
7742,4.333333333333333,3
7744,5.0,1
7749,5.0,2
7757,3.0,1
7758,5.0,1
7759,4.0,1
7761,3.0,1
7762,5.0,1
7770,4.0,1
7773,5.0,1
7780,5.0,1
7781,3.0,1
7785,4.25,4
7788,5.0,1
7790,5.0,1
7801,4.0,1
7802,4.25,4
7805,5.0,1
7806,5.0,2
7814,3.6666666666666665,3
7815,5.0,1
7820,3.0,1
7826,5.0,2
7829,4.0,1
7830,4.0,3
7834,5.0,1
7835,5.0,1
7837,3.0,1
7838,5.0,1
7839,5.0,2
7840,4.5,2
7843,5.0,2
7845,4.5,2
7849,5.0,1
7850,4.0,1
7852,5.0,1
7853,5.0,2
7854,5.0,1
7857,5.0,1
7858,2.0,1
7861,3.0,1
7862,3.0,1
7867,5.0,1
7869,5.0,1
7873,3.0,2
7883,4.0,1
7884,4.333333333333333,3
7885,5.0,1
7893,5.0,2
7901,4.333333333333333,3
7902,4.0,1
7905,4.25,4
7906,5.0,1
7907,3.0,2
7916,4.0,2
7917,4.0,1
7930,5.0,1
7932,5.0,3
7935,4.166666666666667,6
7947,4.333333333333333,3
7949,4.0,1
7953,4.0,1
7955,4.333333333333333,3
7956,4.666666666666667,3
7960,5.0,1
7964,5.0,1
7965,1.0,1
7966,5.0,1
7967,5.0,1
7969,5.0,2
7974,4.0,2
7975,5.0,1
7977,2.0,2
7980,3.0,1
7985,4.0,5
7986,4.0,2
7987,4.0,1
7990,4.0,1
7992,3.5,2
7994,2.0,1
8007,5.0,2
8011,5.0,1
8013,5.0,2
8015,2.0,2
8025,4.0,2
8028,5.0,1
8030,5.0,1
8038,4.0,1
8039,5.0,1
8042,3.0,1
8043,5.0,1
8044,5.0,1
8047,5.0,1
8049,4.0,2
8050,3.0,1
8051,5.0,1
8053,5.0,1
8056,5.0,2
8057,5.0,1
8058,4.0,1
8059,5.0,1
8063,4.0,1
8068,4.5,2
8072,4.0,1
8082,4.0,1
8085,5.0,1
8086,5.0,1
8088,4.0,1
8092,4.0,2
8098,4.666666666666667,3
8101,5.0,1
8103,4.0,2
8104,4.0,1
8115,5.0,1
8120,5.0,1
8122,4.5,2
8123,3.0,1
8124,4.0,1
8125,5.0,1
8129,5.0,1
8130,1.0,1
8131,5.0,1
8133,4.333333333333333,3
8134,5.0,1
8136,5.0,1
8142,5.0,1
8143,5.0,1
8147,5.0,4
8149,4.5,2
8154,5.0,1
8156,2.0,1
8160,5.0,1
8163,3.5,2
8165,5.0,3
8166,5.0,1
8167,4.0,1
8171,1.0,1
8181,4.0,1
8186,3.7142857142857144,7
8192,4.625,8
8195,3.0,1
8196,5.0,1
8197,5.0,1
8201,5.0,1
8202,5.0,2
8203,5.0,2
8209,4.0,1
8210,4.0,1
8212,3.0,1
8214,5.0,1
8225,5.0,2
8228,3.0,1
8231,4.0,1
8232,5.0,1
8236,4.0,1
8248,4.0,2
8250,5.0,1
8251,4.5,2
8254,5.0,1
8262,4.0,1
8263,4.666666666666667,3
8268,5.0,3
8269,5.0,1
8270,5.0,2
8274,5.0,1
8284,3.4,5
8286,5.0,1
8289,5.0,4
8291,5.0,1
8302,3.6666666666666665,3
8305,5.0,1
8307,4.0,3
8313,5.0,1
8315,3.0,1
8319,3.75,4
8321,5.0,1
8327,5.0,1
8332,5.0,1
8333,4.0,2
8334,5.0,1
8335,4.0,3
8336,3.8333333333333335,6
8339,5.0,2
8345,5.0,1
8351,5.0,1
8352,5.0,1
8357,4.181818181818182,11
8358,4.5,2
8367,3.6666666666666665,3
8370,4.0,1
8376,5.0,1
8377,5.0,1
8380,3.0,1
8385,4.666666666666667,3
8387,5.0,1
8397,3.0,1
8399,5.0,2
8403,4.0,1
8405,4.0,2
8409,1.0,1
8418,4.0,1
8419,5.0,1
8422,5.0,1
8425,5.0,2
8429,3.6666666666666665,3
8442,4.0,1
8443,5.0,1
8451,5.0,1
8453,3.0,1
8454,4.0,2
8457,4.0,2
8461,3.6666666666666665,3
8465,4.0,1
8469,4.0,2
8472,5.0,1
8481,5.0,1
8496,5.0,1
8498,4.0,1
8499,5.0,2
8501,5.0,1
8505,4.0,1
8509,3.0,1
8510,4.5,2
8512,3.0,1
8514,5.0,1
8516,5.0,2
8522,5.0,2
8540,5.0,1
8542,3.0,1
8546,5.0,1
8548,5.0,1
8549,5.0,2
8552,5.0,1
8553,4.0,2
8554,4.0,1
8555,5.0,1
8560,5.0,1
8564,5.0,1
8565,5.0,1
8567,5.0,1
8568,4.0,1
8573,3.0,6
8578,4.666666666666667,3
8582,5.0,1
8586,4.0,1
8587,3.0,1
8588,4.666666666666667,3
8590,1.0,1
8597,2.0,2
8601,2.0,1
8606,3.0,1
8615,4.0,1
8617,4.0,1
8618,5.0,1
8622,4.0,2
8623,4.0,1
8624,4.0,1
8629,4.5,2
8632,5.0,1
8633,5.0,1
8638,5.0,1
8640,2.0,1
8641,3.5,2
8645,2.0,2
8646,4.0,1
8648,4.5,2
8649,5.0,1
8650,4.5,4
8651,4.5,2
8652,4.0,1
8655,4.0,1
8656,4.0,1
8657,4.5,2
8658,5.0,1
8667,5.0,1
8669,4.0,1
8670,4.0,2
8677,5.0,3
8680,4.333333333333333,3
8682,5.0,1
8686,3.0,1
8688,5.0,1
8691,4.0,1
8692,3.0,1
8694,5.0,2
8717,5.0,1
8718,4.5,2
8724,4.0,1
8726,5.0,1
8727,5.0,1
8730,4.0,1
8733,3.75,4
8738,4.2,5
8742,5.0,1
8755,4.333333333333333,3
8758,5.0,1
8759,4.0,2
8761,4.0,3
8765,4.0,1
8766,2.5,2
8769,5.0,1
8772,3.0,2
8773,4.0,4
8779,4.5,2
8780,3.0,1
8781,1.0,1
8782,1.0,1
8783,3.6666666666666665,3
8786,5.0,1
8794,4.0,1
8797,5.0,2
8799,5.0,1
8801,2.5,2
8802,4.5,4
8804,4.0,1
8805,3.5,2
8806,5.0,1
8808,5.0,1
8811,4.0,1
8812,4.0,2
8813,5.0,1
8814,3.0,2
8815,4.5,2
8820,4.0,1
8821,3.3333333333333335,3
8823,4.8,5
8829,5.0,1
8830,4.0,1
8831,5.0,1
8835,4.5,6
8841,3.6,5
8845,5.0,1
8846,3.0,1
8848,4.454545454545454,11
8851,5.0,1
8852,4.5,2
8856,4.0,1
8857,4.666666666666667,6
8859,5.0,1
8860,2.0,1
8864,4.0,1
8867,5.0,1
8868,4.666666666666667,3
8870,5.0,2
8871,5.0,1
8879,3.6666666666666665,3
8881,5.0,1
8882,5.0,1
8891,5.0,1
8902,3.0,1
8903,4.0,3
8908,4.0,1
8911,3.0,1
8916,5.0,2
8927,5.0,1
8929,5.0,1
8930,4.25,8
8931,4.6,5
8933,5.0,1
8936,5.0,1
8940,5.0,1
8941,3.6666666666666665,3
8942,4.0,1
8943,5.0,1
8944,5.0,1
8945,4.0,1
8950,5.0,1
8953,4.0,1
8956,5.0,1
8957,4.0,1
8958,5.0,2
8960,5.0,1
8963,3.0,1
8964,4.363636363636363,11
8965,1.0,1
8966,5.0,1
8975,5.0,1
8977,4.5,2
8979,4.0,1
8982,5.0,2
8985,4.0,2
8998,4.6,5
8999,4.333333333333333,3
9004,3.0,1
9005,5.0,1
9006,4.0,1
9008,5.0,1
9012,3.0,1
9014,5.0,1
9015,5.0,2
9016,3.5,2
9017,4.0,1
9019,4.0,1
9021,3.0,1
9022,5.0,1
9027,4.0,1
9030,5.0,1
9033,3.0,1
9038,4.0,1
9053,3.0,1
9056,4.0,1
9057,5.0,1
9060,5.0,1
9062,2.0,1
9063,4.0,1
9065,4.0,1
9067,5.0,1
9073,5.0,1
9074,2.0,1
9075,4.4,5
9076,3.0,1
9078,5.0,1
9079,3.0,1
9081,3.0,1
9090,4.0,1
9094,5.0,2
9096,5.0,2
9098,5.0,2
9102,5.0,2
9103,3.0,2
9107,5.0,1
9108,4.0,1
9109,5.0,1
9111,3.0,1
9115,5.0,1
9117,3.5,2
9119,1.0,1
9127,2.0,1
9129,4.0,1
9134,4.0,1
9142,4.0,2
9147,5.0,1
9151,5.0,1
9153,4.5,2
9155,2.0,1
9159,3.0,1
9160,4.0,1
9161,5.0,2
9171,3.6666666666666665,3
9172,4.0,1
9173,4.0,1
9175,5.0,2
9179,5.0,1
9180,5.0,1
9186,5.0,1
9189,4.0,1
9191,5.0,2
9196,5.0,1
9198,4.0,2
9200,5.0,2
9203,5.0,1
9204,2.0,1
9205,4.0,2
9207,4.5,2
9213,3.75,4
9214,5.0,1
9219,5.0,1
9221,5.0,1
9223,5.0,1
9226,3.0,1
9227,5.0,1
9228,3.0,1
9229,3.0,2
9230,4.666666666666667,3
9233,4.0,1
9236,5.0,1
9238,5.0,1
9240,1.0,1
9241,5.0,1
9250,5.0,1
9252,3.0,1
9255,4.0,1
9259,4.5,2
9264,5.0,1
9271,5.0,1
9273,3.5,2
9277,3.0,1
9279,1.0,1
9281,4.0,1
9285,2.5,2
9288,5.0,1
9289,5.0,1
9291,5.0,1
9294,4.0,1
9295,5.0,1
9296,4.0,1
9299,5.0,1
9301,5.0,1
9302,4.0,1
9305,4.0,1
9307,5.0,1
9308,3.5,2
9309,4.0,2
9311,4.2,5
9317,5.0,1
9319,5.0,1
9322,5.0,1
9323,2.0,1
9324,5.0,1
9328,4.0,1
9329,5.0,2
9330,4.0,1
9332,5.0,1
9333,5.0,1
9334,4.0,1
9342,4.166666666666667,6
9343,5.0,2
9345,3.0,1
9358,5.0,1
9362,5.0,1
9363,5.0,1
9365,3.0,1
9371,4.0,1
9373,4.0,1
9374,5.0,1
9378,5.0,1
9383,3.0,1
9385,5.0,1
9393,5.0,1
9398,5.0,1
9400,4.0,1
9401,3.0,1
9403,5.0,2
9406,4.0,2
9409,3.6666666666666665,3
9411,5.0,2
9412,4.0,1
9414,2.0,1
9418,4.0,1
9425,3.0,2
9427,5.0,1
9428,3.0,1
9439,5.0,1
9445,4.0,3
9447,4.0,2
9450,4.0,3
9453,3.0,1
9454,4.5,2
9456,4.25,8
9458,4.0,1
9462,4.5,2
9465,4.0,2
9467,4.0,1
9475,4.5,2
9480,4.5,2
9482,5.0,1
9486,4.0,1
9493,5.0,1
9495,4.5,2
9497,3.0,1
9498,5.0,1
9499,5.0,1
9500,5.0,2
9505,4.0,1
9506,3.5714285714285716,7
9507,5.0,2
9509,4.5,2
9512,3.0,1
9516,5.0,2
9517,2.0,1
9518,5.0,2
9519,5.0,1
9522,5.0,1
9524,5.0,2
9532,4.5,2
9533,4.0,1
9542,2.0,1
9544,5.0,1
9546,4.0,1
9548,3.0,1
9552,3.6666666666666665,3
9554,4.0,2
9556,4.5,2
9561,5.0,1
9563,5.0,1
9564,4.0,1
9565,5.0,1
9568,4.0,3
9575,5.0,1
9577,3.0,2
9579,5.0,3
9580,5.0,1
9582,4.0,1
9583,4.0,1
9589,3.6666666666666665,3
9590,5.0,1
9595,4.0,1
9597,4.0,1
9613,5.0,1
9614,1.0,1
9618,5.0,2
9619,4.0,2
9620,4.0,2
9622,5.0,1
9624,5.0,1
9632,5.0,1
9635,5.0,3
9639,4.0,1
9641,5.0,1
9645,5.0,1
9650,3.0,1
9651,5.0,1
9652,5.0,1
9655,3.5,2
9658,5.0,1
9659,5.0,2
9660,3.5,2
9662,5.0,2
9663,4.0,2
9665,4.0,1
9666,4.0,1
9668,2.0,1
9669,4.0,5
9670,3.0,1
9672,5.0,1
9674,5.0,1
9677,5.0,1
9682,4.666666666666667,3
9688,3.0,1
9692,4.0,2
9693,3.0,1
9694,5.0,1
9695,5.0,2
9698,5.0,1
9701,5.0,1
9703,4.0,1
9704,5.0,1
9709,5.0,1
9711,5.0,1
9712,3.0,1
9713,4.0,1
9714,4.666666666666667,3
9721,5.0,1
9723,3.0,2
9725,4.0,1
9731,5.0,3
9733,5.0,1
9735,5.0,2
9736,5.0,4
9737,5.0,1
9738,5.0,1
9743,4.0,2
9747,5.0,1
9748,5.0,1
9749,5.0,1
9750,4.0,1
9751,4.0,2
9755,5.0,1
9756,3.0,1
9757,5.0,1
9760,5.0,1
9762,4.666666666666667,3
9764,4.0,2
9770,2.0,1
9771,4.5,2
9774,1.0,1
9781,5.0,1
9785,3.75,4
9789,3.0,1
9790,3.0,1
9791,1.0,1
9792,4.5,4
9795,4.0,1
9797,5.0,1
9798,5.0,1
9800,3.5,2
9802,3.0,2
9804,3.4,5
9807,5.0,1
9813,2.0,2
9814,5.0,3
9816,5.0,1
9817,4.2,5
9820,4.5,4
9821,5.0,1
9822,5.0,3
9828,4.0,1
9829,5.0,2
9831,5.0,1
9836,3.5,2
9838,4.0,1
9840,5.0,2
9846,5.0,1
9848,4.5,2
9849,5.0,2
9851,5.0,2
9852,5.0,4
9856,4.0,1
9858,1.0,1
9864,5.0,2
9872,4.666666666666667,3
9874,4.0,1
9878,3.75,4
9880,3.0,1
9883,4.0,1
9885,5.0,1
9889,3.0,1
9891,3.0,1
9894,4.0,1
9895,4.0,2
9899,5.0,1
9900,5.0,1
9912,5.0,3
9913,1.0,1
9920,5.0,1
9924,2.0,1
9925,4.0,3
9929,4.666666666666667,3
9932,4.0,2
9936,4.75,4
9940,4.428571428571429,7
9943,1.5,2
9947,5.0,1
9951,3.0,1
9954,5.0,2
9955,3.0,1
9956,4.666666666666667,3
9957,4.666666666666667,3
9961,1.0,1
9962,4.3,10
9965,5.0,1
9966,5.0,1
9968,5.0,1
9970,5.0,1
9975,5.0,2
9978,4.0,1
9979,4.0,1
9984,4.0,1
9987,4.0,1
9996,4.0,1
10000,5.0,1
10005,5.0,1
10007,5.0,1
10009,4.333333333333333,3
10014,5.0,1
10015,4.0,1
10018,3.3333333333333335,3
10020,4.5,2
10021,5.0,1
10029,4.0,1
10030,4.5,2
10031,4.0,1
10033,5.0,1
10039,3.0,1
10042,4.0,1
10043,4.0,1
10047,4.0,1
10048,4.0,1
10049,4.0,3
10050,5.0,1
10053,4.0,2
10058,5.0,1
10070,5.0,1
10072,4.0,1
10075,5.0,1
10076,4.5,2
10077,2.0,1
10079,4.0,2
10085,5.0,1
10092,3.0,1
10093,5.0,1
10101,4.0,1
10102,4.0,1
10103,3.75,4
10105,4.0,1
10106,5.0,1
10107,4.0,1
10108,3.75,4
10114,3.0,1
10115,4.0,2
10119,4.0,1
10121,4.5,2
10123,5.0,1
10125,3.5,2
10128,5.0,1
10131,5.0,1
10138,4.0,1
10139,4.0,1
10143,4.571428571428571,7
10145,4.0,1
10151,5.0,1
10152,2.0,1
10156,4.0,2
10158,5.0,1
10159,2.5,2
10165,3.5,2
10167,4.0,2
10169,5.0,1
10174,4.0,1
10180,4.0,1
10185,5.0,2
10187,5.0,1
10190,2.0,1
10192,1.0,1
10195,1.0,1
10197,5.0,1
10198,5.0,1
10199,4.6,5
10203,4.0,1
10204,3.0,1
10205,4.0,1
10210,4.0,1
10214,2.0,1
10216,4.0,1
10217,5.0,1
10219,5.0,1
10220,2.0,4
10224,4.0,1
10225,3.5555555555555554,9
10228,3.0,1
10230,5.0,4
10231,3.0,2
10233,4.5,4
10234,4.0,1
10235,5.0,1
10237,3.0,1
10242,4.0,2
10243,4.0,2
10244,4.5,4
10247,2.6666666666666665,3
10248,4.0,1
10249,4.5,2
10250,4.0,3
10252,4.0,1
10256,4.0,1
10257,3.5,2
10267,4.0,1
10268,4.5,2
10269,5.0,1
10271,5.0,1
10273,4.0,1
10275,5.0,1
10278,3.0,2
10284,4.0,1
10288,4.0,1
10289,4.333333333333333,3
10290,5.0,1
10291,3.0,1
10292,3.0,1
10296,5.0,1
10297,4.0,1
10298,5.0,1
10299,1.0,1
10301,3.0,2
10304,4.0,1
10305,3.5,8
10308,5.0,2
10311,3.8,5
10315,2.0,1
10318,3.0,1
10319,5.0,1
10321,3.0,2
10324,4.0,1
10326,5.0,2
10328,4.333333333333333,3
10330,3.0,1
10331,4.0,2
10334,3.0,2
10335,3.0,1
10336,5.0,1
10338,4.0,1
10343,5.0,2
10344,3.5,2
10345,4.0,1
10348,3.0,1
10352,5.0,2
10353,4.0,1
10357,4.0,1
10362,4.0,1
10363,5.0,1
10365,2.0,1
10366,4.0,1
10370,4.0,1
10371,3.0,1
10374,5.0,1
10375,4.0,2
10379,4.142857142857143,7
10383,5.0,1
10384,5.0,1
10385,4.666666666666667,3
10386,4.0,1
10388,5.0,1
10389,4.0,4
10391,5.0,1
10393,3.0,2
10394,2.0,1
10396,5.0,3
10398,4.5,2
10406,2.0,1
10410,4.333333333333333,3
10412,5.0,1
10414,4.0,3
10415,4.0,1
10416,5.0,1
10417,4.333333333333333,3
10419,4.0,1
10421,5.0,1
10422,4.0,1
10423,4.0,1
10425,4.0,1
10426,3.5,2
10428,5.0,1
10430,4.0,1
10431,3.0,1
10432,5.0,1
10434,3.0,1
10435,5.0,1
10438,5.0,1
10441,4.8,5
10443,3.0,1
10446,5.0,2
10447,4.0,2
10453,5.0,2
10456,5.0,2
10459,3.0,1
10460,1.0,1
10462,5.0,1
10469,5.0,1
10472,4.666666666666667,3
10481,4.0,1
10482,4.0,1
10483,4.0,1
10484,3.0,1
10498,5.0,1
10499,4.0,1
10500,4.0,1
10501,3.5,2
10504,5.0,1
10505,5.0,1
10511,3.0,1
10512,5.0,1
10517,4.0,2
10519,5.0,2
10521,4.0,1
10524,4.428571428571429,7
10526,5.0,1
10528,3.0,1
10530,5.0,1
10535,4.0,1
10540,3.0,1
10546,5.0,1
10548,5.0,1
10553,4.0,1
10554,1.0,2
10558,5.0,1
10563,5.0,3
10564,3.0,2
10569,3.0,3
10570,2.0,2
10571,4.0,1
10572,4.25,8
10573,4.0,2
10576,5.0,1
10577,4.0,2
10578,4.0,2
10580,5.0,1
10581,5.0,4
10583,3.0,2
10586,4.0,2
10589,3.6666666666666665,3
10595,5.0,1
10596,4.666666666666667,3
10600,5.0,1
10601,3.0,3
10602,5.0,1
10603,4.0,3
10606,3.5,4
10607,4.5,2
10610,4.0,1
10612,5.0,1
10618,4.0,1
10620,5.0,1
10622,5.0,1
10624,4.0,1
10627,1.0,1
10628,5.0,1
10631,5.0,1
10639,2.0,1
10641,4.4,5
10642,4.0,1
10644,3.5,4
10647,4.714285714285714,7
10648,3.0,1
10649,5.0,1
10652,3.0,2
10653,3.0,1
10654,4.166666666666667,6
10664,4.0,1
10667,4.0,2
10668,5.0,1
10673,4.5,2
10675,5.0,1
10678,5.0,1
10680,4.0,1
10687,5.0,2
10688,1.5,2
10689,5.0,1
10691,4.0,2
10692,3.0,2
10694,4.0,1
10702,4.5,2
10703,5.0,1
10708,4.0,1
10713,4.0,1
10714,4.2,5
10717,5.0,1
10719,4.0,1
10720,4.666666666666667,3
10722,5.0,1
10723,5.0,1
10724,3.5,2
10726,4.333333333333333,3
10727,5.0,1
10728,3.75,4
10732,4.0,1
10736,5.0,1
10737,3.0,1
10738,3.5,2
10741,1.5,2
10747,4.0,1
10751,4.0,2
10752,4.0,1
10754,5.0,1
10756,5.0,1
10764,4.0,1
10770,4.0,2
10771,3.111111111111111,9
10772,2.0,1
10774,3.0,1
10775,4.5,2
10776,3.5,2
10777,4.8,5
10785,3.0,1
10793,4.2,5
10794,4.5,2
10795,4.0,1
10797,4.0,1
10799,5.0,1
10801,4.0,2
10802,3.5,2
10805,2.0,1
10808,4.5,2
10809,3.0,2
10812,5.0,1
10816,4.333333333333333,6
10820,5.0,1
10821,5.0,1
10822,4.0,2
10823,4.0,2
10825,3.0,2
10827,5.0,1
10829,3.5,2
10835,3.0,1
10837,3.5,2
10838,4.666666666666667,3
10840,4.75,4
10841,5.0,1
10847,3.0,1
10848,5.0,1
10851,5.0,1
10852,5.0,1
10858,5.0,2
10863,2.0,1
10864,4.0,2
10865,3.5,2
10869,5.0,1
10870,5.0,1
10872,3.0,1
10873,3.5,2
10875,5.0,1
10883,4.0,3
10889,3.0,1
10890,5.0,1
10892,4.0,1
10895,3.0,1
10898,5.0,1
10901,4.0,1
10903,5.0,1
10905,4.333333333333333,3
10906,5.0,1
10908,5.0,2
10909,4.0,1
10910,5.0,1
10913,4.0,1
10914,5.0,1
10915,5.0,1
10917,5.0,1
10920,3.0,1
10922,5.0,1
10925,5.0,1
10930,3.0,1
10936,3.0,1
10944,3.0,1
10945,5.0,1
10946,4.0,1
10948,4.0,2
10949,4.0,1
10950,4.0,1
10951,4.0,2
10952,4.333333333333333,3
10953,4.0,1
10955,5.0,2
10956,5.0,1
10961,3.0,1
10962,3.75,4
10965,4.5,2
10966,4.0,1
10969,5.0,1
10973,3.5,2
10975,4.0,1
10976,5.0,1
10977,4.0,1
10978,5.0,1
10983,3.0,1
10985,4.0,1
10994,3.0,4
10996,4.0,4
10997,2.0,1
10998,4.0,1
10999,5.0,1
11001,3.0,1
11002,4.0,1
11003,5.0,1
11008,4.666666666666667,3
11011,5.0,1
11013,3.0,1
11015,4.0,1
11019,4.0,1
11032,3.5,2
11033,3.0,1
11036,3.0,1
11038,4.0,1
11039,5.0,1
11042,4.0,1
11051,1.0,1
11053,3.0,1
11054,4.0,2
11059,3.0,1
11064,5.0,1
11068,5.0,1
11070,4.25,4
11071,5.0,1
11075,5.0,2
11076,4.0,2
11078,5.0,1
11082,4.0,1
11084,5.0,2
11086,5.0,1
11087,4.0,1
11091,4.0,2
11093,3.0,1
11095,3.0,1
11096,5.0,1
11099,4.5,4
11100,4.0,1
11101,5.0,2
11103,5.0,1
11104,3.3333333333333335,3
11106,4.5,2
11108,1.0,1
11109,5.0,1
11110,4.0,1
11112,3.0,1
11114,5.0,1
11116,3.6666666666666665,3
11119,3.0,1
11122,4.0,1
11123,5.0,1
11124,4.5,2
11128,5.0,2
11130,2.0,1
11131,3.0,1
11132,4.5,4
11133,5.0,1
11134,4.0,2
11137,3.0,2
11138,3.2,5
11143,5.0,1
11144,5.0,1
11145,5.0,1
11147,4.0,1
11149,2.0,1
11161,4.0,1
11165,4.0,1
11167,4.0,1
11169,4.0,2
11172,5.0,1
11173,5.0,1
11174,4.0,3
11178,4.5,2
11180,5.0,1
11182,5.0,1
11185,3.0,1
11189,4.0,1
11190,5.0,1
11192,4.5,2
11193,4.0,6
11196,4.0,1
11198,4.0,1
11203,5.0,1
11206,5.0,1
11210,5.0,1
11212,5.0,2
11213,3.0,1
11214,4.5,2
11216,3.0,1
11217,3.5,2
11219,4.0,1
11225,5.0,1
11230,4.0,2
11231,5.0,1
11232,4.0,2
11234,5.0,1
11238,5.0,1
11242,4.5,2
11243,1.0,1
11247,4.0,1
11248,2.0,1
11249,4.0,1
11251,2.0,1
11255,5.0,2
11258,5.0,1
11260,2.0,2
11264,5.0,1
11265,5.0,1
11266,4.5,2
11267,3.6666666666666665,9
11274,5.0,1
11281,3.5,4
11282,5.0,1
11284,5.0,1
11289,5.0,1
11290,5.0,1
11292,4.0,1
11294,5.0,1
11295,5.0,2
11296,5.0,2
11297,5.0,1
11298,4.0,1
11302,5.0,2
11304,4.0,1
11305,3.0,1
11306,5.0,1
11307,4.5,4
11308,3.0,1
11313,5.0,1
11317,5.0,1
11318,3.0,1
11319,4.5,2
11325,5.0,1
11331,4.0,1
11332,4.0,1
11336,4.0,1
11348,5.0,1
11355,5.0,1
11358,5.0,1
11361,4.0,2
11363,5.0,1
11366,4.0,1
11370,5.0,1
11375,3.0,1
11377,4.5,2
11383,2.0,1
11384,5.0,1
11386,5.0,1
11388,5.0,1
11390,4.0,1
11393,4.0,1
11400,5.0,1
11403,5.0,1
11404,5.0,1
11405,4.0,1
11410,2.0,1
11418,4.5,2
11421,4.0,2
11424,5.0,1
11430,5.0,2
11431,3.0,1
11432,4.0,1
11433,4.0,1
11435,2.0,1
11436,2.0,1
11443,2.0,1
11447,5.0,2
11448,4.0,1
11449,3.0,1
11454,5.0,1
11455,2.0,1
11456,4.0,1
11457,5.0,1
11458,5.0,1
11460,5.0,1
11461,4.0,2
11462,2.0,1
11465,5.0,1
11470,5.0,1
11471,4.0,2
11474,3.5,2
11475,5.0,1
11478,5.0,1
11480,5.0,1
11481,5.0,1
11485,5.0,1
11487,5.0,1
11491,5.0,2
11494,5.0,1
11495,4.0,2
11496,5.0,1
11502,4.0,2
11509,5.0,1
11510,4.5,2
11514,5.0,1
11516,4.0,1
11518,4.0,1
11524,4.0,1
11527,3.0,2
11528,3.0,1
11532,3.0,2
11533,5.0,1
11534,5.0,4
11536,4.0,1
11540,4.0,1
11543,5.0,1
11548,4.166666666666667,6
11549,4.0,1
11551,5.0,1
11552,4.0,1
11553,5.0,1
11554,3.6666666666666665,3
11558,4.0,1
11563,4.0,2
11564,5.0,1
11567,5.0,2
11576,3.5,2
11579,4.0,1
11581,5.0,1
11583,5.0,1
11584,5.0,2
11585,4.0,1
11586,4.0,1
11591,3.75,4
11592,3.0,1
11594,4.0,2
11595,5.0,1
11596,4.666666666666667,3
11597,4.0,1
11602,4.0,1
11605,4.0,1
11608,3.0,1
11614,4.5,2
11616,4.0,2
11620,3.0,2
11622,4.0,1
11623,2.0,1
11624,3.0,1
11625,4.0,2
11626,5.0,2
11630,5.0,1
11631,5.0,1
11636,5.0,1
11641,3.5,2
11645,4.0,1
11646,5.0,1
11647,5.0,1
11651,4.0,1
11658,5.0,1
11659,4.0,2
11667,4.0,2
11672,3.0,1
11675,4.0,1
11676,4.0,1
11680,4.0,1
11683,5.0,1
11685,5.0,1
11686,5.0,1
11690,5.0,2
11694,5.0,1
11697,5.0,1
11698,4.0,2
11700,5.0,1
11701,5.0,1
11704,5.0,2
11705,3.0,1
11706,5.0,1
11709,4.0,1
11718,3.0,1
11721,4.0,1
11723,4.75,4
11725,5.0,1
11727,4.0,1
11729,3.0,1
11734,5.0,1
11736,4.0,1
11738,4.0,1
11739,5.0,1
11743,3.0,1
11745,4.0,2
11747,5.0,1
11748,4.333333333333333,3
11753,5.0,1
11754,3.0,1
11755,5.0,1
11756,3.0,1
11757,5.0,1
11758,5.0,1
11760,3.0,1
11761,3.0,1
11762,3.0,1
11763,5.0,2
11764,4.0,1
11765,4.0,1
11767,4.666666666666667,3
11768,5.0,1
11771,4.0,1
11776,5.0,1
11779,4.0,1
11780,4.0,1
11783,5.0,2
11786,5.0,1
11787,3.6666666666666665,3
11791,5.0,2
11793,4.0,1
11797,4.0,1
11805,3.0,1
11806,4.0,1
11808,4.666666666666667,3
11810,4.5,2
11812,4.333333333333333,3
11814,5.0,1
11817,3.0,1
11822,3.0,1
11823,1.0,1
11826,4.0,1
11829,3.0,1
11831,3.5,2
11833,2.8,5
11841,4.0,1
11843,3.0,2
11844,5.0,2
11851,2.0,2
11852,5.0,2
11854,4.0,1
11855,5.0,4
11856,4.0,2
11858,4.0,2
11859,5.0,1
11860,3.0,1
11862,3.0,1
11864,5.0,1
11865,4.5,2
11868,4.0,2
11869,5.0,1
11870,3.5,2
11874,5.0,1
11876,5.0,1
11878,5.0,1
11879,4.0,1
11881,3.0,1
11883,4.0,1
11885,4.0,1
11889,3.5,2
11891,5.0,1
11893,5.0,1
11895,4.0,1
11896,4.0,1
11897,2.0,2
11900,5.0,2
11905,3.0,2
11907,3.0,1
11912,3.5,2
11914,4.0,3
11921,4.0,1
11922,4.5,2
11924,3.0,1
11927,3.0,1
11933,5.0,1
11934,4.333333333333333,3
11938,4.0,1
11940,4.0,1
11942,5.0,1
11943,3.0,1
11946,5.0,2
11952,5.0,1
11953,5.0,1
11954,5.0,1
11957,3.0,1
11958,3.0,1
11959,5.0,2
11961,4.0,1
11962,2.0,2
11963,4.0,1
11966,5.0,1
11968,4.0,1
11971,4.0,1
11972,5.0,1
11975,4.0,1
11976,3.0,1
11978,3.2,5
11979,5.0,2
11981,4.0,1
11982,5.0,1
11986,5.0,1
11988,4.0,1
11989,5.0,1
11993,5.0,2
11995,5.0,1
11996,5.0,1
12000,4.0,1
12002,1.0,1
12003,4.0,1
12006,3.0,1
12010,4.0,1
12011,3.0,1
12012,4.0,2
12013,3.0,1
12015,2.0,1
12017,4.333333333333333,3
12019,5.0,1
12020,5.0,1
12022,1.0,1
12026,3.0,1
12028,5.0,2
12029,5.0,1
12031,4.0,1
12032,3.0,1
12033,3.0,1
12040,4.0,1
12043,5.0,2
12045,5.0,1
12050,3.0,1
12052,4.25,8
12057,5.0,1
12063,4.0,2
12064,4.0,1
12065,1.0,1
12067,4.0,5
12071,5.0,1
12072,3.0,1
12073,3.5,2
12079,5.0,1
12086,3.0,1
12087,5.0,1
12090,5.0,1
12094,3.0,1
12097,4.0,1
12099,4.0,1
12101,4.5,2
12102,4.4,5
12105,5.0,1
12108,2.6666666666666665,3
12109,4.333333333333333,3
12111,4.0,2
12112,4.142857142857143,7
12114,4.0,1
12121,5.0,2
12123,5.0,1
12124,5.0,1
12126,4.0,2
12132,5.0,1
12137,4.0,1
12138,3.0,1
12139,3.0,3
12141,4.5,2
12142,5.0,1
12145,2.0,1
12152,5.0,1
12153,5.0,2
12156,3.5,2
12161,4.0,1
12164,3.5,2
12167,5.0,1
12170,5.0,2
12171,4.0,1
12183,5.0,1
12187,3.0,2
12190,5.0,1
12192,3.0,1
12193,4.0,1
12195,5.0,1
12197,5.0,1
12204,5.0,1
12205,1.0,1
12207,4.0,1
12209,5.0,1
12210,5.0,1
12212,4.0,2
12213,3.0,1
12216,3.0,1
12217,4.0,2
12218,5.0,1
12219,4.0,1
12220,5.0,2
12221,5.0,1
12226,5.0,1
12228,4.0,1
12230,5.0,1
12232,4.0,1
12233,5.0,1
12234,3.8,5
12235,5.0,1
12236,3.0,1
12238,3.5,2
12241,5.0,1
12242,5.0,1
12243,5.0,1
12246,4.0,7
12247,5.0,1
12250,5.0,2
12251,4.0,1
12256,4.0,1
12258,5.0,1
12259,5.0,1
12260,4.0,1
12262,5.0,1
12263,5.0,2
12264,5.0,1
12266,5.0,1
12267,5.0,2
12269,5.0,2
12270,4.0,4
12273,4.5,4
12275,5.0,1
12284,5.0,2
12286,5.0,1
12288,4.0,1
12293,3.0,1
12294,4.0,2
12295,3.0,1
12296,4.5,4
12300,4.0,1
12302,5.0,1
12307,3.6666666666666665,3
12309,4.0,1
12311,4.0,1
12312,5.0,1
12317,5.0,1
12320,5.0,1
12322,5.0,1
12324,5.0,1
12325,4.0,1
12328,1.0,2
12329,4.5,2
12333,4.0,1
12334,4.0,2
12337,4.0,2
12339,5.0,1
12340,3.6666666666666665,3
12341,5.0,1
12343,4.333333333333333,3
12347,5.0,1
12349,4.0,1
12350,3.0,2
12351,4.0,1
12352,4.0,1
12353,4.0,2
12355,4.0,1
12361,4.0,1
12362,5.0,1
12367,4.25,4
12369,5.0,1
12373,4.5,2
12375,4.25,4
12378,4.5,2
12386,5.0,1
12394,4.0,3
12396,4.0,1
12399,5.0,2
12401,4.0,2
12403,4.0,1
12404,3.0,1
12405,5.0,1
12407,1.0,2
12408,4.0,1
12410,4.0,1
12412,4.0,1
12413,5.0,2
12414,4.888888888888889,9
12418,3.0,1
12419,5.0,1
12422,4.333333333333333,3
12425,4.0,2
12427,2.0,1
12429,3.0,1
12430,5.0,1
12433,4.0,1
12436,5.0,1
12437,5.0,2
12440,5.0,1
12441,4.0,1
12444,5.0,2
12446,5.0,1
12447,4.0,1
12448,3.3333333333333335,3
12455,4.0,1
12457,4.0,1
12460,5.0,1
12461,3.0,1
12467,4.0,1
12472,4.0,2
12473,5.0,1
12476,3.0,1
12482,5.0,1
12483,4.0,1
12493,4.0,1
12496,5.0,1
12499,2.0,2
12500,5.0,1
12501,4.0,1
12502,4.0,1
12506,4.0,1
12510,2.0,1
12514,4.5,6
12517,5.0,1
12518,4.0,1
12519,5.0,1
12524,4.0,1
12526,2.0,1
12527,5.0,1
12528,4.0,1
12529,4.0,1
12532,5.0,1
12533,4.5,2
12534,3.3333333333333335,3
12535,3.0,1
12539,1.0,1
12545,3.3333333333333335,3
12549,4.0,1
12550,4.0,2
12558,5.0,1
12560,4.0,1
12573,5.0,1
12575,5.0,3
12578,5.0,1
12579,3.0,1
12580,5.0,1
12581,5.0,2
12583,5.0,1
12586,5.0,1
12587,5.0,1
12590,5.0,1
12596,3.0,1
12601,2.0,1
12603,5.0,1
12605,5.0,1
12607,5.0,1
12608,4.0,2
12610,4.666666666666667,3
12618,5.0,1
12625,5.0,2
12629,5.0,1
12630,4.0,1
12631,3.0,1
12632,3.0,4
12633,3.0,1
12634,5.0,1
12636,5.0,1
12637,4.0,1
12638,5.0,1
12639,3.6666666666666665,3
12640,3.6666666666666665,3
12643,1.0,1
12644,5.0,1
12654,5.0,1
12655,3.6666666666666665,3
12656,2.5,6
12657,5.0,1
12658,4.5,2
12659,5.0,1
12660,5.0,1
12665,5.0,1
12667,5.0,1
12668,1.0,2
12669,5.0,1
12670,4.0,1
12672,3.0,1
12673,4.0,1
12674,3.0,1
12681,5.0,1
12684,5.0,1
12686,4.0,3
12692,4.0,1
12694,5.0,1
12702,4.0,1
12704,3.5,2
12707,3.0,1
12709,4.0,1
12710,4.5,2
12712,3.0,1
12713,3.0,1
12721,5.0,1
12722,3.0,1
12723,4.6,5
12728,4.0,1
12729,4.5,2
12741,5.0,1
12742,3.5,4
12744,5.0,1
12745,5.0,1
12748,3.0,1
12749,5.0,1
12751,4.0,1
12752,4.5,2
12754,3.5,2
12757,4.0,1
12758,5.0,3
12759,3.0,2
12766,3.0,1
12768,5.0,1
12769,1.0,1
12771,4.0,1
12773,3.5,2
12774,3.5,2
12775,5.0,1
12776,5.0,2
12780,5.0,1
12782,5.0,2
12783,4.0,2
12788,4.0,1
12790,5.0,1
12791,5.0,1
12792,5.0,1
12793,4.0,1
12799,4.0,1
12803,3.0,2
12804,4.0,1
12805,4.333333333333333,3
12808,5.0,1
12809,5.0,1
12813,4.0,1
12814,5.0,3
12820,4.0,1
12824,4.0,1
12830,3.0,1
12835,5.0,1
12837,4.5,2
12842,5.0,1
12843,4.0,1
12844,4.0,1
12845,3.3333333333333335,3
12846,5.0,1
12847,5.0,2
12848,2.0,1
12850,3.0,1
12851,4.0,1
12855,5.0,1
12856,5.0,1
12861,5.0,2
12862,4.0,1
12863,2.0,1
12865,5.0,1
12869,4.0,2
12870,4.0,2
12883,5.0,1
12884,4.0,1
12892,5.0,1
12893,2.0,1
12894,5.0,1
12901,4.0,1
12902,4.0,1
12903,4.0,1
12907,5.0,1
12909,4.0,1
12911,5.0,1
12913,5.0,1
12919,5.0,1
12924,4.714285714285714,7
12925,4.571428571428571,7
12929,5.0,1
12931,4.0,3
12933,4.0,1
12934,3.5,2
12936,5.0,1
12942,5.0,1
12949,4.0,1
12951,4.666666666666667,3
12952,4.0,1
12957,3.0,2
12960,4.333333333333333,3
12962,3.3333333333333335,3
12964,1.0,1
12965,5.0,1
12966,4.5,2
12967,5.0,2
12968,4.5,4
12970,4.0,2
12972,4.0,1
12973,5.0,1
12975,4.0,1
12976,4.0,1
12979,5.0,1
12982,4.0,3
12984,5.0,1
12987,5.0,1
12989,3.0,2
12997,4.0,7
12998,5.0,1
12999,5.0,1
13001,5.0,1
13006,4.0,1
13014,5.0,1
13016,4.333333333333333,3
13017,4.0,1
13018,2.0,1
13021,4.0,1
13022,3.0,1
13027,4.0,1
13028,5.0,1
13029,5.0,1
13033,4.0,3
13036,5.0,1
13038,4.0,1
13042,3.0,1
13043,3.5,2
13044,4.333333333333333,3
13045,4.0,7
13046,3.0,1
13051,4.0,1
13052,5.0,2
13056,4.0,1
13057,5.0,1
13058,4.0,1
13059,5.0,1
13060,4.0,1
13061,4.0,1
13070,4.0,1
13073,4.5,2
13074,5.0,1
13076,1.0,1
13079,4.0,2
13080,4.0,2
13081,5.0,1
13084,4.0,1
13085,3.0,1
13087,4.0,1
13088,5.0,1
13090,3.3333333333333335,3
13093,5.0,1
13098,5.0,1
13099,4.0,2
13100,4.0,1
13101,5.0,1
13102,5.0,1
13108,5.0,1
13114,3.0,1
13116,3.3333333333333335,3
13117,1.0,1
13118,5.0,1
13119,4.0,4
13120,2.875,8
13122,3.0,1
13123,5.0,1
13126,5.0,1
13127,4.0,1
13128,5.0,1
13130,3.0,1
13132,4.0,1
13133,4.0,1
13137,4.0,1
13141,5.0,1
13144,5.0,1
13146,5.0,1
13149,5.0,1
13151,4.5,2
13152,4.0,1
13155,3.6666666666666665,3
13158,5.0,1
13160,3.0,1
13161,4.5,2
13163,4.0,1
13164,2.0,1
13166,5.0,1
13168,5.0,1
13171,5.0,1
13179,4.0,1
13181,5.0,2
13183,4.8,5
13185,3.5,2
13191,4.0,2
13196,5.0,2
13197,4.0,2
13199,4.0,1
13201,5.0,1
13202,5.0,1
13210,4.0,4
13211,4.0,1
13214,2.0,1
13215,5.0,1
13216,5.0,2
13218,3.0,1
13219,4.0,3
13225,5.0,1
13226,4.0,1
13227,4.0,1
13228,3.0,1
13231,5.0,1
13232,5.0,1
13235,5.0,2
13239,3.75,4
13240,5.0,1
13241,5.0,3
13244,4.5,2
13246,4.0,1
13248,3.0,3
13249,5.0,5
13252,4.0,3
13253,5.0,1
13257,5.0,1
13258,4.0,1
13259,4.666666666666667,3
13261,3.0,2
13262,3.0,1
13264,4.0,2
13266,4.0,2
13268,4.0,1
13271,4.666666666666667,3
13272,4.0,1
13273,5.0,1
13274,5.0,1
13278,3.0,1
13279,4.666666666666667,3
13281,5.0,2
13288,4.0,2
13289,5.0,1
13291,5.0,1
13292,4.0,1
13293,4.0,1
13299,4.0,1
13300,4.0,1
13306,4.4,5
13307,4.0,1
13308,2.0,1
13309,5.0,3
13311,4.0,1
13314,4.25,4
13316,4.0,1
13317,5.0,2
13321,4.0,1
13324,5.0,2
13325,5.0,1
13326,4.0,1
13327,4.0,2
13328,4.5,2
13330,5.0,1
13334,3.5,2
13335,2.0,1
13342,5.0,1
13344,5.0,1
13345,5.0,1
13348,4.25,4
13349,4.0,2
13354,4.0,1
13356,5.0,1
13359,5.0,1
13367,1.0,1
13368,4.0,1
13369,3.5,2
13371,5.0,1
13373,2.0,1
13377,5.0,1
13378,4.0,1
13379,3.6666666666666665,3
13380,4.0,1
13381,4.0,1
13386,5.0,1
13387,5.0,1
13388,2.0,1
13389,3.5,2
13390,5.0,1
13391,4.0,1
13392,4.0,2
13397,5.0,1
13398,4.0,1
13402,4.5,2
13403,5.0,2
13405,5.0,1
13409,4.0,1
13414,4.0,1
13415,4.0,2
13420,5.0,1
13424,4.0,3
13425,5.0,1
13426,5.0,1
13431,4.166666666666667,6
13433,4.5,2
13436,5.0,1
13437,4.0,1
13442,5.0,1
13448,2.0,1
13453,4.0,2
13454,2.5,2
13457,5.0,1
13458,5.0,1
13459,5.0,2
13461,1.0,1
13462,5.0,1
13463,4.0,1
13467,5.0,1
13468,4.0,1
13469,5.0,1
13475,3.0,1
13478,4.0,1
13485,5.0,1
13486,4.0,1
13487,5.0,1
13488,4.5,2
13491,5.0,1
13494,4.0,2
13500,5.0,1
13501,3.0,1
13504,4.666666666666667,3
13509,5.0,1
13510,5.0,1
13517,5.0,1
13519,2.6666666666666665,3
13520,4.0,1
13527,4.75,4
13528,3.0,1
13529,3.0,1
13530,3.0,2
13536,2.0,1
13538,5.0,1
13539,4.0,1
13540,4.0,1
13544,5.0,1
13548,3.0,1
13556,4.5,2
13558,5.0,1
13559,5.0,1
13562,4.0,1
13567,5.0,1
13569,5.0,1
13570,4.0,2
13573,4.0,1
13578,5.0,1
13579,5.0,1
13583,4.666666666666667,3
13584,1.6666666666666667,3
13586,4.0,1
13587,4.0,1
13590,3.5,2
13591,4.0,1
13592,3.5,2
13594,5.0,2
13596,5.0,1
13598,5.0,1
13599,4.0,1
13607,5.0,1
13608,5.0,1
13614,2.5,2
13615,5.0,1
13616,5.0,1
13621,5.0,1
13623,4.666666666666667,3
13632,1.0,1
13636,4.4,5
13640,5.0,2
13646,3.0,1
13653,3.5,2
13654,4.0,1
13656,5.0,1
13660,5.0,2
13666,4.0,1
13668,5.0,1
13670,5.0,1
13673,4.0,1
13677,4.666666666666667,3
13678,5.0,1
13681,3.0,1
13683,4.0,1
13686,3.0,2
13688,1.0,1
13689,4.0,1
13693,3.5,2
13695,2.3333333333333335,3
13698,3.8,5
13699,4.0,4
13700,4.0,1
13704,3.0,1
13706,4.5,2
13707,4.0,1
13708,4.0,2
13711,4.333333333333333,9
13712,5.0,1
13715,4.0,1
13719,4.0,1
13720,5.0,1
13724,4.0,1
13725,4.0,2
13726,4.333333333333333,3
13727,4.0,1
13731,4.5,4
13732,4.2,5
13734,4.833333333333333,6
13735,5.0,1
13736,4.0,1
13737,3.6666666666666665,6
13738,4.0,1
13739,5.0,2
13740,5.0,1
13743,4.5,2
13748,4.0,1
13754,4.0588235294117645,17
13755,4.0,4
13756,4.5,2
13757,3.0,1
13758,4.5,2
13759,4.0,1
13760,5.0,2
13761,4.25,4
13763,5.0,1
13764,5.0,1
13766,4.6,5
13767,4.0,2
13773,4.5,2
13774,3.3,10
13781,3.2666666666666666,15
13782,4.0,2
13785,4.833333333333333,6
13786,3.0,1
13787,5.0,1
13789,5.0,1
13790,4.0,4
13791,5.0,1
13793,3.0,1
13807,5.0,2
13808,4.0,1
13813,4.0,1
13815,4.5,2
13816,5.0,1
13817,3.0,1
13818,4.0,1
13820,4.0,1
13821,5.0,1
13823,4.0,1
13830,3.0,1
13832,2.0,1
13835,4.0,1
13836,3.2,5
13838,3.0,1
13840,5.0,1
13841,4.333333333333333,3
13842,5.0,1
13844,3.0,1
13847,5.0,1
13848,5.0,1
13849,4.0,1
13855,2.3333333333333335,3
13858,4.5,6
13861,4.0,1
13862,4.0,1
13864,4.0,4
13865,3.4,5
13866,5.0,1
13867,3.0,1
13868,5.0,1
13869,5.0,1
13870,4.0,2
13873,4.0,2
13875,4.666666666666667,3
13876,3.5,2
13877,3.0,2
13878,5.0,1
13879,5.0,1
13887,4.5,2
13888,4.0,2
13889,4.0,1
13892,4.0,1
13894,5.0,2
13897,5.0,1
13901,4.0,1
13903,5.0,1
13908,5.0,1
13909,5.0,1
13911,5.0,1
13915,5.0,1
13918,4.0,1
13920,2.0,1
13924,5.0,1
13925,4.0,2
13930,5.0,1
13931,1.0,1
13932,5.0,2
13936,4.0,1
13937,5.0,3
13943,4.0,1
13948,4.0,1
13949,4.6,5
13951,5.0,1
13953,5.0,1
13954,3.0,3
13956,3.3333333333333335,3
13962,5.0,1
13964,5.0,1
13965,3.0,1
13967,4.5,2
13971,4.5,2
13972,3.0,1
13974,5.0,1
13982,4.5,2
13983,5.0,1
13986,3.0,2
13989,5.0,3
13993,4.5,4
13995,4.666666666666667,3
13998,4.5,2
14013,5.0,1
14014,4.0,2
14020,3.5,4
14025,5.0,1
14026,5.0,1
14027,4.0,1
14032,4.0,1
14033,5.0,2
14034,5.0,1
14035,4.0,1
14036,4.0,1
14037,5.0,2
14039,4.5,2
14041,4.0,1
14042,5.0,1
14049,3.0,1
14051,2.0,1
14052,5.0,2
14054,2.0,1
14055,5.0,1
14058,4.5,2
14063,4.0,2
14071,5.0,1
14073,5.0,1
14079,5.0,2
14080,3.0,1
14088,3.5,4
14093,5.0,1
14099,5.0,1
14100,5.0,1
14101,4.0,1
14106,4.0,2
14107,3.0,1
14108,5.0,1
14109,5.0,2
14123,5.0,2
14126,3.0,5
14132,5.0,2
14133,5.0,1
14135,3.0,1
14137,3.6,5
14138,5.0,2
14141,5.0,1
14143,4.0,1
14150,3.0,2
14152,5.0,1
14153,4.5,2
14156,5.0,1
14157,4.0,1
14158,5.0,1
14160,5.0,1
14161,5.0,1
14163,4.0,1
14166,5.0,1
14169,4.0,1
14170,5.0,1
14176,4.666666666666667,3
14177,5.0,1
14180,5.0,1
14182,5.0,1
14183,5.0,1
14186,4.0,1
14188,3.5,2
14190,4.0,2
14192,2.0,1
14193,5.0,1
14195,5.0,1
14196,5.0,1
14199,3.0,1
14200,5.0,1
14202,4.0,3
14212,5.0,1
14213,3.0,1
14218,4.0,1
14219,5.0,1
14220,3.5,2
14221,4.0,1
14222,5.0,1
14226,4.0,2
14227,5.0,1
14233,5.0,1
14238,1.0,1
14239,5.0,1
14240,5.0,1
14244,5.0,1
14248,4.333333333333333,3
14249,4.0,2
14250,5.0,1
14251,5.0,3
14255,4.0,2
14258,5.0,1
14260,4.0,3
14263,5.0,2
14266,5.0,2
14267,5.0,1
14268,4.666666666666667,3
14275,4.0,1
14276,5.0,1
14279,5.0,1
14282,4.5,4
14287,3.0,1
14289,1.0,1
14291,4.5,2
14298,3.0,1
14299,5.0,1
14303,3.0,3
14304,4.0,3
14307,4.0,1
14309,5.0,1
14310,4.0,2
14311,5.0,1
14312,5.0,1
14313,4.0,1
14315,3.0,2
14317,5.0,1
14322,4.0,1
14323,2.0,1
14325,4.0,3
14326,4.0,1
14327,5.0,1
14328,4.0,1
14333,5.0,1
14334,4.0,3
14335,1.0,1
14339,4.0,1
14340,2.5,2
14341,4.0,2
14345,5.0,3
14346,3.8,5
14347,5.0,5
14350,4.5,2
14351,3.0,1
14353,3.3333333333333335,3
14354,5.0,1
14365,5.0,1
14367,3.0,1
14370,4.0,2
14372,5.0,1
14375,3.0,1
14379,4.5,2
14380,4.0,1
14383,5.0,1
14386,4.0,1
14388,2.0,1
14389,4.0,1
14392,2.0,1
14393,5.0,1
14395,5.0,1
14396,3.0,1
14397,4.0,1
14404,5.0,2
14405,5.0,1
14406,5.0,1
14407,5.0,1
14409,5.0,1
14414,4.0,1
14417,4.0,1
14419,5.0,1
14422,5.0,1
14431,5.0,5
14433,5.0,1
14434,4.0,1
14437,5.0,3
14438,4.0,2
14440,4.0,2
14444,4.0,1
14447,5.0,1
14449,5.0,1
14451,4.285714285714286,7
14453,4.166666666666667,6
14454,5.0,1
14455,3.5,2
14456,5.0,1
14457,5.0,4
14459,5.0,1
14461,4.0,1
14466,5.0,1
14467,4.0,1
14468,5.0,1
14472,5.0,1
14475,5.0,1
14477,3.6666666666666665,3
14480,3.0,1
14481,5.0,1
14483,3.0,1
14486,4.0,4
14489,2.0,1
14491,4.0,1
14493,3.3333333333333335,3
14494,4.0,1
14499,4.5,2
14502,4.0,4
14504,4.4,5
14515,4.0,1
14518,4.0,1
14524,4.666666666666667,3
14528,3.5,2
14529,4.0,1
14531,3.0,2
14532,4.0,1
14533,3.0,1
14535,5.0,2
14540,4.0,1
14541,3.0,1
14544,4.0,1
14549,2.0,1
14559,3.3333333333333335,3
14560,4.8,5
14561,3.5,2
14563,4.0,1
14567,4.0,1
14568,3.0,1
14569,1.0,1
14570,4.0,1
14571,5.0,1
14572,4.0,1
14575,3.0,1
14576,4.0,1
14581,5.0,1
14585,5.0,1
14587,4.5,2
14588,5.0,1
14589,5.0,1
14590,4.0,1
14595,4.0,1
14599,5.0,1
14600,3.0,1
14605,4.0,1
14614,5.0,1
14615,2.5,2
14616,4.0,1
14618,5.0,1
14620,4.0,1
14623,3.0,1
14626,4.5,2
14627,2.0,1
14630,3.6666666666666665,3
14632,5.0,2
14633,4.0,2
14635,5.0,1
14636,4.0,1
14637,5.0,1
14640,5.0,1
14641,3.0,2
14642,5.0,1
14644,5.0,1
14646,4.0,2
14649,3.0,1
14650,4.0,1
14656,3.0,1
14657,5.0,1
14660,5.0,1
14664,4.0,1
14665,5.0,1
14671,5.0,1
14676,5.0,4
14677,5.0,1
14678,5.0,1
14679,4.0,1
14680,4.0,1
14681,2.0,1
14682,5.0,2
14684,4.0,1
14685,5.0,1
14686,5.0,2
14689,5.0,2
14691,2.0,1
14694,3.6666666666666665,3
14695,4.75,4
14698,4.0,1
14701,4.666666666666667,3
14703,4.5,4
14705,5.0,1
14707,5.0,3
14708,1.0,1
14709,4.0,3
14710,3.5,2
14713,5.0,2
14716,4.0,1
14718,3.0,1
14721,5.0,1
14722,5.0,1
14727,4.0,1
14728,4.0,1
14730,4.75,4
14732,3.0,1
14734,3.0,1
14735,2.0,1
14743,1.0,1
14747,5.0,1
14749,4.5,2
14753,5.0,1
14755,3.6666666666666665,3
14756,5.0,1
14757,4.0,1
14758,5.0,1
14760,4.0,1
14765,4.0,1
14770,5.0,1
14775,5.0,2
14781,4.0,1
14783,5.0,1
14790,5.0,1
14791,5.0,1
14793,5.0,1
14797,4.0,2
14798,4.571428571428571,7
14800,5.0,1
14801,4.75,4
14803,4.0,2
14806,4.5,2
14810,5.0,1
14813,5.0,1
14816,5.0,1
14818,3.3333333333333335,6
14819,4.0,2
14826,3.0,1
14827,4.0,2
14833,5.0,2
14834,5.0,1
14836,4.0,2
14843,3.0,1
14845,5.0,1
14846,4.5,4
14848,5.0,1
14851,4.0,2
14856,5.0,1
14868,4.0,2
14875,4.428571428571429,7
14879,5.0,1
14889,4.0,1
14891,5.0,2
14892,3.0,1
14897,5.0,1
14898,4.0,1
14899,2.0,2
14900,5.0,1
14902,5.0,1
14903,3.6,5
14904,3.0,1
14908,4.0,1
14909,3.3333333333333335,3
14910,5.0,1
14912,4.75,4
14914,2.0,2
14915,4.0,3
14916,3.0,1
14917,4.0,1
14919,4.0,1
14921,5.0,1
14922,5.0,1
14924,5.0,1
14926,5.0,1
14928,4.0,1
14929,3.0,1
14935,3.0,1
14936,5.0,1
14937,5.0,1
14939,4.0,1
14940,4.0,1
14942,3.5,2
14943,4.0,1
14946,5.0,1
14947,4.0,1
14950,4.0,1
14952,5.0,1
14953,4.0,1
14954,5.0,1
14956,3.0,1
14960,5.0,1
14966,4.0,1
14968,5.0,1
14969,4.0,1
14972,5.0,1
14973,5.0,2
14976,4.0,1
14980,5.0,1
14982,5.0,1
14983,5.0,1
14985,3.0,1
14986,4.0,1
14987,4.0,2
14988,5.0,1
14991,2.0,1
14993,4.0,1
14995,5.0,1
14999,3.0,1
15006,3.5,2
15014,4.0,1
15016,4.5,2
15017,5.0,1
15024,3.0,1
15028,5.0,1
15030,5.0,2
15031,4.0,1
15034,4.25,4
15036,4.0,2
15043,3.0,2
15048,3.0,1
15049,2.0,1
15055,5.0,1
15059,5.0,1
15061,4.0,2
15062,5.0,1
15063,4.5,2
15065,3.5,4
15066,4.0,1
15069,5.0,1
15071,5.0,1
15074,4.4,5
15075,4.0,1
15076,5.0,1
15077,1.0,1
15079,4.0,3
15080,4.0,4
15084,5.0,3
15085,4.0,1
15086,3.0,1
15087,4.0,1
15088,5.0,2
15090,4.0,1
15093,3.5,2
15095,4.666666666666667,3
15097,4.0,1
15098,4.0,1
15099,5.0,1
15101,5.0,1
15107,5.0,1
15122,4.0,1
15123,4.0,1
15126,4.5,2
15128,5.0,1
15133,5.0,1
15142,2.0,1
15145,3.0,1
15146,3.0,1
15149,3.5,2
15155,5.0,1
15158,4.0,1
15159,5.0,1
15161,5.0,1
15163,5.0,2
15167,4.0,1
15172,4.0,1
15178,5.0,1
15181,5.0,1
15186,4.333333333333333,3
15187,4.0,2
15188,5.0,1
15196,4.5,2
15209,5.0,1
15211,4.176470588235294,17
15212,5.0,1
15223,5.0,1
15224,4.0,1
15225,3.0,1
15226,4.0,1
15230,3.0,1
15231,5.0,1
15232,5.0,1
15242,4.0,1
15248,5.0,1
15252,4.833333333333333,6
15253,4.0,1
15254,4.5,4
15255,4.0,1
15257,5.0,1
15260,5.0,1
15264,5.0,1
15267,5.0,2
15270,3.0,1
15271,4.0,2
15275,4.0,1
15276,4.0,1
15281,4.625,8
15285,5.0,1
15286,4.0,1
15289,5.0,1
15290,5.0,1
15293,5.0,1
15296,5.0,1
15297,3.0,1
15298,5.0,1
15302,4.0,1
15306,4.0,1
15307,5.0,1
15308,4.0,1
15310,5.0,1
15326,5.0,1
15332,4.0,1
15335,2.5,2
15336,4.0,2
15338,4.0,1
15341,4.0,3
15342,5.0,1
15346,3.0,1
15350,5.0,1
15352,4.5,2
15360,4.5,2
15364,5.0,1
15366,5.0,1
15367,3.0,1
15369,4.0,1
15370,4.666666666666667,3
15371,4.0,1
15372,2.0,2
15376,4.5,2
15377,5.0,1
15380,3.0,1
15384,1.0,1
15386,4.0,1
15390,4.0,1
15396,4.0,1
15398,4.0,1
15402,4.0,1
15405,4.0,2
15409,4.0,3
15410,3.5,2
15411,4.0,2
15415,4.0,3
15416,3.5,2
15417,5.0,1
15418,5.0,1
15431,5.0,1
15433,3.0,2
15439,4.0,2
15442,5.0,1
15445,3.6666666666666665,3
15448,3.0,1
15450,4.0,1
15451,3.0,1
15456,3.0,2
15457,4.0,1
15459,4.0,1
15463,5.0,2
15464,2.0,1
15465,5.0,1
15466,3.6666666666666665,3
15467,5.0,1
15469,3.0,1
15472,5.0,1
15475,4.0,1
15478,2.5,2
15481,5.0,1
15483,4.0,1
15484,5.0,1
15487,4.0,2
15490,5.0,1
15491,3.0,1
15494,5.0,1
15495,4.0,1
15509,3.0,1
15510,5.0,1
15513,5.0,1
15515,5.0,1
15518,5.0,4
15520,5.0,1
15528,4.5,2
15533,5.0,1
15535,3.5,2
15536,5.0,1
15538,5.0,1
15540,3.5,2
15545,3.0,1
15546,4.0,1
15547,4.0,1
15548,4.0,1
15549,5.0,1
15553,4.0,1
15554,4.0,1
15555,4.0,1
15556,3.5,2
15562,4.0,1
15563,4.0,1
15564,4.0,2
15565,4.0,1
15566,5.0,2
15567,5.0,2
15568,3.5,2
15578,4.0,1
15580,4.0,4
15583,5.0,1
15585,5.0,1
15588,4.0,1
15591,3.0,1
15593,5.0,1
15601,2.0,1
15602,1.0,1
15603,5.0,2
15615,4.5,2
15618,5.0,1
15619,4.0,1
15621,4.0,2
15624,5.0,1
15630,3.0,1
15631,5.0,1
15634,3.5,2
15635,4.0,1
15638,5.0,2
15641,1.0,1
15642,5.0,2
15648,5.0,1
15657,5.0,2
15664,3.0,2
15666,4.0,1
15669,5.0,1
15674,5.0,1
15676,5.0,1
15680,5.0,1
15681,4.0,1
15685,4.0,1
15687,3.0,1
15694,3.6666666666666665,3
15697,5.0,1
15707,1.0,1
15709,4.0,1
15710,5.0,1
15712,3.5,2
15718,5.0,1
15719,3.0,2
15725,5.0,2
15726,4.0,1
15728,5.0,1
15729,5.0,1
15731,4.5,2
15732,5.0,1
15733,4.0,1
15735,4.6,5
15737,5.0,1
15740,5.0,1
15742,5.0,1
15744,5.0,1
15746,5.0,1
15747,4.0,2
15748,4.0,1
15750,5.0,1
15757,5.0,2
15762,4.0,1
15763,5.0,1
15766,4.0,1
15770,3.3333333333333335,3
15772,4.333333333333333,3
15773,1.0,1
15774,5.0,1
15775,5.0,1
15776,4.5,4
15778,5.0,1
15779,4.0,3
15782,3.0,3
15783,3.0,1
15786,5.0,1
15789,5.0,1
15791,4.0,1
15794,5.0,1
15798,4.0,1
15803,5.0,1
15804,5.0,1
15805,4.666666666666667,3
15807,3.5,2
15809,5.0,1
15810,2.0,1
15814,5.0,1
15815,3.0,1
15816,3.0,1
15817,5.0,1
15818,5.0,1
15820,4.0,1
15822,4.0,1
15823,5.0,1
15824,2.0,1
15826,3.0,1
15827,5.0,2
15829,5.0,2
15836,4.0,1
15838,5.0,1
15840,4.0,1
15842,4.0,2
15847,4.0,1
15848,1.0,1
15851,3.0,1
15852,5.0,2
15853,3.0,1
15854,5.0,1
15855,4.0,1
15856,4.0,2
15862,4.666666666666667,3
15865,4.0,2
15872,5.0,1
15873,5.0,1
15874,4.5,2
15875,5.0,1
15878,3.5,2
15881,4.0,1
15886,4.0,1
15887,5.0,1
15891,5.0,1
15893,4.0,3
15894,4.0,1
15897,4.0,1
15898,4.0,1
15906,5.0,1
15912,5.0,1
15922,5.0,2
15931,5.0,1
15936,5.0,1
15939,5.0,1
15945,5.0,1
15946,5.0,1
15947,4.0,1
15948,4.5,2
15949,5.0,1
15951,5.0,2
15953,5.0,1
15954,5.0,1
15955,5.0,1
15959,3.0,1
15960,3.0,2
15963,3.0,1
15982,5.0,1
15984,4.5,2
15985,2.0,1
15989,4.0,1
15993,5.0,1
15994,5.0,1
15997,2.0,1
15998,4.0,6
16003,4.0,1
16005,5.0,1
16006,4.5,2
16007,5.0,1
16012,4.0,1
16019,5.0,1
16021,3.75,4
16023,5.0,1
16025,3.0,1
16028,4.0,7
16030,4.0,1
16032,4.0,1
16035,5.0,2
16038,5.0,1
16042,4.0,2
16043,4.5,2
16047,4.0,2
16050,3.0,1
16051,3.0,1
16052,3.0,1
16054,4.0,1
16058,4.0,2
16060,5.0,1
16062,5.0,1
16063,4.0,1
16067,2.0,1
16081,5.0,1
16083,4.0,1
16085,3.0,1
16093,4.5,2
16095,5.0,1
16097,4.0,1
16100,1.0,1
16106,5.0,1
16107,4.0,1
16109,5.0,1
16111,4.0,1
16115,4.666666666666667,3
16118,4.0,1
16127,3.3333333333333335,3
16132,5.0,1
16136,4.0,1
16137,4.0,1
16158,3.0,1
16161,5.0,2
16166,5.0,1
16167,4.0,3
16168,5.0,1
16170,3.0,1
16171,5.0,1
16175,5.0,1
16189,4.0,1
16197,4.0,1
16198,5.0,2
16205,5.0,1
16210,4.0,1
16211,3.0,1
16216,5.0,2
16217,5.0,1
16219,4.0,1
16221,4.0,1
16223,2.0,1
16225,5.0,1
16230,4.0,1
16231,5.0,1
16232,5.0,1
16235,3.5,2
16238,3.0,1
16239,4.0,1
16244,5.0,1
16247,5.0,1
16255,3.0,1
16256,3.0,1
16258,4.0,2
16259,3.0,1
16260,4.0,1
16261,5.0,2
16262,5.0,1
16263,3.0,1
16265,4.0,2
16268,2.0,1
16270,4.0,1
16271,4.0,1
16275,4.0,1
16277,4.0,1
16279,3.5,4
16282,4.0,1
16284,5.0,1
16288,4.5,2
16290,4.0,1
16291,4.0,1
16299,4.0,1
16302,5.0,1
16304,5.0,2
16316,4.0,1
16318,5.0,1
16324,5.0,1
16325,5.0,1
16327,5.0,1
16329,4.0,1
16334,4.0,1
16335,5.0,2
16338,2.0,1
16339,5.0,1
16343,5.0,2
16344,4.0,1
16345,3.0,1
16346,2.0,1
16349,4.5,2
16351,4.0,1
16355,5.0,1
16359,2.5,2
16362,5.0,1
16368,5.0,1
16373,5.0,1
16376,5.0,1
16378,5.0,1
16381,5.0,2
16384,5.0,1
16388,5.0,1
16389,4.5,2
16395,3.0,1
16396,5.0,1
16399,5.0,1
16405,4.0,2
16407,4.0,1
16409,4.666666666666667,3
16418,4.5,2
16419,3.0,1
16420,4.333333333333333,3
16426,5.0,1
16428,3.0,1
16429,5.0,1
16432,5.0,1
16434,4.5,2
16437,5.0,1
16442,4.0,1
16443,4.5,2
16446,4.0,1
16450,5.0,1
16452,5.0,1
16459,4.0,1
16462,5.0,1
16465,5.0,1
16468,3.0,1
16471,4.0,2
16479,4.666666666666667,3
16480,3.0,1
16481,4.0,2
16482,5.0,1
16484,4.5,2
16489,4.0,1
16491,1.0,1
16492,4.0,2
16493,4.0,1
16494,4.333333333333333,3
16498,5.0,1
16501,3.5,2
16504,4.0,1
16505,3.0,1
16507,4.0,1
16508,4.0,2
16510,4.0,1
16511,4.0,1
16514,3.0,1
16515,3.0,1
16517,3.5,2
16523,3.0,1
16527,5.0,1
16532,5.0,2
16534,5.0,1
16535,5.0,1
16536,4.0,2
16540,5.0,2
16541,5.0,1
16542,5.0,2
16544,3.0,1
16554,5.0,1
16555,5.0,1
16556,5.0,1
16557,5.0,1
16560,5.0,2
16561,5.0,1
16568,4.5,2
16571,5.0,1
16572,3.3333333333333335,3
16577,5.0,1
16582,5.0,1
16587,4.0,1
16590,4.0,1
16592,3.0,1
16593,5.0,1
16596,3.0,4
16612,4.0,1
16622,5.0,1
16624,4.0,1
16625,4.0,1
16627,5.0,1
16631,5.0,1
16635,5.0,1
16638,3.0,1
16642,4.0,1
16643,5.0,1
16644,5.0,2
16647,4.0,1
16655,4.0,1
16656,4.0,2
16657,4.25,8
16661,3.0,1
16664,4.333333333333333,3
16667,4.0,1
16669,4.0,1
16671,4.0,1
16672,5.0,2
16675,5.0,1
16676,4.0,1
16682,5.0,1
16687,4.0,1
16688,3.0,1
16691,4.0,2
16694,3.0,1
16698,5.0,1
16700,4.0,1
16710,5.0,1
16711,4.0,1
16713,4.333333333333333,3
16714,5.0,1
16717,4.0,1
16722,3.0,1
16723,5.0,1
16726,2.0,1
16729,4.0,1
16731,5.0,1
16735,5.0,1
16740,4.25,4
16746,5.0,1
16747,5.0,2
16753,5.0,1
16760,5.0,1
16763,4.125,8
16764,4.5,4
16769,5.0,1
16771,4.333333333333333,3
16776,2.0,1
16779,5.0,1
16780,4.5,2
16782,3.5,2
16785,3.0,1
16787,4.5,8
16791,5.0,1
16795,1.6666666666666667,3
16796,4.5,4
16799,4.333333333333333,3
16801,5.0,2
16804,4.666666666666667,3
16805,4.0,1
16813,5.0,1
16815,4.0,1
16816,5.0,1
16817,5.0,1
16818,3.6,5
16820,3.8333333333333335,6
16825,4.0,1
16828,5.0,3
16833,4.0,5
16836,5.0,1
16840,5.0,1
16842,4.0,3
16843,5.0,1
16846,4.0,1
16849,4.0,1
16852,4.0,1
16853,4.333333333333333,3
16856,4.5,2
16860,3.0,1
16861,5.0,2
16862,5.0,2
16865,4.333333333333333,3
16866,5.0,1
16867,5.0,1
16868,4.0,1
16869,4.0,1
16870,4.333333333333333,3
16875,5.0,1
16877,5.0,1
16884,4.0,1
16886,2.5,2
16887,5.0,1
16892,5.0,1
16893,4.5,2
16894,4.0,1
16897,4.0,1
16899,3.0,1
16901,5.0,1
16902,4.5,2
16903,4.666666666666667,3
16907,5.0,1
16917,5.0,1
16922,2.0,2
16924,5.0,3
16926,4.0,1
16928,3.0,1
16937,4.0,2
16938,5.0,1
16940,4.0,1
16947,5.0,1
16950,5.0,1
16951,5.0,1
16953,5.0,1
16954,4.0,1
16958,4.0,1
16961,5.0,1
16962,4.0,1
16963,4.0,3
16965,4.0,1
16967,3.0,1
16971,5.0,1
16972,3.0,1
16974,4.0,1
16975,4.5,2
16978,5.0,1
16981,4.5,2
16982,4.0,1
16985,5.0,1
16986,3.0,2
16989,4.0,2
16990,5.0,1
16995,4.0,2
16999,4.125,8
17000,5.0,1
17003,4.0,1
17004,4.0,1
17006,5.0,1
17008,4.5,2
17011,5.0,1
17018,5.0,2
17023,5.0,1
17028,4.0,3
17029,4.0,2
17032,3.0,1
17033,5.0,4
17036,4.0,1
17039,5.0,1
17042,5.0,1
17044,4.0,1
17047,4.0,2
17049,5.0,1
17050,4.0,2
17059,4.0,1
17062,4.0,1
17063,4.5,2
17065,3.6666666666666665,3
17066,4.0,1
17069,4.0,5
17072,4.0,2
17074,5.0,1
17078,5.0,2
17084,4.333333333333333,3
17085,5.0,1
17091,5.0,1
17092,5.0,1
17093,4.0,2
17101,5.0,1
17105,2.0,1
17110,5.0,4
17117,5.0,2
17119,5.0,1
17120,5.0,1
17122,4.5,2
17123,4.0,1
17129,5.0,1
17137,5.0,1
17138,5.0,1
17141,4.0,1
17145,5.0,1
17146,3.0,1
17151,5.0,1
17155,5.0,1
17157,3.0,1
17160,5.0,1
17161,5.0,1
17162,5.0,1
17163,5.0,1
17164,5.0,1
17166,1.0,1
17167,5.0,1
17169,4.2,5
17177,5.0,1
17194,5.0,1
17195,4.666666666666667,3
17201,1.0,1
17202,4.0,1
17207,4.333333333333333,3
17210,4.0,1
17215,5.0,1
17221,5.0,1
17223,5.0,1
17224,4.0,1
17226,5.0,1
17227,2.0,1
17235,4.75,4
17245,4.0,1
17247,3.0,3
17253,4.0,1
17254,5.0,1
17255,5.0,1
17264,4.0,1
17272,4.0,2
17279,5.0,1
17281,5.0,1
17284,5.0,2
17285,5.0,2
17287,5.0,1
17290,1.0,1
17293,5.0,1
17294,4.5,2
17299,2.0,1
17300,4.0,1
17302,4.0,1
17303,5.0,1
17304,4.0,1
17310,5.0,1
17313,5.0,6
17323,5.0,1
17324,4.0,1
17325,4.0,2
17327,4.0,1
17331,4.0,2
17332,5.0,3
17336,4.0,1
17344,5.0,1
17346,5.0,1
17352,4.0,1
17358,3.8333333333333335,6
17359,4.0,2
17360,5.0,1
17364,5.0,1
17368,5.0,1
17369,5.0,1
17370,3.0,1
17373,3.0,1
17375,4.0,1
17378,4.0,1
17379,4.0,1
17384,5.0,1
17385,4.0,1
17386,3.6666666666666665,3
17387,4.0,1
17390,2.0,1
17392,4.5,2
17393,5.0,2
17395,4.0,1
17401,5.0,1
17402,3.0,1
17409,5.0,2
17411,4.666666666666667,9
17412,5.0,1
17413,4.0,1
17414,5.0,1
17417,4.25,4
17421,5.0,1
17427,5.0,1
17429,4.0,3
17431,5.0,1
17432,4.0,1
17438,3.0,1
17442,4.0,2
17444,4.333333333333333,3
17446,5.0,1
17447,5.0,1
17450,5.0,1
17451,5.0,2
17453,5.0,1
17455,4.0,1
17456,4.0,1
17459,3.0,1
17460,5.0,1
17462,5.0,1
17464,4.0,2
17467,4.5,4
17468,5.0,1
17469,5.0,3
17471,5.0,1
17472,4.0,1
17473,5.0,1
17474,5.0,2
17480,5.0,1
17483,3.0,1
17484,4.0,1
17487,4.0,2
17489,4.0,5
17491,4.0,1
17492,5.0,1
17493,4.0,1
17496,5.0,1
17499,4.0,1
17500,2.0,1
17504,5.0,1
17505,4.0,1
17506,5.0,1
17507,2.0,3
17508,4.5,2
17509,5.0,2
17510,4.0,1
17511,5.0,2
17516,4.0,1
17526,5.0,1
17536,4.0,1
17537,5.0,1
17538,5.0,1
17543,3.0,1
17544,4.0,1
17545,5.0,1
17547,5.0,1
17562,4.0,1
17563,4.0,1
17569,4.5,2
17571,4.0,1
17575,3.0,1
17576,5.0,1
17577,5.0,1
17582,5.0,1
17585,3.5,2
17586,5.0,1
17587,4.0,1
17589,4.0,1
17593,4.666666666666667,3
17595,4.5,2
17596,5.0,1
17597,3.5,2
17598,4.0,1
17602,4.75,4
17603,4.0,1
17609,4.0,1
17612,5.0,1
17614,4.0,1
17616,3.0,1
17617,5.0,1
17618,4.0,3
17620,4.0,1
17624,4.2,5
17625,1.0,1
17626,2.0,2
17628,5.0,1
17629,4.0,1
17631,5.0,1
17632,4.0,3
17641,4.5,2
17643,4.0,1
17652,5.0,2
17657,3.5714285714285716,7
17662,4.0,1
17663,3.0,1
17664,3.0,2
17665,3.0,1
17666,4.0,1
17672,4.0,2
17677,3.0,1
17678,5.0,1
17679,5.0,3
17687,5.0,2
17688,4.0,1
17690,1.0,1
17694,5.0,1
17697,5.0,1
17699,3.0,1
17707,4.0,1
17708,5.0,1
17711,2.3333333333333335,3
17713,5.0,1
17716,4.0,1
17726,5.0,1
17727,4.0,1
17731,5.0,1
17734,5.0,1
17737,3.0,1
17738,4.0,4
17740,5.0,1
17745,5.0,1
17746,5.0,2
17747,4.0,1
17749,5.0,1
17752,5.0,1
17755,4.0,1
17759,4.0,3
17760,3.0,1
17762,1.0,1
17763,4.5,2
17767,3.0,1
17768,2.0,1
17771,4.5,2
17772,4.5,4
17773,5.0,1
17778,3.0,2
17779,5.0,1
17782,4.0,1
17783,5.0,1
17784,5.0,1
17785,3.0,1
17788,5.0,1
17789,5.0,1
17791,5.0,1
17792,5.0,1
17793,4.0,2
17804,4.0,1
17805,4.0,1
17810,4.0,1
17811,5.0,1
17812,5.0,1
17813,4.0,1
17819,3.0,1
17820,5.0,1
17824,5.0,1
17829,5.0,1
17831,5.0,1
17832,4.0,1
17834,2.0,1
17837,3.5,2
17841,4.0,1
17843,4.0,2
17846,5.0,1
17850,3.6666666666666665,3
17852,4.0,1
17853,3.0,1
17854,4.0,1
17855,5.0,1
17858,4.0,1
17859,4.0,1
17864,4.0,1
17869,5.0,1
17877,4.0,3
17878,4.0,1
17884,5.0,1
17885,5.0,1
17886,3.6666666666666665,3
17887,5.0,1
17889,4.0,1
17892,4.5,2
17893,4.5,2
17899,5.0,1
17902,3.0,1
17903,4.0,1
17905,5.0,1
17912,4.0,2
17915,3.0,1
17916,4.0,1
17922,5.0,1
17925,5.0,4
17929,2.0,1
17930,4.5,4
17933,4.0,1
17934,2.0,1
17938,5.0,1
17940,4.5,4
17943,5.0,1
17945,4.0,1
17947,5.0,1
17948,5.0,1
17949,4.0,2
17952,4.0,2
17953,5.0,1
17954,4.0,2
17955,5.0,1
17956,4.0,2
17958,4.0,3
17960,4.5,2
17962,5.0,1
17964,4.0,1
17968,4.0,1
17976,2.0,1
17977,5.0,1
17981,5.0,1
17984,5.0,2
17985,5.0,2
17988,2.0,1
17990,5.0,1
17991,4.0,2
17997,5.0,3
17999,3.0,1
18001,4.0,1
18002,5.0,8
18004,4.0,2
18011,5.0,1
18014,1.0,1
18015,5.0,1
18016,4.0,3
18017,4.666666666666667,3
18018,5.0,2
18020,5.0,1
18022,4.5,2
18023,3.3333333333333335,3
18026,5.0,2
18027,4.333333333333333,3
18029,4.0,1
18032,4.5,2
18034,4.0,2
18040,4.75,4
18042,5.0,2
18043,3.0,1
18047,5.0,1
18051,4.0,2
18052,5.0,1
18054,5.0,1
18055,5.0,1
18056,5.0,1
18059,5.0,1
18067,4.0,1
18068,4.0,1
18074,4.0,1
18077,5.0,1
18078,4.0,1
18083,5.0,1
18085,5.0,1
18088,4.5,4
18089,5.0,1
18092,5.0,1
18100,5.0,1
18105,4.0,2
18106,4.666666666666667,3
18107,4.0,1
18108,1.0,1
18112,5.0,2
18116,4.5,4
18119,4.0,1
18120,4.0,1
18121,3.6666666666666665,3
18122,5.0,2
18124,4.0,1
18127,3.0,1
18128,4.5,2
18134,5.0,1
18135,5.0,2
18137,1.0,1
18138,4.0,1
18140,4.0,1
18142,4.0,1
18149,5.0,1
18153,4.0,2
18154,5.0,1
18156,4.0,1
18157,5.0,1
18158,4.0,1
18160,5.0,1
18166,5.0,2
18168,3.0,1
18170,1.0,1
18175,5.0,1
18178,5.0,1
18181,1.0,1
18182,4.0,2
18186,5.0,1
18187,4.0,1
18191,5.0,1
18193,4.0,1
18194,5.0,2
18197,5.0,1
18198,2.0,1
18200,4.0,1
18202,5.0,1
18206,2.0,1
18208,5.0,1
18213,5.0,1
18215,4.0,1
18216,4.0,2
18217,4.5,2
18218,5.0,1
18221,1.0,1
18228,5.0,3
18231,5.0,1
18232,3.0,1
18233,3.0,1
18234,3.0,1
18237,3.0,1
18238,5.0,1
18240,5.0,1
18242,3.0,1
18243,4.0,1
18244,4.0,1
18246,5.0,2
18250,5.0,2
18253,4.0,1
18258,4.0,1
18264,4.333333333333333,3
18266,4.0,1
18267,5.0,1
18269,3.0,1
18270,5.0,1
18271,1.0,1
18275,4.0,2
18276,3.0,1
18277,4.5,2
18278,5.0,1
18281,4.0,1
18286,3.0,1
18287,5.0,1
18288,4.0,1
18289,5.0,1
18290,3.0,1
18291,2.0,1
18295,4.0,1
18296,4.5,2
18297,5.0,1
18298,5.0,2
18303,5.0,2
18306,4.0,1
18307,4.571428571428571,7
18313,4.5,2
18315,4.0,1
18316,5.0,1
18317,3.0,1
18318,3.8,10
18320,4.0,1
18321,5.0,1
18325,1.25,4
18327,4.0,2
18328,5.0,1
18331,2.0,1
18334,5.0,1
18335,3.0,1
18336,4.0,1
18340,4.0,1
18341,4.0,1
18342,3.0,1
18343,3.0,1
18344,4.0,1
18347,5.0,1
18348,4.5,2
18349,5.0,1
18350,4.0,1
18352,5.0,1
18358,5.0,1
18361,3.0,2
18362,3.5,2
18365,4.0,1
18366,5.0,1
18369,5.0,1
18371,5.0,1
18372,4.0,1
18374,5.0,1
18376,5.0,1
18381,4.0,1
18383,4.0,1
18386,5.0,2
18387,4.0,1
18389,3.0,1
18394,5.0,1
18395,4.333333333333333,3
18396,5.0,1
18402,4.0,1
18403,3.5,2
18404,4.0,2
18405,5.0,1
18407,3.0,1
18410,4.0,1
18411,4.0,4
18412,4.0,1
18413,4.0,1
18414,4.0,14
18418,3.0,1
18419,4.0,1
18420,4.0,1
18426,4.0,1
18427,1.6666666666666667,3
18430,4.0,1
18431,3.6666666666666665,3
18432,5.0,1
18433,4.0,1
18438,4.0,1
18441,3.0,1
18442,5.0,1
18444,5.0,1
18445,3.0,2
18450,4.0,1
18452,2.0,1
18453,4.0,1
18458,5.0,1
18459,3.0,1
18460,4.0,1
18461,3.0,2
18462,4.0,1
18465,5.0,1
18467,3.0,1
18474,3.0,2
18475,5.0,1
18486,4.0,1
18487,2.5,2
18489,5.0,1
18492,5.0,1
18493,4.5,2
18494,5.0,1
18496,5.0,1
18498,5.0,3
18500,4.0,2
18501,4.0,1
18503,3.75,4
18505,4.666666666666667,3
18508,4.0,2
18514,4.0,2
18515,3.6666666666666665,3
18516,5.0,1
18517,4.333333333333333,3
18519,4.0,1
18521,4.0,1
18525,5.0,1
18529,5.0,1
18535,2.0,1
18537,4.0,1
18538,4.0,1
18539,5.0,3
18540,5.0,1
18543,5.0,1
18551,4.5,2
18552,4.0,1
18553,4.0,1
18556,4.5,2
18558,5.0,1
18560,4.0,1
18563,4.0,1
18566,3.5,2
18567,4.0,1
18570,4.0,2
18572,4.5,2
18573,5.0,2
18579,4.0,1
18580,4.0,1
18581,5.0,1
18587,5.0,1
18589,5.0,1
18590,4.0,1
18592,4.333333333333333,6
18593,3.0,1
18595,4.5,2
18600,4.0,1
18602,5.0,1
18604,4.0,1
18605,5.0,1
18616,4.0,3
18617,4.0,2
18618,5.0,1
18620,5.0,1
18621,4.5,2
18626,5.0,1
18628,4.666666666666667,3
18633,5.0,1
18636,5.0,2
18637,4.0,1
18638,4.0,1
18644,2.0,1
18645,4.0,1
18646,4.0,1
18647,4.0,1
18648,5.0,1
18649,5.0,1
18651,5.0,2
18653,4.0,1
18654,3.0,1
18655,3.0,1
18657,4.0,1
18660,5.0,1
18667,1.0,1
18669,5.0,2
18671,4.5,2
18672,4.0,2
18676,4.0,1
18679,5.0,1
18680,5.0,1
18681,5.0,2
18685,3.0,2
18688,2.0,1
18695,4.0,1
18701,4.0,1
18704,4.0,1
18707,3.0,3
18713,4.0,1
18715,3.0,1
18721,5.0,1
18724,5.0,2
18727,5.0,1
18728,3.0,1
18729,5.0,1
18731,5.0,1
18734,4.0,1
18739,4.0,1
18740,4.0,1
18745,4.0,1
18749,5.0,1
18752,5.0,1
18761,5.0,1
18763,4.0,1
18766,3.0,2
18767,4.0,1
18770,4.0,1
18771,4.0,2
18774,3.5,2
18777,4.0,1
18778,5.0,1
18783,3.0,1
18785,4.0,1
18786,2.0,1
18788,4.0,1
18793,5.0,1
18794,5.0,1
18796,4.0,1
18797,3.0,1
18798,4.0,1
18799,5.0,1
18807,5.0,1
18808,4.833333333333333,6
18810,4.5,2
18812,5.0,3
18813,4.0,1
18816,3.0,2
18818,4.0,1
18822,3.0,1
18825,4.0,4
18837,5.0,1
18838,4.0,1
18840,4.0,1
18841,4.0,1
18846,3.0,1
18853,5.0,1
18857,5.0,1
18858,5.0,2
18863,3.5,2
18868,3.0,1
18870,5.0,1
18874,5.0,1
18877,4.0,1
18879,3.25,4
18884,4.0,1
18885,4.0,1
18887,5.0,1
18890,4.0,1
18892,4.0,1
18897,5.0,1
18899,5.0,2
18902,5.0,1
18903,3.5,2
18905,4.6,5
18909,3.5,2
18919,1.0,1
18927,3.3333333333333335,3
18928,3.0,2
18931,5.0,1
18935,5.0,1
18940,4.0,1
18942,4.0,1
18946,4.75,4
18948,3.0,1
18950,4.0,1
18954,4.0,2
18956,5.0,1
18957,5.0,1
18963,5.0,1
18969,3.0,2
18978,4.0,2
18983,4.0,1
18984,2.0,1
18988,4.0,1
18997,4.25,4
18999,2.0,1
19000,4.0,1
19002,3.0,1
19004,3.0,1
19005,5.0,1
19007,5.0,1
19011,5.0,1
19013,4.0,2
19017,5.0,1
19019,3.0,1
19021,5.0,1
19023,4.0,1
19025,4.0,1
19030,3.0,2
19031,5.0,1
19034,5.0,1
19036,5.0,2
19039,4.0,1
19040,1.0,1
19045,5.0,2
19046,3.0,1
19055,5.0,1
19059,5.0,1
19063,5.0,1
19072,5.0,3
19073,4.0,1
19076,2.3333333333333335,3
19078,5.0,1
19079,5.0,1
19080,4.0,1
19081,3.5,4
19082,5.0,1
19083,4.666666666666667,3
19084,5.0,1
19085,4.0,1
19088,5.0,1
19091,4.0,1
19092,4.0,2
19094,5.0,1
19095,5.0,1
19096,4.0,1
19098,3.0,1
19099,4.0,1
19104,4.0,1
19111,4.5,2
19113,4.0,1
19116,4.333333333333333,3
19117,3.0,1
19118,1.0,1
19121,4.0,1
19124,4.0,1
19135,5.0,1
19136,4.0,3
19138,5.0,1
19146,3.0,1
19149,5.0,1
19150,3.0,1
19151,1.0,1
19156,5.0,2
19157,3.0,1
19159,5.0,1
19164,5.0,1
19166,5.0,1
19171,5.0,1
19175,3.0,1
19181,5.0,1
19183,4.0,1
19189,4.0,1
19190,5.0,1
19194,4.666666666666667,3
19200,5.0,3
19206,4.0,4
19207,4.0,2
19208,5.0,2
19209,4.0,1
19210,4.5,2
19214,4.0,1
19215,4.5,2
19218,5.0,1
19219,4.0,1
19220,4.0,1
19221,4.5,2
19222,4.0,2
19228,4.0,1
19229,4.0,1
19237,3.8,10
19239,5.0,2
19241,5.0,1
19245,5.0,1
19247,3.0,1
19253,5.0,1
19255,5.0,1
19256,4.0,1
19258,5.0,2
19260,4.0,1
19262,4.0,1
19263,5.0,1
19264,5.0,2
19266,5.0,1
19271,3.0,1
19279,5.0,1
19281,5.0,1
19284,4.0,1
19285,4.0,1
19289,4.5,2
19291,4.8,5
19293,5.0,1
19294,5.0,1
19297,5.0,1
19299,4.0,1
19302,4.0,1
19304,4.333333333333333,3
19309,5.0,2
19310,5.0,1
19313,1.0,1
19315,3.4,5
19316,4.0,1
19321,3.0,1
19329,4.0,1
19332,4.0,1
19341,5.0,1
19345,4.0,1
19350,3.5,2
19353,5.0,1
19357,4.0,2
19359,4.0,1
19367,4.0,2
19368,5.0,1
19372,5.0,1
19374,4.0,3
19378,5.0,1
19379,5.0,1
19381,4.0,1
19383,3.0,1
19384,5.0,1
19388,5.0,1
19389,5.0,1
19395,4.75,4
19406,4.0,1
19407,3.0,2
19414,5.0,1
19417,5.0,1
19418,3.0,1
19423,4.0,1
19424,4.0,2
19425,4.0,1
19428,5.0,1
19429,4.5,2
19430,4.0,1
19431,5.0,1
19432,5.0,1
19434,4.0,2
19438,5.0,1
19453,4.0,2
19454,5.0,2
19456,5.0,1
19458,3.0,1
19460,3.0,1
19463,4.5,2
19466,4.666666666666667,3
19467,4.0,2
19470,3.0,1
19471,4.0,1
19474,5.0,1
19479,5.0,1
19480,2.5,2
19482,5.0,1
19488,4.0,2
19494,4.0,1
19499,5.0,1
19501,4.5,2
19502,5.0,1
19504,5.0,3
19507,4.0,1
19508,5.0,1
19509,3.0,2
19510,4.0,1
19513,5.0,1
19517,5.0,1
19520,4.0,1
19521,4.333333333333333,3
19524,5.0,1
19526,5.0,1
19527,4.0,1
19531,3.0,1
19535,4.0,1
19536,3.6666666666666665,3
19538,5.0,1
19540,5.0,1
19547,5.0,1
19551,5.0,1
19553,3.5,2
19555,5.0,1
19557,3.5,2
19561,2.0,1
19562,5.0,1
19564,1.0,1
19567,4.0,1
19572,4.0,1
19574,4.0,1
19576,3.0,1
19577,3.0,1
19581,5.0,1
19585,2.5,2
19587,4.5,2
19592,4.0,2
19595,4.0,1
19596,2.0,1
19598,5.0,1
19605,5.0,1
19608,4.0,1
19609,5.0,2
19610,5.0,1
19612,5.0,1
19615,5.0,1
19618,5.0,1
19621,5.0,2
19625,5.0,1
19628,3.5,2
19632,5.0,2
19633,5.0,2
19635,5.0,1
19636,4.0,4
19643,5.0,1
19649,4.0,1
19654,4.5,2
19657,4.0,1
19658,3.0,1
19662,5.0,1
19666,4.0,1
19667,5.0,1
19668,5.0,1
19669,2.0,1
19670,4.0,1
19671,3.0,1
19673,4.0,1
19675,4.0,2
19676,4.0,1
19679,5.0,1
19680,3.5,2
19681,3.0,1
19682,3.0,1
19683,3.5,2
19687,5.0,1
19689,4.0,3
19694,4.666666666666667,3
19700,3.0,2
19701,4.571428571428571,7
19702,4.0,2
19707,4.0,1
19709,4.0,3
19714,5.0,1
19722,3.0,1
19724,2.0,1
19727,4.333333333333333,3
19728,5.0,1
19730,4.0,1
19739,5.0,1
19748,3.5,2
19750,5.0,1
19754,4.0,1
19755,5.0,1
19757,5.0,1
19763,4.0,2
19765,3.5,2
19766,5.0,1
19771,4.0,1
19774,3.0,1
19778,2.0,1
19781,5.0,1
19782,4.0,1
19784,5.0,1
19785,4.0,1
19788,5.0,2
19789,5.0,1
19791,5.0,2
19792,4.0,1
19795,4.0,2
19810,5.0,1
19811,3.5,2
19813,4.5,4
19815,2.0,1
19820,4.0,1
19821,4.0,1
19822,5.0,1
19823,5.0,1
19825,3.6666666666666665,3
19828,4.0,1
19829,4.5,2
19837,4.0,1
19838,5.0,3
19843,4.0,1
19844,3.4,5
19845,4.0,2
19848,4.166666666666667,6
19852,4.0,1
19857,5.0,1
19858,4.0,4
19860,5.0,1
19862,4.0,1
19863,4.5,2
19866,4.0,1
19869,4.0,1
19871,4.0,2
19873,5.0,1
19877,4.0,2
19879,5.0,1
19880,5.0,1
19882,4.0,1
19883,4.0,1
19884,4.0,1
19887,4.0,1
19888,5.0,1
19891,5.0,2
19892,4.0,1
19894,5.0,1
19896,4.5,2
19899,4.0,1
19901,4.0,1
19902,3.0,1
19907,1.0,1
19908,5.0,1
19909,5.0,3
19914,4.5,4
19917,4.0,1
19919,4.0,1
19920,4.0,1
19921,5.0,1
19924,4.0,1
19929,4.5,2
19932,4.857142857142857,7
19933,3.0,1
19934,4.0,1
19936,4.5,4
19939,5.0,2
19942,4.0,1
19944,1.0,1
19945,4.666666666666667,3
19947,5.0,1
19948,5.0,4
19949,3.0,5
19952,5.0,1
19958,5.0,1
19961,4.166666666666667,6
19972,4.0,1
19976,5.0,1
19978,3.6666666666666665,3
19981,4.0,1
19983,5.0,1
19986,5.0,1
19987,3.0,2
19988,5.0,1
19993,5.0,1
19997,4.0,1
19999,5.0,1
20000,3.0,1
20001,4.0,1
20006,4.0,1
20007,5.0,1
20008,3.0,1
20010,5.0,2
20012,4.0,1
20015,4.0,1
20017,5.0,1
20018,3.0,1
20019,2.0,1
20020,3.0,1
20023,5.0,1
20024,5.0,1
20026,4.0,2
20029,5.0,1
20030,4.0,1
20032,4.0,1
20035,4.0,1
20037,5.0,2
20043,3.3333333333333335,3
20047,3.0,1
20049,4.0,1
20050,3.0,1
20051,4.333333333333333,3
20053,2.0,1
20054,2.25,4
20055,3.0,1
20056,4.0,1
20057,5.0,1
20058,1.0,1
20061,4.0,2
20063,3.0,1
20064,5.0,2
20065,5.0,1
20071,4.0,1
20072,3.0,2
20075,4.0,1
20076,3.0,1
20077,5.0,1
20080,3.0,1
20081,5.0,1
20082,5.0,3
20084,4.4,5
20088,5.0,1
20092,4.0,1
20094,3.0,1
20096,2.0,1
20097,5.0,1
20098,4.0,1
20100,3.5,2
20101,4.75,8
20108,5.0,1
20109,5.0,1
20112,5.0,1
20114,4.0,1
20118,4.333333333333333,3
20119,5.0,1
20123,5.0,3
20130,4.0,1
20135,5.0,1
20145,3.5,2
20153,3.0,1
20155,3.0,1
20157,4.0,2
20164,5.0,1
20166,5.0,1
20171,4.0,1
20173,3.0,1
20175,4.0,1
20176,1.0,1
20178,5.0,1
20180,4.0,2
20183,5.0,1
20184,4.333333333333333,3
20186,4.0,2
20191,5.0,1
20192,4.0,1
20199,4.75,4
20200,5.0,1
20201,3.0,1
20204,3.0,2
20210,3.5,2
20211,5.0,1
20212,5.0,1
20213,5.0,1
20214,4.0,1
20217,5.0,1
20218,4.5,2
20220,3.0,1
20222,4.0,2
20223,3.0,1
20233,3.0,1
20234,3.0,1
20235,3.0,3
20238,4.666666666666667,3
20239,3.0,2
20242,5.0,2
20249,5.0,1
20253,4.333333333333333,6
20256,4.0,1
20258,4.5,6
20259,4.0,1
20260,4.0,1
20262,5.0,1
20265,5.0,1
20269,4.0,1
20272,5.0,1
20276,5.0,1
20278,3.2857142857142856,7
20283,5.0,1
20284,4.0,1
20288,4.0,1
20300,5.0,1
20302,5.0,1
20303,5.0,1
20305,4.0,1
20308,5.0,1
20313,5.0,2
20315,5.0,3
20317,5.0,2
20320,4.0,1
20321,5.0,2
20323,4.0,1
20324,3.75,4
20327,4.0,1
20329,4.0,1
20332,5.0,1
20333,4.0,1
20335,4.0,1
20337,5.0,2
20342,5.0,2
20343,4.0,1
20345,5.0,1
20349,5.0,1
20350,4.0,1
20353,5.0,1
20355,1.0,1
20356,4.0,1
20357,5.0,1
20361,5.0,1
20362,3.5,2
20363,5.0,1
20366,3.0,1
20367,5.0,1
20370,3.3333333333333335,3
20372,5.0,1
20375,4.0,1
20380,2.0,1
20385,4.333333333333333,3
20386,3.0,2
20397,5.0,1
20399,4.0,1
20400,5.0,1
20405,5.0,1
20406,5.0,1
20413,4.5,2
20415,5.0,2
20416,4.0,1
20420,5.0,1
20428,5.0,1
20431,5.0,1
20445,2.0,1
20446,4.0,2
20449,5.0,1
20451,4.0,3
20457,3.5,2
20458,5.0,1
20460,4.0,1
20465,4.0,1
20466,4.0,2
20472,2.0,3
20475,5.0,2
20477,4.0,1
20480,5.0,2
20482,4.0,1
20484,4.5,2
20485,4.0,1
20489,4.0,1
20490,5.0,1
20491,5.0,1
20496,4.666666666666667,3
20497,5.0,1
20502,4.8,5
20503,4.5,2
20504,4.416666666666667,12
20514,4.0,1
20523,4.0,1
20529,4.0,1
20532,4.25,4
20533,5.0,1
20538,5.0,1
20543,4.0,1
20549,5.0,2
20550,3.5,2
20551,5.0,4
20552,5.0,2
20553,4.0,1
20554,4.0,1
20555,5.0,1
20556,4.0,1
20558,5.0,1
20567,4.0,1
20568,2.0,2
20569,4.0,1
20574,1.0,1
20575,5.0,1
20577,4.0,2
20583,5.0,1
20586,5.0,1
20588,1.0,1
20592,4.0,1
20593,5.0,1
20594,5.0,1
20595,5.0,1
20596,5.0,1
20600,2.0,1
20601,3.0,1
20602,5.0,1
20607,4.0,1
20608,3.0,2
20615,5.0,1
20616,4.0,1
20617,4.0,1
20618,4.0,1
20626,3.5,2
20627,3.3333333333333335,3
20631,5.0,1
20632,5.0,1
20639,3.0,2
20641,5.0,1
20642,5.0,1
20643,4.0,1
20645,4.0,1
20646,4.0,2
20649,3.0,2
20650,4.25,4
20652,5.0,1
20654,4.0,1
20655,4.4,5
20657,3.0,1
20661,5.0,1
20662,3.4,5
20663,5.0,1
20665,4.0,1
20666,5.0,2
20671,4.5,2
20674,4.5,2
20675,5.0,1
20677,4.0,1
20678,5.0,1
20680,3.6666666666666665,3
20685,3.0,2
20688,4.166666666666667,6
20693,5.0,1
20694,1.6666666666666667,3
20695,4.0,1
20696,5.0,1
20705,5.0,1
20706,5.0,1
20709,5.0,1
20710,4.5,4
20711,2.5,2
20712,5.0,2
20713,4.125,8
20716,4.0,2
20722,4.5,2
20725,3.0,1
20727,5.0,1
20728,3.0,1
20730,4.5,4
20731,3.0,1
20734,5.0,1
20739,3.0,1
20743,5.0,2
20746,5.0,1
20750,5.0,2
20761,3.0,1
20762,4.25,4
20769,4.0,11
20770,3.0,1
20771,3.0,2
20775,3.0,1
20776,5.0,1
20777,3.0,1
20778,5.0,1
20779,5.0,1
20781,4.0,1
20784,5.0,1
20785,4.0,2
20790,5.0,1
20795,5.0,1
20798,4.333333333333333,3
20799,5.0,1
20802,4.0,1
20810,5.0,1
20814,4.0,2
20817,5.0,1
20821,4.0,1
20824,4.0,1
20826,3.0,2
20827,5.0,1
20833,4.0,1
20841,5.0,3
20848,4.0,1
20851,5.0,1
20852,3.0,1
20863,3.5,2
20864,4.0,1
20867,5.0,2
20870,4.0,1
20871,5.0,1
20873,4.166666666666667,6
20875,5.0,1
20879,5.0,1
20882,5.0,1
20887,4.0,2
20889,5.0,2
20892,5.0,1
20894,3.0,1
20898,5.0,1
20899,5.0,1
20902,3.0,1
20904,4.333333333333333,3
20906,4.333333333333333,3
20907,4.0,3
20909,4.0,1
20911,4.0,1
20916,5.0,1
20917,4.0,1
20918,3.0,1
20920,5.0,1
20921,3.0,1
20924,2.0,1
20925,3.0,1
20927,5.0,1
20930,5.0,1
20935,3.0,2
20940,5.0,2
20945,5.0,1
20946,5.0,2
20948,5.0,1
20949,4.666666666666667,3
20952,5.0,2
20954,4.0,1
20957,4.0,1
20960,5.0,1
20961,5.0,1
20962,5.0,1
20965,5.0,2
20970,5.0,1
20973,4.0,1
20974,5.0,1
20977,5.0,1
20986,4.0,1
20987,5.0,1
20990,5.0,2
20993,5.0,1
20996,4.0,1
20999,3.8,5
21002,4.0,1
21007,4.0,1
21009,4.0,1
21011,3.0,2
21012,5.0,1
21014,2.0,1
21015,3.0,1
21018,3.5,2
21021,5.0,1
21028,5.0,1
21032,5.0,2
21038,5.0,1
21040,3.5,2
21042,4.0,1
21043,4.0,2
21048,4.0,2
21052,4.0,2
21053,3.6666666666666665,3
21056,1.0,2
21058,4.0,2
21059,5.0,1
21060,5.0,1
21064,5.0,1
21066,3.0,1
21067,3.5,2
21068,5.0,1
21074,4.0,1
21076,3.0,3
21077,4.0,1
21078,4.0,1
21081,5.0,1
21082,3.0,1
21088,4.0,2
21089,3.2,5
21092,5.0,1
21093,4.0,1
21096,4.0,1
21097,5.0,1
21098,3.0,1
21099,4.4,5
21101,4.0,1
21103,3.0,3
21106,3.0,2
21110,4.0,1
21112,3.0,1
21114,4.5,2
21118,5.0,2
21119,3.0,1
21120,4.0,5
21121,4.5,2
21122,4.0,1
21127,4.5,4
21128,3.888888888888889,9
21129,3.0,1
21132,4.0,1
21134,4.0,2
21138,2.0,1
21139,3.0,1
21142,5.0,1
21143,4.0,2
21144,3.0,1
21145,5.0,1
21149,4.0,1
21150,3.0,1
21151,5.0,1
21156,4.0,1
21158,4.0,1
21168,4.0,1
21170,4.0,1
21171,5.0,1
21174,4.0,1
21176,5.0,1
21177,5.0,1
21180,4.0,3
21183,5.0,2
21184,5.0,2
21186,5.0,1
21187,3.0,1
21188,5.0,3
21191,4.0,2
21192,4.0,1
21193,2.8,5
21194,5.0,1
21196,5.0,1
21199,5.0,1
21200,5.0,1
21202,5.0,1
21203,2.0,1
21204,5.0,1
21205,4.0,1
21206,4.666666666666667,3
21207,3.0,2
21209,2.0,1
21211,4.0,1
21216,2.0,1
21217,3.5,2
21219,5.0,1
21222,5.0,1
21225,5.0,1
21226,4.0,3
21228,4.0,1
21230,4.0,1
21231,5.0,1
21233,5.0,1
21235,4.0,2
21236,5.0,1
21242,3.0,1
21246,5.0,1
21249,5.0,2
21252,5.0,1
21255,5.0,1
21256,5.0,1
21257,3.0,1
21258,2.0,1
21259,5.0,1
21266,4.0,2
21267,3.0,1
21273,4.0,3
21274,4.0,1
21275,4.0,2
21276,5.0,1
21280,4.0,1
21283,4.0,2
21286,4.5,2
21290,5.0,1
21292,1.0,1
21293,4.0,2
21294,5.0,2
21297,5.0,1
21300,3.5,2
21303,5.0,2
21306,4.0,2
21307,5.0,1
21309,4.0,1
21324,4.0,1
21325,3.5,2
21331,4.0,1
21333,4.0,1
21337,4.666666666666667,3
21340,5.0,1
21342,5.0,1
21347,4.0,1
21357,3.0,1
21358,4.0,1
21359,5.0,1
21361,3.3333333333333335,3
21365,5.0,1
21366,5.0,1
21368,5.0,1
21369,4.0,1
21372,5.0,1
21374,4.0,1
21375,5.0,1
21385,4.0,1
21387,4.333333333333333,3
21388,5.0,1
21390,4.0,1
21394,5.0,1
21395,5.0,1
21397,3.0,1
21400,4.0,1
21401,5.0,1
21404,4.0,1
21405,4.5,2
21406,4.0,1
21411,4.333333333333333,3
21415,5.0,1
21419,4.0,1
21420,5.0,1
21422,3.5,2
21423,4.0,1
21426,5.0,1
21427,4.0,1
21430,5.0,3
21433,3.5,2
21434,4.0,3
21437,4.25,4
21440,5.0,1
21442,5.0,1
21443,4.75,4
21445,5.0,1
21446,5.0,1
21447,4.0,1
21449,5.0,1
21450,5.0,2
21454,4.0,1
21456,5.0,1
21457,5.0,2
21459,4.0,1
21460,5.0,1
21461,5.0,1
21463,4.0,3
21465,5.0,1
21468,3.5,2
21469,5.0,1
21474,4.0,2
21475,4.0,1
21477,3.0,1
21479,4.0,1
21480,5.0,1
21484,5.0,1
21486,2.0,1
21488,5.0,1
21490,4.333333333333333,3
21492,4.0,1
21494,5.0,1
21499,5.0,1
21501,4.0,1
21503,1.0,1
21504,4.0,2
21505,4.666666666666667,3
21506,3.0,1
21510,2.0,1
21513,3.0,1
21514,4.0,1
21516,5.0,1
21520,4.0,1
21522,4.0,1
21523,5.0,1
21524,4.0,1
21526,4.0,1
21527,5.0,1
21529,5.0,1
21532,4.0,2
21536,5.0,1
21537,4.0,1
21538,5.0,2
21539,5.0,1
21541,3.0,1
21543,1.0,1
21546,4.0,1
21552,4.0,1
21554,5.0,1
21559,3.0,1
21560,5.0,1
21562,4.0,4
21565,5.0,1
21567,4.0,1
21568,3.0,1
21569,3.0,1
21572,4.0,2
21575,3.0,1
21577,5.0,1
21579,5.0,1
21586,4.0,1
21588,4.0,1
21589,5.0,2
21591,4.75,4
21592,4.0,1
21593,1.0,1
21596,5.0,1
21599,5.0,2
21601,5.0,1
21604,4.5,2
21606,3.0,1
21609,4.0,1
21611,5.0,1
21612,2.0,1
21614,5.0,2
21615,4.0,1
21616,4.0,1
21617,5.0,1
21621,5.0,1
21622,5.0,1
21626,5.0,1
21627,5.0,1
21628,1.0,1
21637,3.0,2
21639,4.0,1
21640,3.6666666666666665,3
21642,5.0,1
21644,5.0,1
21645,4.0,1
21646,5.0,1
21647,4.0,1
21655,4.0,2
21663,5.0,1
21665,5.0,1
21668,5.0,1
21669,3.0,1
21673,4.0,1
21677,4.0,1
21680,5.0,2
21685,5.0,1
21687,4.0,1
21688,2.0,1
21689,5.0,1
21690,5.0,1
21691,4.0,1
21692,5.0,1
21694,5.0,1
21695,5.0,1
21697,5.0,2
21698,4.0,3
21699,3.0,2
21705,4.5,2
21713,5.0,1
21714,5.0,1
21720,4.0,1
21724,3.0,1
21727,5.0,2
21731,5.0,1
21732,4.0,1
21733,3.0,1
21736,5.0,1
21737,3.0,1
21743,5.0,1
21745,2.0,1
21746,5.0,1
21748,5.0,1
21749,4.0,1
21751,3.0,1
21756,5.0,3
21759,5.0,3
21760,4.0,2
21763,4.0,1
21764,4.5,2
21770,4.0,2
21771,4.0,1
21772,5.0,2
21773,4.0,1
21779,4.5,2
21780,3.0,1
21781,3.0,1
21786,5.0,1
21795,4.0,2
21796,2.0,1
21800,5.0,1
21801,5.0,1
21803,4.0,1
21806,5.0,1
21808,5.0,1
21811,1.0,1
21812,5.0,1
21820,4.5,2
21822,5.0,1
21826,3.0,1
21827,5.0,1
21829,5.0,1
21830,5.0,1
21833,5.0,1
21834,1.0,1
21836,2.0,1
21838,3.0,1
21839,3.5,2
21841,5.0,1
21842,4.0,1
21843,5.0,3
21845,5.0,1
21847,3.5,2
21850,3.0,1
21856,4.0,1
21857,5.0,1
21859,5.0,1
21861,5.0,1
21864,3.6666666666666665,3
21867,5.0,1
21868,4.0,1
21871,5.0,1
21872,5.0,1
21874,4.0,1
21876,3.0,2
21877,5.0,2
21878,4.0,2
21879,5.0,1
21883,3.0,2
21885,3.0,1
21886,5.0,1
21887,5.0,1
21889,4.0,1
21895,5.0,1
21898,5.0,1
21899,5.0,2
21901,5.0,1
21902,5.0,2
21906,4.0,1
21907,5.0,2
21913,4.0,1
21916,3.0,1
21928,5.0,1
21930,2.0,1
21933,4.0,2
21934,4.5,2
21936,4.0,1
21937,3.5,2
21938,5.0,1
21940,5.0,1
21942,4.5,2
21943,3.0,1
21946,5.0,1
21947,4.0,1
21948,4.0,1
21951,3.0,1
21954,5.0,1
21956,4.0,3
21959,3.0,1
21962,4.0,1
21963,3.0,1
21965,5.0,1
21966,3.0,2
21968,4.0,1
21970,5.0,2
21972,4.0,1
21976,4.0,2
21978,3.5,2
21980,5.0,1
21981,4.0,1
21985,4.5,2
21987,5.0,1
21988,4.0,1
21991,5.0,1
21995,3.0,1
21998,5.0,1
22000,4.0,2
22001,4.0,1
22003,4.0,1
22004,4.333333333333333,3
22007,4.0,2
22018,4.0,1
22021,3.5,2
22022,4.5,2
22024,4.0,1
22025,4.0,1
22030,3.0,2
22032,4.0,2
22033,3.0,1
22034,4.5,2
22035,3.0,2
22037,4.0,1
22041,3.0,1
22042,3.0,1
22046,3.0,1
22047,4.0,2
22048,5.0,1
22049,4.0,1
22050,5.0,1
22052,5.0,1
22054,4.5,2
22059,4.0,1
22060,2.0,1
22064,5.0,1
22065,5.0,1
22068,4.0,1
22069,2.3333333333333335,3
22070,3.3333333333333335,3
22077,4.0,1
22080,4.0,1
22081,5.0,1
22082,4.0,1
22083,5.0,1
22087,4.0,1
22093,4.0,2
22095,5.0,1
22099,4.739130434782608,23
22101,3.0,2
22104,4.0,1
22106,5.0,1
22108,5.0,2
22111,1.0,2
22114,5.0,1
22115,4.75,4
22116,5.0,1
22117,4.5,2
22118,4.0,1
22125,3.0,1
22126,4.0,1
22128,4.0,1
22129,5.0,2
22134,4.0,1
22137,4.0,1
22140,3.0,1
22144,3.0,1
22146,5.0,1
22151,3.0,1
22156,5.0,1
22161,4.0,1
22163,5.0,1
22167,5.0,1
22171,4.0,1
22173,4.0,1
22179,5.0,1
22182,5.0,1
22183,4.0,1
22185,5.0,1
22189,5.0,2
22190,3.5,2
22195,4.0,2
22196,4.0,1
22197,3.0,1
22200,3.0,1
22201,5.0,1
22202,5.0,1
22203,4.0,1
22204,4.0,1
22206,4.5,2
22209,4.0,3
22215,4.0,4
22217,5.0,1
22218,1.0,1
22220,4.0,1
22222,4.0,3
22223,5.0,1
22225,5.0,1
22226,4.666666666666667,3
22228,5.0,1
22229,4.666666666666667,3
22238,5.0,1
22242,3.0,3
22243,4.0,1
22245,5.0,1
22247,4.0,3
22249,5.0,1
22255,4.214285714285714,14
22257,4.0,1
22258,3.5,2
22261,5.0,3
22263,5.0,2
22264,5.0,1
22265,5.0,1
22266,5.0,1
22267,3.0,1
22268,4.0,3
22270,3.5,2
22275,4.5,2
22277,5.0,1
22280,4.0,1
22286,3.0,1
22287,5.0,2
22289,4.0,1
22291,4.0,1
22292,5.0,1
22295,5.0,2
22299,4.0,1
22309,4.0,1
22310,3.5,2
22312,4.5,2
22317,5.0,1
22324,5.0,1
22325,2.0,1
22327,4.5,2
22330,4.0,1
22332,5.0,1
22335,1.0,1
22336,5.0,1
22339,3.0,1
22340,3.0,2
22346,3.0,1
22350,5.0,1
22352,5.0,1
22356,2.0,1
22358,3.0,1
22359,4.5,2
22365,5.0,1
22367,4.875,8
22369,4.0,1
22370,5.0,1
22375,2.0,1
22378,4.666666666666667,3
22380,3.0,8
22387,3.0,1
22388,3.0,1
22389,5.0,1
22390,5.0,1
22392,5.0,1
22396,4.0,1
22398,4.5,2
22400,5.0,1
22401,5.0,1
22406,4.75,4
22409,4.0,2
22410,4.0,1
22411,5.0,1
22412,4.0,1
22413,3.0,1
22414,5.0,1
22415,5.0,1
22417,4.0,2
22419,3.5,2
22420,4.5,2
22424,4.4,5
22425,5.0,1
22428,4.5,2
22429,5.0,1
22430,5.0,1
22431,4.4,5
22432,5.0,1
22434,5.0,1
22438,5.0,1
22443,5.0,1
22444,5.0,1
22446,5.0,1
22448,3.0,1
22453,5.0,1
22454,3.0,1
22463,4.0,1
22464,3.6666666666666665,3
22466,4.0,3
22470,5.0,1
22473,5.0,1
22474,5.0,1
22475,4.0,1
22477,4.5,2
22478,4.0,1
22479,5.0,2
22484,5.0,1
22489,5.0,3
22494,4.0,1
22496,3.3333333333333335,3
22497,4.0,1
22498,4.0,1
22499,5.0,1
22500,3.0,1
22501,4.0,2
22502,5.0,2
22505,3.0,1
22507,5.0,1
22508,5.0,1
22510,4.5,2
22514,4.0,2
22517,4.0,1
22518,4.0,2
22522,4.666666666666667,3
22523,5.0,2
22526,5.0,1
22528,4.0,3
22530,4.25,4
22531,4.333333333333333,3
22532,5.0,1
22534,3.0,1
22535,3.0,1
22536,5.0,1
22537,5.0,2
22539,4.666666666666667,3
22544,5.0,1
22545,3.0,1
22547,3.0,1
22552,4.5,2
22554,5.0,3
22557,5.0,1
22562,5.0,2
22564,5.0,1
22565,5.0,1
22567,3.0,1
22581,4.0,2
22587,2.0,1
22589,1.0,1
22593,4.5,2
22594,4.0,1
22599,4.0,2
22601,4.0,2
22603,4.0,1
22605,4.0,1
22608,5.0,1
22609,5.0,1
22610,4.333333333333333,3
22611,5.0,2
22622,4.0,1
22627,3.0,1
22628,2.0,1
22629,5.0,1
22630,5.0,1
22631,4.0,8
22636,4.0,1
22645,4.0,1
22650,5.0,1
22652,3.6666666666666665,3
22661,4.0,3
22666,5.0,2
22670,5.0,1
22672,4.0,2
22674,5.0,1
22676,5.0,1
22679,5.0,1
22682,5.0,1
22687,4.0,2
22690,5.0,2
22691,4.0,1
22695,3.0,1
22697,5.0,1
22698,5.0,1
22699,5.0,1
22700,3.0,1
22703,4.0,1
22709,3.0,2
22711,5.0,1
22712,5.0,1
22713,5.0,2
22715,5.0,1
22716,5.0,1
22717,4.0,1
22720,5.0,1
22723,4.0,3
22724,5.0,1
22726,4.0,2
22727,4.0,2
22732,4.0,1
22735,5.0,1
22737,5.0,1
22738,5.0,1
22739,4.0,1
22740,4.0,4
22741,4.0,2
22742,4.0,1
22744,5.0,1
22746,3.0,1
22750,3.0,1
22753,2.0,1
22758,4.0,1
22762,5.0,1
22765,4.0,1
22767,3.0,1
22769,5.0,1
22772,4.0,2
22774,3.0,1
22775,4.0,3
22776,4.0,1
22780,5.0,1
22782,5.0,1
22785,4.0,1
22786,5.0,2
22790,5.0,1
22792,5.0,1
22798,3.0,2
22801,4.0,1
22806,4.25,4
22809,4.0,1
22811,5.0,1
22812,4.0,1
22813,4.0,1
22821,4.0,3
22822,3.0,1
22823,5.0,2
22825,5.0,1
22826,5.0,1
22827,5.0,2
22833,5.0,1
22835,4.0,1
22836,5.0,1
22839,4.0,3
22840,4.0,1
22844,2.0,1
22845,5.0,1
22848,4.0,1
22849,4.0,2
22857,3.5,2
22859,5.0,1
22862,3.0,1
22869,4.0,2
22870,3.3333333333333335,3
22871,5.0,1
22873,3.0,1
22874,5.0,1
22876,5.0,1
22878,5.0,1
22879,4.5,2
22881,1.0,1
22884,5.0,1
22888,4.0,1
22889,5.0,2
22897,4.0,2
22899,3.6666666666666665,3
22906,5.0,1
22907,5.0,2
22908,4.0,1
22910,5.0,1
22912,3.0,1
22913,4.5,2
22926,3.0,1
22927,5.0,1
22931,3.0,1
22936,3.0,1
22937,5.0,1
22938,4.666666666666667,3
22942,3.0,1
22945,4.0,1
22946,5.0,1
22949,5.0,1
22953,3.5,2
22955,4.0,1
22956,2.6,5
22960,3.5,2
22962,3.0,2
22963,4.5,2
22965,5.0,1
22968,4.0,1
22971,5.0,1
22974,5.0,2
22981,5.0,1
22984,4.0,1
22985,5.0,1
22986,5.0,3
22994,4.0,1
23002,4.333333333333333,3
23005,2.0,1
23007,4.5,2
23011,5.0,1
23012,5.0,1
23013,4.0,1
23017,2.0,1
23023,5.0,2
23025,3.0,1
23038,4.0,2
23039,3.0,1
23040,3.0,1
23044,4.0,2
23045,4.0,2
23047,4.0,1
23050,3.0,1
23051,4.666666666666667,3
23053,4.0,1
23057,5.0,2
23059,5.0,1
23060,5.0,2
23061,5.0,1
23063,3.0,2
23069,5.0,1
23070,4.5,2
23073,3.25,4
23079,4.0,1
23080,4.0,1
23082,4.0,1
23087,5.0,3
23090,5.0,1
23094,2.5,2
23102,4.0,1
23103,3.0,1
23109,4.0,1
23111,4.0,1
23119,4.0,1
23121,3.5,2
23123,1.5,2
23128,4.25,4
23131,5.0,2
23132,4.0,1
23133,4.0,1
23134,3.3333333333333335,3
23136,5.0,1
23137,2.0,1
23138,4.333333333333333,3
23139,3.3333333333333335,3
23141,4.5,4
23142,4.230769230769231,13
23143,2.0,2
23144,4.0,1
23149,4.0,1
23151,5.0,2
23153,2.5,2
23154,3.0,3
23156,4.666666666666667,3
23157,5.0,1
23160,5.0,1
23165,5.0,1
23167,5.0,1
23169,2.0,1
23172,4.0,1
23173,3.0,1
23174,4.0,4
23176,4.5,2
23178,4.0,1
23179,4.0,1
23181,3.857142857142857,7
23182,4.75,8
23185,4.0,1
23186,4.666666666666667,3
23189,5.0,1
23193,4.285714285714286,7
23194,4.0,1
23198,4.5,2
23205,5.0,1
23207,4.0,1
23209,4.0,1
23211,4.0,2
23213,4.75,4
23215,3.0,1
23224,5.0,1
23228,4.0,1
23229,4.0,1
23233,4.0,2
23238,3.5,4
23240,3.0,1
23245,5.0,2
23246,5.0,1
23249,5.0,2
23253,5.0,1
23259,5.0,1
23260,4.0,1
23264,3.0,1
23265,3.4,5
23267,5.0,1
23275,5.0,1
23278,4.333333333333333,3
23280,5.0,1
23283,4.0,1
23284,4.0,1
23286,2.0,1
23290,5.0,1
23293,4.0,4
23296,5.0,1
23299,5.0,1
23302,3.0,1
23305,5.0,2
23306,3.0,1
23308,5.0,1
23309,4.2,5
23310,5.0,1
23311,5.0,1
23312,5.0,1
23313,5.0,1
23315,4.75,4
23317,1.0,1
23320,5.0,1
23321,4.0,1
23322,4.333333333333333,3
23323,4.0,6
23324,1.0,1
23325,3.5,2
23326,5.0,1
23329,3.5,2
23331,3.3333333333333335,3
23332,3.0,1
23336,3.0,1
23338,3.8,5
23339,3.0,1
23340,4.666666666666667,3
23344,4.0,1
23349,5.0,2
23352,5.0,1
23353,5.0,1
23355,3.909090909090909,11
23356,3.0,1
23357,4.0,1
23359,5.0,1
23361,4.6,5
23362,5.0,1
23369,5.0,1
23373,5.0,1
23376,4.5,2
23378,3.5,2
23384,4.0,1
23385,5.0,1
23386,5.0,1
23387,5.0,1
23389,5.0,1
23393,4.0,1
23397,3.0,1
23399,4.0,2
23400,3.6666666666666665,6
23401,5.0,1
23408,5.0,1
23410,5.0,1
23418,5.0,1
23419,5.0,1
23422,5.0,2
23424,5.0,3
23427,4.0,1
23429,3.4444444444444446,9
23441,4.0,2
23442,4.0,1
23445,5.0,1
23448,4.0,2
23450,3.0,1
23451,3.0,1
23452,4.0,1
23453,2.0,1
23456,4.0,2
23458,5.0,1
23470,4.2,10
23471,1.0,1
23472,4.0,1
23476,4.0,2
23480,5.0,1
23482,5.0,1
23487,4.0,1
23489,5.0,1
23490,5.0,1
23493,5.0,3
23494,5.0,1
23502,5.0,1
23505,4.0,2
23506,3.0,1
23512,3.7777777777777777,9
23514,3.5,2
23517,5.0,2
23519,3.1666666666666665,6
23523,4.0,1
23526,5.0,2
23529,5.0,1
23532,5.0,1
23536,3.0,1
23542,5.0,2
23545,5.0,1
23546,4.0,3
23552,4.5,2
23553,5.0,3
23555,5.0,1
23556,3.0,1
23559,5.0,1
23562,5.0,1
23563,4.0,1
23565,4.0,1
23566,5.0,1
23570,4.0,1
23571,4.0,1
23573,5.0,1
23574,4.0,1
23575,4.0,1
23579,5.0,2
23586,5.0,1
23587,5.0,1
23588,4.0,1
23590,4.666666666666667,3
23597,4.0,1
23598,5.0,1
23599,5.0,1
23601,5.0,1
23602,5.0,1
23603,3.0,1
23611,5.0,1
23613,4.0,1
23615,3.5,2
23621,3.4,5
23622,4.0,1
23625,4.0,1
23627,4.0,1
23628,5.0,1
23629,4.0,2
23634,5.0,1
23636,4.0,1
23639,5.0,1
23643,5.0,1
23646,5.0,1
23647,4.0,1
23649,5.0,1
23653,4.0,1
23656,5.0,1
23659,5.0,2
23667,4.0,1
23669,5.0,2
23670,3.5,2
23671,4.0,1
23674,4.0,1
23678,5.0,1
23681,4.0,1
23687,3.0,1
23689,5.0,1
23691,4.0,1
23697,4.0,2
23698,3.0,1
23699,3.0,1
23701,3.0,1
23703,4.0,1
23705,5.0,1
23706,5.0,1
23707,4.0,1
23709,5.0,1
23710,4.0,1
23711,1.0,2
23713,5.0,2
23714,4.666666666666667,3
23717,4.0,1
23719,5.0,1
23721,5.0,1
23722,1.0,1
23726,5.0,1
23729,4.25,4
23732,4.0,1
23733,1.0,1
23734,5.0,1
23736,5.0,1
23739,3.5,4
23740,4.5,2
23741,4.0,1
23743,3.0,1
23746,5.0,2
23747,3.0,1
23748,5.0,1
23749,3.0,1
23752,4.25,4
23753,2.0,1
23754,5.0,1
23755,5.0,1
23758,4.0,4
23762,3.0,1
23765,5.0,1
23766,4.333333333333333,6
23767,1.0,1
23770,5.0,2
23772,4.0,1
23773,1.0,1
23776,5.0,1
23780,5.0,1
23782,3.6666666666666665,3
23785,4.0,1
23787,5.0,1
23788,4.0,1
23789,5.0,1
23792,5.0,1
23801,4.0,1
23804,5.0,1
23805,5.0,1
23806,4.0,3
23808,3.0,1
23810,4.0,1
23817,4.0,1
23818,3.0,1
23821,5.0,1
23824,5.0,1
23825,5.0,1
23826,4.0,1
23827,5.0,1
23828,4.0,1
23830,4.0,1
23832,4.0,2
23833,4.0,1
23834,4.5,2
23840,5.0,1
23841,5.0,2
23842,5.0,2
23843,5.0,1
23850,4.0,1
23851,4.5,2
23862,4.0,1
23864,4.0,1
23867,5.0,1
23868,5.0,1
23869,5.0,1
23873,4.0,2
23874,3.0,1
23875,3.0,1
23879,5.0,6
23886,4.0,1
23888,3.5,2
23890,3.0,1
23894,4.0,2
23895,5.0,1
23900,5.0,2
23902,5.0,1
23903,4.0,1
23908,5.0,1
23909,3.5,2
23913,4.0,1
23915,3.0,1
23919,4.0,1
23920,4.0,1
23923,4.333333333333333,3
23925,5.0,1
23926,4.5,2
23927,4.0,1
23929,5.0,1
23930,4.0,3
23936,5.0,1
23937,5.0,1
23938,3.0,1
23940,5.0,1
23943,5.0,1
23948,4.0,1
23949,4.0,1
23950,4.0,3
23951,4.666666666666667,3
23957,5.0,1
23959,5.0,1
23961,3.0,1
23962,4.0,1
23975,4.0,1
23977,5.0,1
23982,3.0,2
23984,5.0,1
23989,4.0,1
23991,4.0,1
23994,2.0,1
23995,3.0,1
23997,2.0,1
24000,4.0,1
24002,4.0,1
24004,3.0,1
24005,4.5,2
24007,5.0,1
24019,4.0,1
24024,1.0,1
24025,5.0,1
24029,5.0,1
24030,3.0,1
24032,3.5,2
24033,4.0,1
24035,4.0,1
24036,5.0,1
24037,5.0,1
24039,3.0,1
24040,5.0,1
24042,5.0,2
24047,4.0,1
24050,5.0,1
24054,4.0,1
24057,5.0,1
24058,3.0,1
24059,5.0,1
24060,4.0,1
24066,4.0,1
24067,4.0,1
24068,5.0,1
24069,4.0,1
24071,5.0,1
24072,4.0,1
24073,3.0,1
24077,5.0,1
24082,4.0,1
24086,4.0,1
24088,2.0,1
24091,2.0,2
24092,5.0,1
24093,5.0,2
24095,5.0,1
24096,3.0,1
24097,5.0,1
24098,5.0,1
24105,4.0,1
24106,4.0,1
24113,3.0,1
24114,5.0,1
24121,4.5,2
24122,3.0,1
24123,3.0,1
24124,5.0,1
24127,5.0,1
24129,4.0,2
24131,4.0,1
24132,4.0,1
24133,5.0,1
24137,5.0,1
24146,3.5,2
24158,5.0,2
24160,5.0,1
24161,5.0,1
24162,5.0,1
24165,4.0,1
24167,4.0,1
24174,4.285714285714286,7
24179,5.0,2
24181,5.0,1
24183,4.0,1
24186,5.0,1
24187,3.0,2
24189,5.0,1
24190,2.0,1
24197,4.0,1
24200,5.0,1
24201,5.0,1
24205,5.0,1
24207,5.0,2
24209,4.0,4
24216,3.0,2
24223,4.0,2
24225,5.0,1
24228,5.0,1
24229,5.0,1
24230,5.0,1
24232,4.5,2
24234,5.0,1
24235,5.0,1
24237,5.0,1
24242,5.0,1
24245,3.0,1
24248,4.666666666666667,3
24249,4.0,1
24250,4.6,5
24251,4.0,2
24252,3.0,2
24253,4.0,1
24255,3.0,2
24256,4.0,3
24257,4.0,2
24258,5.0,1
24260,4.0,3
24262,5.0,1
24263,5.0,1
24268,5.0,2
24271,5.0,1
24273,3.0,1
24274,2.0,1
24275,4.0,1
24276,5.0,1
24277,5.0,1
24278,5.0,1
24280,5.0,1
24282,4.0,1
24283,4.0,1
24290,5.0,1
24292,3.0,1
24294,3.0,1
24295,5.0,1
24299,4.0,3
24300,4.0,1
24311,2.0,1
24315,5.0,2
24316,5.0,1
24329,3.0,1
24330,4.0,1
24332,2.0,1
24342,4.0,1
24344,4.0,1
24345,5.0,2
24346,5.0,1
24347,5.0,1
24349,5.0,1
24350,4.0,2
24352,4.0,1
24353,4.0,2
24354,4.0,1
24356,3.0,1
24361,4.5,2
24362,4.0,1
24371,5.0,1
24373,5.0,1
24380,5.0,2
24381,5.0,1
24386,5.0,1
24389,4.0,1
24392,5.0,1
24393,5.0,1
24399,5.0,3
24401,5.0,1
24403,3.5,2
24405,5.0,1
24408,5.0,1
24410,2.0,2
24412,4.0,1
24414,5.0,2
24415,4.0,1
24417,2.0,1
24419,5.0,1
24421,5.0,1
24423,4.5,2
24426,4.0,1
24428,3.0,1
24432,5.0,1
24433,3.5,4
24434,5.0,1
24435,5.0,2
24436,5.0,1
24437,5.0,1
24439,5.0,1
24447,5.0,2
24449,5.0,1
24453,4.0,1
24457,3.5,2
24459,5.0,1
24462,5.0,1
24465,5.0,1
24468,3.5,2
24470,5.0,1
24474,4.333333333333333,3
24476,5.0,1
24478,4.0,1
24479,4.0,1
24482,5.0,1
24483,5.0,2
24485,5.0,1
24487,5.0,1
24489,4.0,2
24491,5.0,1
24492,4.0,1
24493,3.5,2
24501,5.0,1
24502,5.0,1
24504,4.0,1
24506,5.0,1
24507,4.0,1
24510,4.0,1
24512,5.0,1
24513,2.5,2
24514,5.0,1
24515,5.0,1
24520,5.0,1
24521,3.0,1
24532,4.0,1
24533,4.0,1
24534,3.5,2
24536,3.0,1
24541,2.0,1
24543,4.0,2
24545,4.5,2
24546,4.0,1
24547,4.0,1
24548,3.0,1
24550,5.0,1
24551,4.0,1
24558,2.0,1
24560,5.0,1
24562,5.0,1
24563,4.5,2
24569,5.0,1
24576,5.0,1
24577,5.0,1
24584,3.0,1
24592,2.0,1
24593,4.0,1
24595,4.0,1
24597,5.0,1
24603,3.0,1
24606,4.375,8
24607,4.0,3
24608,5.0,1
24609,5.0,1
24612,5.0,2
24613,4.0,1
24622,5.0,1
24625,4.0,1
24627,5.0,2
24630,5.0,1
24636,4.0,1
24637,3.0,1
24638,3.0,1
24640,5.0,1
24641,5.0,1
24642,5.0,1
24643,2.0,2
24645,5.0,1
24648,5.0,1
24649,5.0,1
24650,4.0,1
24651,4.0,1
24653,5.0,1
24657,4.0,1
24659,4.0,1
24661,5.0,1
24664,5.0,1
24665,4.2,5
24672,3.0,1
24673,4.0,1
24675,5.0,1
24677,5.0,2
24680,4.0,1
24683,5.0,1
24684,4.0,1
24685,3.0,1
24686,5.0,1
24689,3.0,1
24690,3.5,4
24691,5.0,1
24693,4.5,4
24696,5.0,1
24699,4.0,1
24700,2.0,1
24702,5.0,1
24705,4.0,1
24706,5.0,2
24707,3.0,1
24709,4.333333333333333,3
24710,4.0,1
24712,5.0,1
24713,4.285714285714286,7
24715,4.0,1
24718,5.0,1
24719,5.0,1
24721,5.0,1
24731,1.0,1
24735,4.0,1
24736,4.5,2
24737,4.0,1
24742,4.0,1
24743,4.0,1
24747,5.0,1
24749,5.0,2
24750,3.5,2
24754,4.0,2
24755,4.5,4
24756,5.0,1
24759,4.0,1
24761,4.0,1
24762,4.0,1
24764,5.0,1
24766,4.0,1
24769,5.0,3
24778,5.0,4
24779,5.0,1
24781,3.0,2
24782,5.0,2
24783,4.5,2
24785,5.0,1
24786,3.0,1
24788,4.0,3
24791,5.0,1
24792,4.5,2
24794,5.0,1
24795,3.0,2
24799,3.0,2
24800,5.0,1
24802,4.0,1
24807,5.0,1
24808,4.5,2
24809,5.0,3
24811,4.0,1
24815,1.0,2
24816,5.0,1
24817,5.0,1
24818,5.0,1
24823,5.0,1
24824,2.0,1
24826,4.0,1
24827,4.0,1
24828,3.0,1
24829,5.0,2
24833,4.0,3
24838,4.0,2
24840,3.0,2
24841,5.0,1
24842,4.0,1
24843,4.5,2
24855,5.0,1
24856,4.0,1
24861,4.5,2
24862,5.0,1
24867,4.0,2
24868,4.0,2
24869,5.0,1
24877,3.0,1
24878,3.0,2
24881,3.0,1
24882,5.0,1
24883,3.0,1
24887,5.0,1
24888,5.0,1
24893,3.6666666666666665,3
24897,5.0,1
24909,4.0,1
24910,3.5,2
24916,3.0,2
24919,5.0,1
24920,4.0,3
24925,4.0,2
24929,5.0,2
24930,5.0,1
24940,4.0,3
24941,3.0,1
24943,5.0,1
24944,4.0,2
24945,5.0,1
24948,5.0,1
24950,4.0,2
24952,5.0,1
24955,4.0,1
24957,4.0,1
24958,4.0,1
24959,5.0,1
24961,5.0,1
24962,4.5,2
24965,5.0,2
24966,5.0,3
24967,5.0,2
24968,5.0,1
24969,4.0,2
24973,3.0,1
24978,3.0,1
24979,5.0,1
24981,4.285714285714286,7
24983,2.0,1
24984,5.0,2
24987,4.0,1
24991,5.0,1
24993,4.0,2
24996,4.0,1
25001,5.0,1
25007,4.0,1
25008,4.0,2
25009,4.0,1
25011,3.0,1
25012,5.0,1
25017,4.0,1
25018,5.0,1
25019,4.333333333333333,3
25020,5.0,1
25022,5.0,1
25023,5.0,1
25029,5.0,1
25030,4.0,1
25033,4.0,1
25035,4.0,2
25039,4.0,1
25040,4.0,1
25048,4.0,1
25053,5.0,1
25054,4.0,1
25056,3.5,4
25067,5.0,1
25070,4.0,1
25071,1.0,1
25076,1.0,1
25079,4.0,1
25081,2.5,2
25082,5.0,1
25083,4.0,1
25093,3.5,4
25099,5.0,1
25101,4.0,1
25116,5.0,1
25120,3.0,1
25124,4.0,1
25127,4.0,2
25130,5.0,1
25138,4.0,1
25142,4.0,1
25151,2.0,1
25152,3.5,6
25153,5.0,1
25154,5.0,1
25156,4.0,1
25159,4.0,1
25161,4.0,1
25162,3.0,1
25164,4.5,2
25165,4.0,2
25166,5.0,1
25167,5.0,2
25171,4.0,1
25172,5.0,1
25176,4.25,4
25178,4.0,1
25181,4.0,1
25186,3.0,1
25187,5.0,1
25188,5.0,1
25191,5.0,1
25198,5.0,1
25200,4.0,2
25201,4.666666666666667,3
25204,4.0,4
25206,5.0,1
25215,4.0,3
25223,5.0,1
25224,2.0,1
25228,4.0,1
25230,3.0,1
25233,3.5,2
25234,3.0,1
25239,4.0,3
25246,4.0,2
25247,4.333333333333333,3
25250,3.0,2
25252,4.5,2
25254,4.0,1
25259,4.666666666666667,3
25262,4.0,1
25264,4.5,2
25268,5.0,1
25273,4.0,3
25274,4.5,2
25277,4.5,2
25278,4.0,4
25279,3.0,1
25280,4.0,1
25284,2.0,1
25285,4.6,10
25292,4.25,8
25293,5.0,3
25294,3.0,2
25299,3.0,2
25306,5.0,1
25309,2.0,1
25326,4.0,1
25329,4.0,1
25331,5.0,1
25334,4.0,4
25338,2.0,1
25343,3.5,2
25346,5.0,1
25349,3.5,4
25350,5.0,1
25355,5.0,1
25356,4.0,1
25363,3.0,1
25368,3.0,1
25371,5.0,1
25372,4.0,2
25373,3.0,1
25377,4.5,2
25378,2.0,1
25379,5.0,1
25384,4.0,1
25385,4.0,4
25386,5.0,1
25394,5.0,4
25396,5.0,1
25399,5.0,1
25405,2.0,1
25412,5.0,1
25414,5.0,1
25423,2.0,1
25424,5.0,1
25425,4.0,1
25426,1.0,1
25428,4.5,4
25431,3.75,4
25432,5.0,1
25436,3.0,1
25441,4.0,1
25443,5.0,2
25444,4.5,4
25449,4.0,1
25451,3.0,2
25454,5.0,2
25458,5.0,1
25460,2.0,1
25463,4.666666666666667,3
25465,5.0,1
25469,5.0,1
25472,5.0,1
25473,4.666666666666667,3
25477,5.0,1
25478,4.0,2
25481,5.0,1
25483,5.0,1
25485,4.0,1
25489,3.0,2
25490,5.0,1
25493,4.0,1
25494,1.0,1
25495,5.0,1
25496,4.0,2
25498,5.0,1
25499,4.0,1
25503,5.0,2
25505,5.0,2
25508,5.0,2
25509,5.0,1
25510,3.0,1
25517,3.5,2
25520,3.0,1
25526,5.0,2
25529,4.666666666666667,3
25532,3.0,1
25536,3.0,1
25537,5.0,1
25539,5.0,1
25543,3.0,2
25544,5.0,1
25546,4.0,1
25551,3.0,2
25561,5.0,1
25563,4.0,3
25564,4.0,1
25565,5.0,1
25566,4.0,1
25568,4.0,1
25569,1.0,1
25571,3.75,4
25578,5.0,2
25580,1.0,1
25586,4.0,2
25590,5.0,1
25592,5.0,2
25595,4.0,1
25596,4.0,1
25600,4.0,1
25601,5.0,1
25605,4.0,1
25607,3.0,2
25608,3.5,2
25609,4.0,1
25614,4.0,1
25618,4.5,2
25621,5.0,1
25624,5.0,1
25628,4.0,1
25631,4.5,2
25632,5.0,1
25633,5.0,1
25634,5.0,1
25635,5.0,2
25638,3.0,1
25639,4.25,4
25641,4.0,1
25643,5.0,2
25644,5.0,1
25645,5.0,1
25646,4.0,1
25647,3.6666666666666665,3
25654,3.0,1
25655,3.3333333333333335,3
25658,4.0,1
25659,4.0,1
25669,5.0,1
25670,4.333333333333333,3
25674,3.6666666666666665,3
25675,3.0,1
25676,4.0,1
25677,4.0,1
25680,4.0,1
25682,4.666666666666667,3
25683,4.0,2
25684,4.0,1
25685,4.5,2
25686,5.0,1
25688,5.0,1
25690,5.0,1
25691,3.0,2
25700,5.0,1
25701,5.0,1
25702,3.0,2
25705,4.0,1
25707,5.0,1
25708,5.0,1
25714,4.75,4
25717,3.6666666666666665,9
25725,3.0,1
25730,5.0,3
25747,5.0,1
25750,5.0,1
25751,5.0,2
25754,4.0,1
25755,4.0,2
25756,5.0,2
25759,4.0,1
25762,4.4,5
25763,4.0,1
25765,3.75,4
25766,4.0,2
25768,5.0,1
25770,3.0,1
25771,5.0,1
25772,5.0,1
25773,5.0,1
25775,4.5,2
25781,3.0,1
25782,4.0,2
25783,4.0,1
25785,4.0,1
25788,3.0,1
25796,5.0,2
25798,4.0,1
25804,4.0,3
25807,3.0,1
25808,5.0,2
25810,5.0,1
25811,4.0,1
25814,5.0,1
25816,4.0,3
25819,5.0,1
25820,5.0,1
25823,4.0,1
25824,5.0,1
25826,5.0,1
25832,5.0,1
25834,3.5,6
25837,3.6666666666666665,3
25841,4.0,1
25843,4.0,1
25845,2.0,1
25849,5.0,1
25852,4.0,1
25854,4.0,1
25856,5.0,1
25861,4.0,2
25863,5.0,1
25869,3.0,1
25875,2.0,1
25881,5.0,1
25882,3.0,1
25885,5.0,1
25887,4.555555555555555,9
25889,3.0,2
25895,4.0,3
25906,4.0,1
25909,4.5,2
25910,2.0,1
25911,5.0,1
25913,3.0,1
25915,5.0,1
25917,3.0,2
25920,3.0,2
25925,2.6666666666666665,3
25927,4.0,1
25932,3.0,3
25933,4.0,1
25936,2.0,1
25938,5.0,1
25941,5.0,2
25942,3.3333333333333335,3
25943,3.0,1
25948,5.0,1
25953,4.0,1
25955,4.666666666666667,3
25957,4.5,2
25963,4.0,22
25964,5.0,2
25966,5.0,1
25967,4.0,1
25974,4.0,1
25976,5.0,1
25978,5.0,1
25979,4.0,5
25980,2.0,1
25985,4.0,1
25986,3.25,4
25993,4.5,2
25994,5.0,1
25995,4.5,4
25996,4.0,1
25997,1.0,1
26000,3.0,1
26001,5.0,1
26003,4.5,2
26004,3.0,1
26007,5.0,2
26008,3.0,1
26009,5.0,1
26021,5.0,1
26025,5.0,2
26026,5.0,1
26027,4.0,2
26033,4.0,1
26034,5.0,1
26039,5.0,3
26040,5.0,1
26042,5.0,1
26043,4.0,2
26046,4.0,1
26047,5.0,1
26048,5.0,1
26049,2.0,1
26060,3.0,1
26061,5.0,1
26064,5.0,1
26066,4.0,2
26075,3.0,1
26079,4.5,2
26080,4.0,1
26084,5.0,1
26087,5.0,1
26091,4.0,1
26094,4.0,1
26096,5.0,1
26100,2.0,1
26103,5.0,1
26106,5.0,1
26107,4.5,2
26108,5.0,2
26119,3.0,1
26121,5.0,1
26123,5.0,1
26124,4.25,4
26125,3.5,2
26126,3.0,1
26128,5.0,1
26129,3.0,1
26130,3.0,2
26134,4.0,1
26135,4.0,1
26139,5.0,1
26141,5.0,1
26142,3.0,3
26143,3.0,1
26145,5.0,1
26146,5.0,1
26147,4.0,1
26150,4.25,4
26153,5.0,1
26156,4.0,1
26158,4.0,1
26159,4.333333333333333,3
26160,5.0,1
26161,5.0,1
26162,4.0,1
26163,4.0,1
26165,4.0,1
26168,3.0,2
26171,5.0,2
26174,1.0,1
26175,3.0,1
26178,4.0,1
26179,5.0,1
26180,5.0,1
26187,5.0,1
26189,5.0,1
26191,3.0,1
26192,5.0,1
26194,4.0,1
26200,5.0,1
26202,5.0,1
26204,4.0,1
26205,4.0,1
26207,5.0,1
26209,4.0,1
26212,4.0,1
26213,4.0,1
26214,4.5,4
26215,3.0,1
26218,4.0,1
26222,3.0,1
26223,3.5,8
26225,4.0,2
26226,4.222222222222222,9
26227,5.0,1
26229,4.0,1
26231,5.0,1
26235,4.4,15
26236,4.0,1
26241,4.0,1
26245,4.0,1
26246,4.0,1
26253,5.0,1
26254,5.0,1
26257,3.0,1
26265,4.0,1
26271,4.05,20
26275,4.0,7
26276,3.6666666666666665,3
26278,4.0,1
26280,5.0,1
26282,4.0,1
26287,3.0,1
26296,5.0,1
26307,5.0,1
26309,5.0,1
26311,4.5,2
26313,3.5,2
26329,3.0,1
26330,5.0,1
26331,4.0,1
26333,4.625,16
26335,3.4,5
26337,4.0,1
26344,4.2727272727272725,11
26346,5.0,1
26347,4.0,1
26354,5.0,2
26358,4.5,2
26362,4.0,2
26363,5.0,1
26366,5.0,1
26367,4.0,2
26369,4.25,4
26370,5.0,1
26373,3.5,2
26377,4.0,1
26378,5.0,1
26380,4.0,1
26389,4.0,3
26392,4.0,1
26394,4.0,1
26395,5.0,2
26398,4.0,2
26412,5.0,1
26415,4.666666666666667,3
26417,1.0,1
26418,3.0,1
26420,5.0,1
26422,4.0,1
26424,5.0,1
26432,5.0,1
26433,3.0,1
26437,5.0,1
26440,4.0,1
26441,4.666666666666667,3
26443,4.0,1
26447,5.0,1
26451,3.0,1
26458,4.0,1
26459,5.0,1
26460,3.5,2
26462,3.0,1
26463,2.5,2
26466,5.0,2
26473,5.0,2
26476,4.0,1
26486,3.0,1
26488,4.25,4
26491,5.0,2
26498,5.0,1
26499,3.875,8
26500,5.0,1
26502,3.0,1
26504,3.0,1
26508,5.0,1
26510,4.0,1
26519,4.0,1
26520,3.0,1
26522,4.0,1
26523,5.0,1
26524,4.0,2
26525,5.0,1
26530,5.0,1
26532,3.0,1
26533,4.333333333333333,3
26534,3.0,1
26537,5.0,1
26541,4.0,1
26545,4.0,1
26546,4.5,2
26548,4.0,3
26551,3.0,1
26552,5.0,1
26559,5.0,1
26568,4.666666666666667,3
26569,5.0,1
26574,5.0,1
26576,5.0,1
26577,5.0,1
26585,3.0,1
26593,5.0,1
26594,3.0,1
26597,3.0,2
26598,4.0,1
26601,5.0,1
26602,4.0,1
26604,5.0,1
26608,5.0,2
26610,4.5,2
26611,4.666666666666667,3
26612,5.0,2
26617,3.75,4
26619,1.0,1
26620,5.0,2
26623,3.0,1
26627,5.0,2
26628,5.0,1
26632,5.0,1
26636,4.0,1
26643,4.333333333333333,3
26644,4.25,4
26646,5.0,1
26648,3.0,2
26649,3.0,1
26650,2.0,1
26654,4.0,1
26655,4.0,1
26656,4.0,1
26664,5.0,3
26670,4.75,4
26672,4.0,1
26675,3.0,1
26677,5.0,1
26679,5.0,1
26686,5.0,1
26687,5.0,1
26692,5.0,1
26695,4.0,1
26699,5.0,1
26701,5.0,1
26703,5.0,1
26706,5.0,1
26711,5.0,1
26714,4.0,1
26716,4.0,2
26720,3.5,2
26721,3.0,1
26726,3.5,2
26729,3.0,1
26730,3.0,1
26731,5.0,1
26734,4.0,1
26735,4.5,2
26738,5.0,2
26742,2.0,1
26743,4.0,1
26745,5.0,1
26749,5.0,1
26753,4.0,1
26754,4.0,2
26755,5.0,1
26758,2.0,1
26759,5.0,2
26762,5.0,1
26763,5.0,1
26764,4.0,1
26766,5.0,1
26767,2.0,1
26770,3.0,1
26774,5.0,2
26775,4.5,2
26777,4.0,2
26778,4.0,1
26781,4.0,1
26785,3.0,1
26790,5.0,1
26791,4.0,1
26795,3.0,1
26797,4.0,1
26800,5.0,1
26803,4.0,1
26804,5.0,1
26811,4.666666666666667,3
26816,4.0,3
26824,3.0,1
26827,4.5,2
26836,2.0,1
26837,3.0,1
26839,4.0,1
26843,5.0,1
26848,4.0,2
26849,3.5,2
26850,5.0,1
26856,5.0,1
26858,2.0,1
26859,4.5,6
26862,5.0,1
26864,4.75,4
26868,3.0,1
26869,5.0,1
26870,2.0,1
26872,4.5,4
26877,5.0,2
26879,5.0,1
26881,4.5,2
26883,5.0,1
26884,5.0,2
26885,3.3333333333333335,3
26891,5.0,1
26892,4.0,1
26893,3.0,1
26898,4.5,4
26901,4.0,1
26902,4.0,1
26905,4.0,2
26907,5.0,1
26909,3.0,1
26910,5.0,2
26912,5.0,1
26913,5.0,1
26922,5.0,1
26924,5.0,1
26925,3.8,5
26928,3.5,2
26929,5.0,1
26931,5.0,1
26936,5.0,1
26941,5.0,2
26948,5.0,1
26952,5.0,1
26956,2.0,1
26961,4.0,1
26962,5.0,1
26966,4.0,1
26974,5.0,1
26976,5.0,1
26980,5.0,1
26981,4.0,1
26983,5.0,1
26986,4.857142857142857,7
26987,5.0,1
26988,5.0,1
26989,1.0,1
26990,4.0,4
26998,3.3333333333333335,3
26999,5.0,1
27001,4.0,1
27005,5.0,1
27006,5.0,2
27009,5.0,1
27011,5.0,1
27012,4.0,1
27013,4.0,1
27015,4.0,1
27016,5.0,1
27017,4.0,3
27020,3.0,1
27021,5.0,1
27024,5.0,3
27025,4.0,2
27027,3.0,1
27029,3.0,1
27039,4.0,1
27040,5.0,1
27041,5.0,2
27043,4.0,1
27046,4.0,4
27051,4.0,2
27055,4.5,2
27056,5.0,1
27058,4.0,1
27059,3.0,2
27060,3.0,1
27061,5.0,1
27069,5.0,1
27070,5.0,1
27075,5.0,1
27076,3.5,2
27078,5.0,1
27079,3.0,1
27084,4.0,1
27087,5.0,1
27089,3.0,1
27091,5.0,1
27097,3.75,4
27101,5.0,1
27114,4.0,3
27122,5.0,1
27128,4.0,1
27129,5.0,4
27130,5.0,1
27133,4.0,1
27134,2.0,1
27137,4.0,2
27138,3.25,4
27139,4.0,2
27140,5.0,1
27141,5.0,1
27143,5.0,1
27146,4.0,1
27147,4.0,1
27150,3.0,1
27154,4.0,1
27156,4.0,1
27157,4.333333333333333,3
27160,5.0,1
27163,5.0,1
27165,2.0,1
27166,5.0,1
27167,4.0,1
27170,5.0,1
27176,5.0,2
27178,4.0,1
27190,4.0,1
27197,5.0,3
27201,5.0,1
27203,5.0,2
27204,5.0,2
27206,4.0,1
27212,5.0,1
27214,5.0,1
27219,4.5,2
27222,4.0,2
27224,4.0,2
27226,5.0,1
27228,5.0,1
27231,4.0,1
27232,4.0,1
27234,5.0,1
27237,3.5,2
27240,3.6666666666666665,3
27244,3.0,1
27245,3.5,2
27249,4.0,1
27251,4.0,1
27252,5.0,1
27254,4.0,1
27262,4.0,1
27264,5.0,1
27271,4.0,4
27275,4.0,2
27277,4.0,1
27281,5.0,2
27284,4.0,1
27285,5.0,1
27286,5.0,1
27288,5.0,1
27290,5.0,1
27294,5.0,1
27295,4.0,1
27296,5.0,1
27299,5.0,2
27301,5.0,2
27303,5.0,2
27308,4.0,1
27314,4.75,4
27318,5.0,1
27323,5.0,1
27325,4.333333333333333,3
27329,5.0,1
27334,4.0,1
27342,5.0,1
27348,4.0,1
27350,5.0,2
27351,5.0,1
27353,4.0,1
27356,3.0,1
27362,3.0,1
27370,3.0,1
27372,5.0,1
27379,4.0,1
27380,4.0,1
27390,5.0,1
27391,3.0,1
27394,4.0,3
27395,3.5,2
27406,5.0,1
27407,2.6666666666666665,3
27410,5.0,1
27417,5.0,2
27420,4.0,1
27426,5.0,1
27427,4.8,5
27432,4.5,2
27443,5.0,1
27444,4.0,1
27449,4.5,2
27450,5.0,1
27453,5.0,1
27464,5.0,1
27467,4.0,1
27469,5.0,1
27472,5.0,1
27473,3.0,1
27485,4.0,1
27487,3.0,1
27488,1.0,1
27489,4.0,1
27490,5.0,2
27492,3.5,2
27496,5.0,1
27498,4.0,1
27499,3.0,1
27500,3.0,1
27501,4.0,1
27505,4.0,1
27506,3.0,1
27507,5.0,1
27511,5.0,1
27512,4.0,1
27514,2.0,1
27516,3.0,1
27517,4.0,1
27526,5.0,1
27527,4.0,1
27531,5.0,1
27535,2.0,1
27537,4.0,1
27538,5.0,2
27545,3.0,1
27548,4.0,1
27549,4.0,1
27550,4.666666666666667,3
27551,5.0,1
27555,3.0,1
27556,5.0,1
27558,5.0,1
27559,5.0,1
27560,5.0,1
27562,5.0,1
27568,4.0,1
27579,3.0,2
27581,5.0,2
27583,4.0,1
27585,3.0,1
27587,2.0,1
27590,4.0,2
27594,4.0,1
27595,3.0,1
27597,5.0,1
27598,4.0,2
27599,4.0,1
27600,3.0,1
27603,3.6666666666666665,3
27611,4.5,2
27617,4.333333333333333,3
27618,4.0,2
27620,4.0,1
27627,5.0,1
27629,4.0,1
27634,5.0,1
27636,5.0,1
27637,5.0,1
27641,5.0,1
27642,5.0,2
27644,4.5,2
27645,4.0,1
27646,3.0,1
27651,4.0,1
27655,4.0,1
27656,4.4,5
27657,5.0,1
27658,4.0,1
27659,5.0,1
27662,5.0,2
27663,5.0,1
27666,5.0,1
27668,5.0,1
27669,4.0,1
27670,5.0,1
27672,5.0,1
27677,4.75,4
27679,5.0,1
27680,2.0,1
27681,5.0,2
27695,3.0,2
27698,5.0,1
27700,5.0,1
27701,5.0,1
27705,4.0,1
27707,4.166666666666667,6
27708,5.0,1
27710,4.0,1
27712,4.5,2
27718,4.0,2
27722,4.0,2
27724,5.0,1
27729,5.0,1
27734,5.0,1
27735,5.0,1
27740,4.0,1
27741,3.0,1
27742,4.0,1
27749,3.0,2
27752,5.0,1
27753,4.0,1
27759,5.0,1
27766,4.0,1
27767,4.0,1
27769,5.0,1
27771,4.0,1
27778,4.666666666666667,3
27781,4.0,1
27787,4.0,3
27791,5.0,1
27794,3.0,1
27795,4.0,1
27796,3.5,2
27797,5.0,1
27798,3.0,1
27803,5.0,1
27810,5.0,1
27811,5.0,1
27813,5.0,1
27818,4.0,1
27821,4.0,1
27822,4.25,4
27823,5.0,1
27825,4.0,1
27830,5.0,1
27832,4.0,1
27834,4.0,1
27837,4.4,5
27838,5.0,1
27839,3.0,1
27840,5.0,1
27844,3.0,2
27851,5.0,1
27853,5.0,1
27854,5.0,1
27855,5.0,1
27856,5.0,1
27857,5.0,1
27865,4.0,1
27867,4.0,1
27868,3.5,2
27870,4.0,1
27871,4.0,1
27876,5.0,1
27883,4.5,2
27885,5.0,1
27887,3.0,1
27889,5.0,1
27890,5.0,2
27892,5.0,1
27893,5.0,2
27897,5.0,1
27898,5.0,1
27903,4.0,1
27905,2.0,1
27914,4.0,1
27917,4.0,2
27920,4.0,1
27923,3.0,1
27932,4.5,4
27934,4.0,1
27938,5.0,1
27939,3.0,1
27945,3.5,2
27946,4.5,2
27948,4.0,1
27950,3.0,1
27954,5.0,1
27955,5.0,1
27956,4.0,1
27957,3.0,2
27959,4.333333333333333,3
27963,4.0,1
27968,5.0,1
27977,4.0,2
27986,4.0,1
27988,3.0,1
27989,5.0,1
27990,4.0,1
27991,4.0,4
27993,5.0,1
27996,4.666666666666667,3
27998,5.0,1
27999,5.0,1
28000,4.0,1
28004,5.0,1
28008,4.0,1
28010,5.0,1
28016,3.0,1
28019,4.0,1
28022,4.0,1
28024,3.0,1
28027,4.0,1
28030,5.0,1
28031,5.0,2
28035,5.0,1
28044,3.0,1
28051,3.0,1
28053,1.0,1
28059,5.0,1
28061,5.0,1
28065,5.0,1
28067,5.0,2
28068,5.0,1
28069,5.0,1
28070,5.0,1
28072,5.0,1
28078,4.0,1
28079,4.0,2
28083,5.0,1
28094,5.0,1
28097,5.0,1
28098,5.0,1
28104,2.5,2
28105,3.0,1
28106,4.0,1
28111,5.0,1
28114,4.333333333333333,3
28115,1.0,1
28119,1.0,1
28122,5.0,1
28127,5.0,1
28130,5.0,1
28133,5.0,1
28136,4.0,1
28141,4.0,1
28142,4.0,1
28148,1.0,1
28151,4.0,3
28155,4.0,2
28158,5.0,1
28159,3.0,1
28164,3.0,1
28167,1.0,1
28169,4.0,1
28171,4.0,3
28173,5.0,1
28174,5.0,1
28176,5.0,1
28180,2.0,1
28181,5.0,3
28182,5.0,1
28192,4.0,3
28194,5.0,1
28195,4.0,1
28196,4.0,2
28197,3.5,2
28198,5.0,1
28199,3.0,1
28201,4.0,1
28205,4.0,1
28207,5.0,1
28213,5.0,1
28214,3.6666666666666665,3
28222,1.0,1
28225,3.0,1
28230,5.0,2
28232,4.0,1
28234,5.0,1
28237,4.5,2
28240,4.0,1
28241,4.0,1
28244,5.0,1
28245,4.333333333333333,3
28248,3.25,4
28249,3.0,1
28251,5.0,1
28255,5.0,2
28257,5.0,1
28258,4.0,1
28260,4.0,1
28264,5.0,3
28270,4.0,1
28272,4.0,1
28275,5.0,1
28287,1.0,1
28289,4.0,2
28294,3.0,1
28295,5.0,1
28299,5.0,2
28301,3.0,2
28302,3.0,2
28306,3.0,2
28308,2.0,1
28309,5.0,1
28315,4.0,1
28328,4.666666666666667,3
28331,3.0,1
28336,5.0,1
28337,4.0,1
28338,1.0,1
28340,5.0,1
28341,3.0,1
28342,4.0,1
28351,5.0,1
28354,4.0,1
28356,5.0,1
28357,3.5,2
28362,5.0,1
28365,5.0,1
28366,3.0,1
28370,5.0,1
28371,5.0,1
28375,2.0,1
28376,4.0,6
28380,4.0,1
28381,3.5,2
28391,5.0,1
28392,4.0,2
28393,5.0,1
28394,4.0,1
28395,3.6666666666666665,3
28399,2.0,1
28401,5.0,1
28403,4.0,1
28406,5.0,2
28407,5.0,1
28411,3.5,2
28412,5.0,1
28416,4.75,4
28417,4.0,1
28418,3.857142857142857,7
28420,4.0,1
28421,5.0,1
28422,4.5,2
28425,4.333333333333333,3
28428,5.0,1
28430,3.0,1
28432,5.0,1
28434,4.0,1
28437,4.0,1
28441,5.0,1
28447,3.6666666666666665,3
28450,5.0,1
28453,5.0,1
28455,3.0,1
28456,4.0,1
28457,4.0,1
28459,5.0,1
28464,4.0,1
28467,5.0,1
28470,4.0,1
28471,4.0,2
28472,4.0,1
28474,3.0,1
28475,1.0,1
28477,4.0,1
28479,4.0,1
28487,5.0,2
28489,4.0,1
28492,3.0,1
28496,4.0,7
28499,5.0,2
28504,5.0,1
28508,3.5,2
28509,3.6666666666666665,3
28512,4.0,1
28514,5.0,1
28515,4.0,2
28517,4.0,1
28519,4.0,2
28520,3.3333333333333335,3
28521,4.0,2
28522,2.0,2
28527,3.0,1
28529,4.0,1
28533,4.0,1
28534,3.6,5
28535,5.0,1
28539,5.0,1
28540,4.0,2
28541,3.0,1
28543,4.0,2
28544,5.0,1
28545,4.0,2
28546,3.0,2
28547,5.0,1
28548,3.0,1
28550,4.5,2
28551,4.0,7
28556,4.666666666666667,3
28564,5.0,1
28567,5.0,2
28568,3.0,1
28575,3.0,1
28576,5.0,2
28578,3.0,1
28580,4.5,2
28581,1.0,1
28583,3.0,1
28589,5.0,1
28590,5.0,1
28593,5.0,1
28595,5.0,1
28596,4.0,4
28597,4.0,5
28601,4.0,1
28605,5.0,1
28606,5.0,1
28608,5.0,2
28609,5.0,1
28610,5.0,2
28612,4.0,1
28613,4.0,1
28615,5.0,1
28619,5.0,2
28622,2.0,2
28631,5.0,1
28632,4.5,2
28634,4.0,1
28652,5.0,2
28658,3.0,1
28659,3.0,1
28661,4.0,1
28663,5.0,1
28667,4.0,1
28669,3.0,1
28671,5.0,1
28673,4.0,1
28681,5.0,1
28682,4.0,1
28684,5.0,1
28685,5.0,2
28690,5.0,2
28691,4.0,1
28692,5.0,1
28694,4.0,1
28695,4.0,3
28696,4.0,1
28697,5.0,1
28700,5.0,1
28702,4.0,2
28703,1.0,1
28704,3.0,1
28705,4.333333333333333,3
28710,4.0,1
28711,4.5,2
28714,5.0,1
28718,5.0,1
28720,5.0,1
28721,1.0,1
28725,3.0,1
28726,3.0,1
28727,5.0,1
28728,4.8,5
28730,4.0,1
28732,3.0,1
28733,5.0,1
28742,3.0,1
28744,5.0,4
28746,3.0,1
28747,5.0,2
28750,5.0,1
28754,4.0,1
28760,5.0,2
28765,4.0,1
28769,5.0,1
28770,4.0,1
28773,4.0,1
28777,3.75,4
28779,3.0,2
28782,3.0,1
28783,2.5,2
28784,3.25,4
28786,4.0,1
28787,5.0,1
28789,5.0,1
28792,4.5,2
28794,3.0,1
28796,3.0,2
28797,3.0,1
28799,3.0,3
28805,4.0,1
28806,4.0,1
28811,5.0,1
28812,5.0,1
28813,4.0,1
28816,5.0,1
28819,2.0,1
28821,5.0,1
28825,5.0,1
28835,5.0,1
28836,5.0,3
28837,4.0,1
28838,4.0,2
28841,5.0,1
28844,4.0,1
28848,4.0,1
28850,4.25,4
28852,3.0,1
28853,5.0,1
28854,5.0,2
28855,3.0,1
28856,4.0,1
28857,3.6666666666666665,3
28858,3.0,1
28861,4.0,1
28865,5.0,1
28867,4.0,1
28870,5.0,1
28871,4.25,4
28878,4.5,2
28882,5.0,2
28883,5.0,2
28885,4.0,1
28890,4.5,2
28895,5.0,1
28896,4.0,1
28899,5.0,1
28903,4.0,1
28905,4.0,1
28908,4.0,1
28909,4.0,1
28910,5.0,1
28913,4.0,1
28915,5.0,1
28917,3.0,2
28920,4.0,1
28922,4.0,4
28923,4.0,2
28926,4.0,1
28932,4.0,2
28947,1.0,1
28951,5.0,1
28952,3.0,1
28954,4.0,2
28957,4.0,1
28964,3.0,2
28967,4.0,1
28968,4.0,1
28970,3.6666666666666665,3
28971,4.0,2
28973,3.0,2
28975,5.0,1
28977,5.0,1
28978,3.5,2
28980,5.0,2
28981,4.0,1
28988,3.7142857142857144,7
28989,5.0,1
28995,4.5,2
28996,4.333333333333333,9
28997,4.0,1
28998,5.0,1
28999,5.0,1
29006,5.0,1
29007,5.0,1
29008,5.0,2
29010,4.0,1
29011,4.0,1
29013,3.0,1
29017,5.0,1
29024,5.0,1
29026,3.0,1
29029,3.0,1
29037,5.0,1
29041,5.0,1
29044,3.0,1
29045,5.0,1
29046,5.0,1
29049,4.0,1
29050,3.5,2
29051,4.0,2
29052,4.0,1
29053,5.0,1
29055,4.5,4
29058,1.0,1
29059,5.0,2
29061,4.0,2
29066,4.5,4
29073,2.5,2
29075,4.0,6
29078,5.0,1
29080,5.0,2
29083,5.0,2
29086,4.0,3
29087,5.0,3
29088,5.0,1
29089,4.0,1
29090,4.0,1
29093,3.5,2
29095,4.333333333333333,3
29096,4.0,1
29097,3.0,1
29100,4.0,1
29101,4.0,1
29102,5.0,1
29104,4.0,2
29105,4.0,1
29106,4.0,1
29107,5.0,2
29111,3.0,1
29112,5.0,1
29115,4.0,1
29118,5.0,2
29120,3.0,2
29121,4.0,2
29126,4.0,1
29128,4.0,1
29130,4.0,2
29131,5.0,1
29135,4.5,2
29138,5.0,1
29141,4.5,2
29145,4.0,3
29149,4.5,2
29150,4.0,1
29151,4.0,2
29157,4.5,2
29166,4.5,2
29170,4.0,1
29171,5.0,1
29173,4.0,1
29174,4.333333333333333,3
29179,4.0,1
29182,5.0,1
29186,5.0,1
29191,4.5,2
29196,2.0,2
29198,3.0,1
29200,4.333333333333333,3
29203,5.0,1
29205,3.0,1
29214,4.2,5
29215,5.0,1
29216,5.0,1
29217,4.0,2
29220,4.0,1
29224,5.0,2
29228,3.5,2
29229,4.0,2
29230,4.5,2
29231,5.0,1
29232,5.0,1
29235,4.0,2
29238,2.0,1
29241,4.0,1
29243,5.0,1
29244,5.0,1
29245,4.0,1
29254,5.0,2
29255,3.0,1
29256,3.3333333333333335,3
29257,5.0,1
29258,3.0,1
29259,2.0,1
29263,4.0,3
29264,4.0,2
29269,4.0,1
29270,5.0,1
29273,4.0,1
29274,4.5,2
29283,5.0,1
29284,5.0,1
29286,4.0,1
29288,3.5,2
29291,5.0,2
29292,4.5,2
29294,3.0,1
29295,5.0,1
29298,5.0,1
29302,4.5,2
29304,4.0,1
29306,4.0,1
29307,5.0,1
29308,5.0,1
29309,5.0,3
29313,1.0,1
29315,5.0,1
29318,4.0,2
29321,5.0,2
29323,5.0,1
29325,5.0,2
29330,3.0,2
29331,5.0,1
29333,4.0,2
29336,5.0,1
29338,3.0,1
29339,5.0,1
29344,4.0,1
29345,3.5,2
29347,4.0,1
29370,4.0,1
29371,3.95,20
29372,5.0,1
29373,5.0,1
29375,4.0,1
29377,3.6666666666666665,3
29379,4.8,5
29380,3.0,1
29387,5.0,1
29390,5.0,1
29397,5.0,2
29405,4.2,5
29406,5.0,1
29408,5.0,2
29409,3.0,1
29416,5.0,1
29418,5.0,2
29419,4.0,2
29420,4.0,3
29421,5.0,2
29423,1.0,2
29427,4.0,1
29428,5.0,3
29430,5.0,1
29432,1.0,1
29433,5.0,1
29434,5.0,1
29436,5.0,1
29437,4.0,1
29438,4.0,3
29439,3.5,2
29440,4.0,2
29441,4.333333333333333,3
29442,5.0,1
29443,5.0,1
29453,5.0,1
29462,4.75,4
29467,2.6666666666666665,3
29470,3.4,5
29474,4.428571428571429,7
29480,4.0,1
29481,4.666666666666667,3
29482,3.8333333333333335,6
29484,4.4,5
29490,3.0,1
29492,5.0,1
29497,5.0,1
29498,5.0,1
29499,3.0,1
29503,4.0,1
29504,3.0,1
29505,3.0,1
29506,5.0,1
29508,5.0,1
29509,4.666666666666667,3
29510,5.0,2
29516,3.0,1
29518,3.0,1
29519,4.0,1
29521,5.0,2
29523,5.0,1
29533,3.6666666666666665,3
29536,4.0,1
29538,5.0,1
29539,3.0,1
29540,5.0,1
29543,5.0,1
29544,4.0,1
29546,5.0,1
29548,4.333333333333333,3
29549,4.0,4
29553,4.0,1
29554,1.0,1
29555,5.0,1
29558,5.0,1
29559,5.0,1
29560,5.0,1
29563,5.0,1
29565,4.333333333333333,3
29570,4.0,1
29571,5.0,1
29574,2.0,1
29575,4.0,1
29578,4.5,2
29579,2.0,1
29585,4.0,2
29588,5.0,1
29589,5.0,1
29590,4.5,2
29593,4.5,6
29596,5.0,1
29600,3.5,2
29601,3.0,1
29602,3.3333333333333335,3
29605,5.0,1
29612,4.0,1
29614,3.0,1
29618,3.0,1
29623,5.0,2
29627,4.0,1
29628,4.0,1
29630,5.0,1
29634,5.0,1
29642,2.0,1
29654,3.0,1
29656,4.0,1
29657,4.5,2
29660,5.0,2
29664,5.0,1
29671,4.5,2
29673,4.0,1
29676,4.0,6
29678,5.0,1
29679,5.0,1
29683,5.0,1
29684,5.0,1
29687,5.0,2
29693,5.0,1
29694,5.0,1
29698,4.0,1
29704,5.0,1
29709,5.0,1
29711,4.5,2
29727,2.0,1
29728,5.0,1
29729,4.0,3
29730,4.0,1
29732,4.0,1
29735,5.0,1
29737,5.0,1
29741,3.5,2
29743,4.0,1
29744,5.0,3
29749,3.5,2
29751,5.0,1
29753,5.0,1
29754,5.0,1
29759,4.0,1
29762,5.0,1
29771,2.0,1
29772,5.0,1
29776,4.0,1
29777,4.0,1
29778,5.0,1
29782,3.0,1
29784,3.0,1
29785,4.5,2
29789,5.0,2
29790,4.5,2
29792,3.5,2
29798,4.0,1
29799,2.0,1
29800,4.0,1
29801,3.0,1
29802,5.0,1
29803,5.0,1
29808,3.5,2
29810,3.0,1
29811,5.0,1
29815,2.0,1
29819,4.0,1
29822,3.5,2
29825,4.0,1
29831,4.5,2
29835,3.0,2
29836,3.0,1
29837,4.0,1
29842,3.0,1
29845,4.0,1
29848,5.0,1
29855,4.5,2
29857,3.0,2
29858,2.0,1
29859,5.0,1
29861,5.0,1
29862,4.0,1
29866,4.0,1
29870,5.0,1
29871,4.0,1
29876,5.0,1
29877,2.3333333333333335,3
29881,4.0,1
29882,2.0,1
29884,3.5,2
29886,3.0,1
29887,4.0,1
29891,4.0,1
29892,2.0,1
29893,5.0,1
29895,5.0,1
29900,4.0,1
29901,5.0,1
29903,4.333333333333333,3
29905,5.0,1
29908,5.0,1
29909,5.0,1
29913,4.666666666666667,3
29914,3.0,1
29916,4.0,1
29923,3.0,1
29924,5.0,2
29931,4.0,1
29932,3.6666666666666665,3
29934,5.0,1
29936,4.666666666666667,3
29939,2.0,1
29940,5.0,1
29941,4.0,1
29942,3.0,1
29943,5.0,1
29945,4.0,1
29947,5.0,1
29954,3.0,1
29956,3.0,1
29960,5.0,1
29964,4.0,1
29979,4.0,2
29981,3.5,2
29985,4.0,1
29986,3.0,1
29988,5.0,1
29989,5.0,1
29992,3.0,1
29993,4.333333333333333,3
29995,3.5,2
29996,5.0,1
29997,5.0,1
30001,3.0,1
30007,5.0,1
30009,2.0,1
30011,5.0,2
30014,4.0,1
30015,4.0,1
30017,5.0,1
30020,5.0,1
30022,5.0,1
30024,4.0,1
30027,5.0,1
30030,5.0,1
30034,3.3333333333333335,6
30036,5.0,2
30038,5.0,3
30039,2.0,1
30041,4.5,2
30042,4.0,1
30044,4.0,1
30045,5.0,2
30046,3.0,2
30051,4.5,2
30056,4.0,1
30057,4.0,1
30060,5.0,1
30066,4.0,1
30067,5.0,1
30068,4.0,2
30072,4.5,2
30074,5.0,1
30075,4.0,1
30077,4.0,2
30078,3.0,1
30079,4.0,1
30083,3.6666666666666665,3
30085,5.0,1
30088,5.0,1
30091,4.75,4
30094,5.0,1
30095,4.0,1
30096,4.0,3
30097,5.0,1
30099,4.0,1
30100,5.0,1
30103,5.0,2
30105,5.0,1
30107,4.0,2
30109,4.0,5
30110,4.0,1
30113,4.0,1
30117,5.0,1
30119,4.0,1
30122,4.0,1
30127,4.0,2
30130,3.5,4
30132,5.0,1
30133,1.0,1
30136,4.0,1
30137,5.0,1
30140,5.0,2
30141,4.0,1
30142,5.0,1
30145,4.0,1
30149,4.5,4
30155,3.0,1
30158,5.0,1
30164,5.0,1
30165,5.0,1
30166,4.0,1
30168,5.0,2
30169,4.0,5
30175,5.0,2
30176,4.0,1
30179,2.0,1
30182,5.0,1
30187,5.0,1
30192,5.0,1
30194,4.0,1
30195,4.0,2
30196,3.0,1
30199,4.0,1
30200,4.0,1
30201,1.0,1
30204,4.0,1
30206,5.0,1
30209,4.5,2
30213,5.0,1
30218,5.0,1
30219,4.333333333333333,3
30222,5.0,1
30224,5.0,1
30226,4.0,1
30233,5.0,1
30244,4.0,1
30245,4.0,1
30250,4.0,1
30254,2.0,1
30257,4.666666666666667,3
30258,4.0,2
30260,5.0,1
30261,5.0,1
30265,3.5,2
30268,5.0,1
30269,3.0,1
30278,3.0,2
30279,4.0,1
30286,5.0,1
30287,5.0,1
30291,5.0,1
30292,5.0,1
30297,3.0,1
30305,4.0,1
30308,3.0,1
30311,5.0,2
30312,5.0,3
30314,5.0,1
30315,5.0,1
30318,4.0,1
30319,4.333333333333333,3
30320,3.0,1
30322,4.0,1
30323,5.0,1
30324,3.0,2
30327,4.0,1
30333,5.0,2
30334,5.0,1
30335,5.0,2
30338,5.0,1
30342,4.0,1
30347,3.0,1
30348,3.7142857142857144,7
30354,4.0,2
30355,3.0,2
30359,3.0,1
30360,4.5,2
30363,3.5,2
30365,3.0,1
30366,4.0,1
30372,4.5,4
30373,5.0,1
30374,2.0,1
30376,5.0,1
30377,5.0,1
30380,4.0,1
30383,4.0,1
30385,5.0,1
30386,1.0,1
30389,4.0,1
30390,4.5,2
30392,2.0,1
30394,3.0,1
30396,4.0,1
30397,4.0,1
30399,5.0,1
30405,4.0,1
30406,5.0,1
30409,5.0,1
30413,4.0,2
30414,2.0,1
30415,5.0,1
30417,5.0,2
30418,4.0,1
30419,1.0,1
30420,4.571428571428571,7
30424,5.0,1
30429,5.0,1
30431,1.0,1
30434,5.0,1
30436,4.0,1
30439,5.0,1
30441,5.0,1
30442,3.0,1
30450,4.0,1
30451,3.5,2
30452,5.0,1
30453,3.0,1
30454,4.0,1
30455,5.0,1
30457,4.0,1
30463,5.0,2
30466,4.5,4
30469,5.0,2
30474,5.0,2
30475,5.0,2
30477,1.0,1
30479,3.0,1
30484,5.0,1
30485,4.0,1
30491,4.0,1
30492,4.5,2
30509,5.0,1
30511,5.0,1
30512,4.0,1
30513,5.0,2
30518,4.0,1
30521,5.0,1
30522,2.0,1
30523,3.0,1
30526,5.0,1
30528,5.0,1
30531,5.0,2
30532,5.0,1
30546,4.4,5
30549,3.0,2
30551,4.0,1
30555,5.0,1
30556,3.0,1
30560,5.0,1
30565,5.0,1
30570,4.0,1
30571,4.0,1
30576,4.0,1
30579,2.75,4
30582,5.0,1
30585,5.0,1
30589,4.333333333333333,6
30594,5.0,1
30599,5.0,1
30600,5.0,1
30601,4.0,1
30602,4.0,1
30603,4.0,2
30604,3.0,3
30608,4.5,2
30612,2.0,1
30616,4.0,1
30621,5.0,1
30622,5.0,1
30623,5.0,1
30624,4.0,1
30626,2.0,1
30631,4.0,1
30633,5.0,1
30636,3.5,2
30637,5.0,1
30642,4.0,1
30644,5.0,1
30647,4.0,1
30648,2.0,2
30650,4.0,2
30653,4.0,1
30655,4.0,1
30660,4.0,2
30665,5.0,1
30666,5.0,1
30672,5.0,1
30673,5.0,5
30675,5.0,1
30676,4.0,2
30681,5.0,1
30683,2.0,1
30684,4.333333333333333,3
30685,5.0,2
30688,5.0,1
30689,5.0,1
30691,5.0,1
30693,4.0,2
30694,5.0,2
30698,3.0,1
30700,5.0,1
30701,5.0,2
30702,4.5,2
30703,4.0,1
30704,4.285714285714286,7
30708,4.0,1
30710,2.0,1
30714,5.0,1
30717,5.0,1
30719,5.0,1
30722,4.0,1
30723,4.5,2
30725,4.0,1
30728,4.0,1
30735,4.0,1
30738,3.5,2
30744,4.0,1
30745,4.0,3
30747,4.0,1
30748,4.666666666666667,3
30749,3.0,1
30751,5.0,1
30753,5.0,2
30756,1.0,1
30759,3.3333333333333335,3
30762,5.0,4
30767,4.0,1
30768,4.0,1
30769,4.0,4
30770,5.0,1
30775,4.5,2
30776,3.0,1
30777,4.0,1
30778,4.0,1
30781,5.0,2
30787,5.0,1
30791,5.0,1
30792,5.0,1
30793,3.3333333333333335,3
30798,4.0,1
30802,5.0,1
30803,5.0,1
30806,3.5,2
30810,3.6,5
30811,5.0,1
30813,5.0,1
30814,4.5,2
30817,4.0,2
30818,5.0,1
30819,5.0,1
30820,4.0,1
30821,4.4,5
30823,3.0,1
30826,3.75,4
30827,2.0,1
30829,5.0,1
30833,5.0,1
30838,5.0,1
30839,4.0,1
30840,5.0,1
30843,5.0,1
30846,5.0,2
30847,5.0,1
30854,5.0,1
30855,5.0,1
30857,3.2,5
30860,4.0,1
30865,3.0,2
30867,5.0,1
30869,4.5,2
30871,4.0,2
30873,4.0,2
30878,1.0,1
30879,5.0,1
30882,5.0,1
30884,5.0,1
30888,5.0,2
30889,5.0,1
30893,5.0,1
30895,4.0,1
30896,3.3333333333333335,3
30897,5.0,2
30898,3.0,2
30902,2.0,1
30903,5.0,1
30905,5.0,1
30906,5.0,1
30908,4.0,1
30909,5.0,1
30912,4.0,1
30916,4.0,1
30917,4.5,8
30920,4.0,1
30924,4.0,1
30925,5.0,1
30928,4.0,1
30932,1.0,1
30934,4.0,2
30936,5.0,1
30937,4.333333333333333,3
30938,2.0,1
30939,4.0,1
30940,3.0,1
30943,4.0,1
30945,4.0,1
30946,3.0,1
30947,3.0,1
30948,5.0,1
30953,5.0,1
30956,5.0,2
30959,5.0,1
30961,5.0,1
30965,4.0,1
30969,5.0,1
30970,3.0,2
30971,4.0,1
30974,5.0,1
30978,5.0,1
30985,5.0,1
30988,5.0,1
30989,4.333333333333333,3
30990,3.0,2
30991,5.0,1
30994,4.0,1
30995,3.0,1
30996,5.0,1
30999,4.0,1
31001,4.0,2
31002,4.0,1
31004,3.0,1
31006,5.0,1
31011,5.0,1
31019,3.0,2
31020,5.0,1
31022,3.0,1
31025,5.0,1
31028,5.0,6
31036,4.0,2
31038,5.0,2
31048,3.0,1
31050,5.0,1
31052,4.0,1
31054,3.0,1
31055,5.0,1
31057,5.0,2
31058,3.6666666666666665,3
31060,5.0,1
31061,3.0,1
31062,2.0,1
31063,3.6666666666666665,3
31064,4.0,1
31067,4.0,1
31070,4.0,1
31071,5.0,1
31073,4.0,1
31074,4.0,1
31075,4.0,1
31076,4.0,1
31077,5.0,1
31082,4.0,4
31084,5.0,2
31085,4.0,2
31089,5.0,3
31090,4.0,1
31091,5.0,1
31093,3.0,1
31097,5.0,1
31098,3.0,1
31100,2.5,2
31101,3.5,4
31102,4.0,2
31105,4.0,1
31107,3.6666666666666665,3
31109,3.0,1
31110,5.0,2
31111,5.0,1
31114,5.0,1
31115,4.0,1
31121,3.0,1
31122,3.5,2
31123,4.0,1
31124,3.0,1
31125,5.0,1
31128,5.0,1
31132,5.0,1
31136,4.0,1
31139,4.0,1
31140,3.5,2
31141,4.0,1
31142,3.5,2
31143,3.0,1
31144,5.0,2
31145,4.0,2
31148,3.0,1
31152,3.3333333333333335,6
31159,3.4285714285714284,7
31164,5.0,1
31168,2.0,1
31169,5.0,1
31170,4.0,1
31171,5.0,1
31172,4.0,1
31173,4.0,1
31176,5.0,1
31179,5.0,1
31183,4.2,5
31184,4.0,2
31187,5.0,1
31190,4.0,1
31193,4.0,1
31197,5.0,1
31200,4.0,2
31202,5.0,2
31203,4.5,2
31204,4.333333333333333,3
31206,4.5,2
31214,5.0,2
31215,4.0,1
31216,5.0,1
31218,5.0,1
31221,5.0,1
31223,3.0,1
31224,5.0,2
31225,5.0,3
31229,2.0,1
31234,5.0,1
31235,5.0,1
31236,3.0,2
31237,3.0,1
31239,5.0,1
31242,5.0,1
31243,5.0,1
31244,4.428571428571429,7
31245,4.5,6
31248,5.0,1
31250,5.0,1
31253,4.5,2
31256,5.0,2
31257,4.5,2
31258,3.5,2
31264,5.0,1
31265,4.0,2
31269,2.0,1
31275,4.0,1
31277,5.0,1
31279,2.0,2
31280,5.0,2
31281,5.0,3
31282,2.0,1
31289,4.5,2
31291,5.0,2
31294,3.0,1
31295,3.0,2
31296,3.5,2
31298,3.6666666666666665,3
31299,5.0,1
31304,5.0,1
31309,4.0,1
31312,4.0,1
31313,5.0,2
31314,5.0,1
31318,5.0,1
31320,5.0,3
31326,4.0,2
31327,4.0,2
31329,5.0,1
31330,5.0,2
31331,5.0,1
31334,5.0,1
31335,4.0,1
31343,5.0,1
31348,5.0,1
31350,4.0,1
31354,5.0,4
31356,5.0,1
31359,5.0,1
31363,4.0,1
31364,4.0,1
31367,4.0,1
31369,5.0,1
31370,2.0,1
31371,4.0,1
31372,4.0,1
31373,4.0,2
31374,3.5,2
31376,5.0,2
31378,5.0,1
31381,4.0,1
31384,5.0,1
31390,5.0,1
31394,5.0,2
31396,3.0,1
31398,4.5,2
31402,5.0,1
31403,5.0,1
31408,4.0,2
31410,3.0,1
31416,4.333333333333333,3
31417,4.0,2
31421,4.5,2
31423,3.0,1
31424,3.0,1
31426,3.0,1
31427,4.0,1
31428,5.0,1
31429,4.5,2
31432,3.0,1
31433,4.0,1
31434,4.0,2
31435,1.0,1
31436,5.0,1
31438,3.0,1
31440,5.0,1
31441,5.0,1
31443,4.5,2
31447,4.0,1
31450,5.0,2
31451,1.0,1
31454,5.0,1
31463,5.0,1
31470,5.0,2
31472,4.0,1
31474,5.0,1
31477,1.0,1
31478,4.0,2
31483,3.4,5
31484,5.0,1
31485,5.0,1
31489,3.0,1
31490,5.0,2
31492,5.0,1
31496,4.4,5
31497,4.0,1
31499,5.0,1
31501,4.5,2
31503,5.0,1
31507,3.0,1
31508,5.0,3
31514,4.5,2
31517,5.0,1
31521,3.0,1
31522,4.0,2
31523,4.0,1
31524,4.0,1
31525,5.0,1
31526,1.0,1
31527,5.0,1
31532,1.0,1
31534,5.0,2
31536,4.0,1
31540,5.0,1
31543,5.0,2
31548,3.3333333333333335,3
31551,1.0,1
31554,5.0,1
31555,3.0,1
31557,5.0,1
31559,3.0,2
31567,5.0,2
31570,5.0,1
31572,4.0,1
31573,4.0,1
31574,4.5,2
31575,5.0,1
31576,4.0,2
31578,4.0,1
31581,5.0,3
31585,5.0,1
31586,4.0,1
31587,3.1666666666666665,6
31588,3.0,1
31592,2.0,1
31593,4.0,2
31598,4.0,1
31603,4.0,1
31607,5.0,1
31613,5.0,1
31616,5.0,1
31617,4.0,1
31619,5.0,1
31620,3.0,1
31621,4.333333333333333,3
31624,3.0,1
31628,5.0,2
31629,4.5,4
31632,5.0,1
31633,4.0,1
31634,3.5,2
31635,5.0,1
31636,4.0,4
31648,4.0,1
31650,2.0,1
31651,3.0,1
31653,4.0,1
31655,5.0,1
31673,4.0,1
31675,5.0,1
31676,5.0,1
31678,5.0,3
31681,2.0,2
31684,3.5,2
31688,4.0,1
31693,5.0,1
31694,5.0,1
31699,5.0,1
31700,4.0,1
31701,4.5,2
31703,4.5,2
31705,3.0,1
31707,4.5,2
31709,5.0,1
31710,3.0,1
31713,4.666666666666667,3
31719,5.0,1
31724,5.0,2
31726,4.0,2
31729,2.5,2
31739,5.0,1
31740,5.0,1
31741,4.0,1
31742,5.0,1
31743,5.0,1
31744,5.0,1
31747,4.0,2
31750,5.0,1
31752,3.0,1
31753,4.0,1
31754,5.0,1
31755,5.0,1
31762,4.0,1
31765,5.0,1
31766,4.0,1
31767,4.0,1
31769,4.0,2
31770,5.0,1
31771,5.0,1
31775,4.0,1
31780,2.6666666666666665,3
31784,4.0,1
31785,4.5,4
31786,5.0,1
31787,4.0,1
31795,3.0,1
31796,4.0,1
31797,5.0,1
31799,4.0,1
31801,4.0,1
31806,4.75,4
31807,4.0,1
31809,4.0,1
31810,4.0,1
31813,4.0,1
31815,5.0,1
31816,4.0,1
31819,4.4,5
31823,5.0,1
31826,4.0,3
31832,3.0,1
31833,5.0,1
31834,5.0,1
31836,4.0,1
31837,5.0,2
31838,3.0,1
31839,3.6666666666666665,3
31840,5.0,1
31842,5.0,1
31844,5.0,1
31845,5.0,1
31851,5.0,1
31852,2.0,1
31855,4.0,1
31857,3.6666666666666665,3
31858,4.0,1
31859,4.714285714285714,7
31861,5.0,1
31864,5.0,1
31865,5.0,2
31866,5.0,1
31867,4.0,1
31873,4.0,2
31874,4.0,1
31876,3.0,1
31878,4.0,1
31881,5.0,1
31883,5.0,4
31886,4.0,1
31890,1.0,1
31894,4.0,1
31895,3.6666666666666665,6
31897,3.2,5
31899,5.0,3
31903,5.0,1
31906,5.0,1
31908,3.857142857142857,7
31910,5.0,2
31911,3.0,2
31916,4.0,3
31918,4.666666666666667,6
31923,5.0,1
31925,5.0,1
31928,4.0,2
31930,4.0,6
31931,4.8,5
31933,3.0,2
31934,3.0,2
31937,4.0,1
31939,4.0,3
31941,3.0,3
31953,5.0,1
31954,4.0,1
31958,4.0,1
31965,3.0,1
31968,5.0,1
31972,4.0,2
31973,4.0,4
31978,5.0,2
31979,4.0,2
31980,4.0,1
31982,2.0,1
31989,4.0,1
31991,4.5,4
31994,3.5,2
31996,4.5,2
31997,4.0,1
31998,5.0,1
32000,4.5,2
32002,5.0,1
32017,4.0,1
32018,4.0,2
32020,3.0,1
32021,5.0,1
32030,4.5,2
32034,4.0,1
32036,4.0,2
32037,1.0,1
32039,5.0,1
32043,3.0,1
32050,1.0,1
32051,5.0,1
32053,4.0,1
32057,1.0,1
32059,5.0,1
32064,3.0,1
32066,3.0,1
32068,5.0,1
32070,4.0,1
32074,3.6666666666666665,3
32076,5.0,1
32077,4.166666666666667,6
32078,3.0,4
32079,2.0,2
32081,3.0,1
32083,4.0,1
32086,5.0,1
32087,5.0,1
32090,4.5,2
32095,4.0,1
32098,3.5,2
32100,4.0,1
32101,3.0,1
32107,3.0,3
32108,4.0,2
32111,4.0,2
32113,5.0,1
32114,5.0,1
32116,5.0,1
32119,5.0,1
32121,5.0,1
32123,4.0,1
32125,4.5,2
32128,4.0,1
32129,5.0,1
32135,5.0,1
32139,5.0,1
32140,4.0,3
32141,1.0,1
32143,5.0,1
32146,4.0,1
32147,3.0,2
32150,5.0,1
32151,5.0,1
32154,5.0,2
32159,5.0,1
32160,4.0,1
32163,2.0,1
32164,4.0,2
32166,3.6666666666666665,3
32169,4.0,1
32171,4.0,1
32175,5.0,2
32183,5.0,1
32191,3.6,5
32195,5.0,1
32198,3.5,2
32200,5.0,4
32209,1.0,1
32210,4.0,2
32213,5.0,1
32220,5.0,1
32221,4.0,1
32223,5.0,1
32225,4.0,1
32229,3.0,1
32232,5.0,1
32235,1.0,1
32236,4.0,1
32239,4.0,2
32240,5.0,1
32241,4.0,6
32242,5.0,1
32244,5.0,1
32245,5.0,2
32249,4.0,1
32251,4.0,1
32259,4.5,2
32261,5.0,1
32262,5.0,1
32263,3.5,2
32265,4.0,1
32269,3.3333333333333335,3
32270,5.0,1
32271,5.0,1
32272,4.0,1
32273,4.333333333333333,3
32274,5.0,1
32275,5.0,1
32276,5.0,1
32277,4.0,1
32281,5.0,1
32284,4.0,1
32290,4.0,2
32291,4.0,1
32295,3.25,4
32296,5.0,1
32297,1.0,1
32298,5.0,1
32299,3.0,1
32300,4.5,2
32301,4.666666666666667,3
32302,5.0,2
32304,5.0,2
32305,5.0,2
32308,5.0,1
32309,4.333333333333333,3
32314,4.0,1
32320,5.0,3
32322,4.8,5
32323,4.0,1
32328,4.5,2
32331,5.0,1
32333,5.0,1
32335,4.0,1
32337,4.0,1
32338,5.0,1
32339,5.0,1
32341,3.0,1
32344,5.0,4
32346,3.0,1
32350,5.0,1
32355,4.0,1
32359,4.0,1
32362,5.0,1
32367,4.0,1
32368,5.0,1
32370,2.0,1
32371,3.0,1
32375,3.0,1
32378,3.0,1
32386,4.0,1
32388,5.0,1
32391,5.0,1
32392,4.0,1
32393,3.0,1
32394,5.0,1
32398,2.3333333333333335,3
32406,5.0,1
32407,3.6666666666666665,3
32409,5.0,1
32413,4.0,1
32416,4.0,1
32417,4.0,1
32418,3.5,2
32422,3.5,4
32423,4.0,1
32424,4.0,1
32430,2.0,1
32433,4.333333333333333,6
32441,3.5714285714285716,7
32444,5.0,1
32446,4.0,2
32447,5.0,2
32454,4.0,1
32455,5.0,1
32459,4.0,2
32460,4.666666666666667,3
32461,4.0,1
32466,2.0,1
32467,4.0,1
32469,4.0,3
32470,3.0,1
32473,5.0,1
32475,2.0,1
32479,5.0,1
32480,4.0,1
32481,5.0,1
32482,1.0,1
32483,5.0,2
32484,4.5,2
32486,4.0,2
32489,5.0,1
32490,4.5,2
32492,4.0,2
32493,5.0,1
32496,4.0,4
32497,4.0,2
32499,4.0,2
32500,4.5,2
32501,5.0,1
32502,2.0,1
32513,4.0,1
32521,1.0,1
32522,4.0,1
32523,4.5,2
32526,5.0,1
32529,5.0,2
32533,5.0,2
32540,5.0,2
32543,4.0,1
32544,4.0,3
32549,4.0,1
32550,4.0,1
32551,5.0,1
32552,4.0,1
32555,4.0,2
32563,5.0,1
32571,5.0,1
32572,4.0,1
32573,3.0,1
32577,4.0,4
32579,5.0,1
32581,5.0,1
32586,4.0,3
32590,4.0,1
32592,2.5,2
32594,4.0,1
32596,5.0,1
32599,5.0,1
32603,5.0,1
32604,5.0,1
32605,5.0,1
32606,3.0,1
32607,4.0,3
32611,3.0,1
32612,4.0,1
32618,5.0,1
32620,4.0,1
32626,3.0,1
32628,3.0,1
32633,5.0,2
32634,4.0,1
32635,5.0,1
32639,5.0,1
32642,5.0,1
32644,5.0,1
32649,4.0,1
32650,5.0,1
32652,4.0,1
32653,4.0,1
32661,5.0,1
32665,3.8333333333333335,6
32666,4.0,2
32668,5.0,1
32670,3.5,2
32672,3.0,2
32674,4.0,2
32675,5.0,3
32677,5.0,1
32678,5.0,1
32679,4.666666666666667,3
32683,4.0,1
32684,4.0,1
32685,4.0,1
32686,5.0,1
32690,4.0,2
32693,5.0,1
32694,5.0,2
32695,5.0,1
32696,5.0,2
32697,3.0,1
32699,3.0,1
32700,5.0,1
32704,4.0,1
32711,3.75,4
32712,4.0,1
32713,4.5,2
32714,5.0,2
32717,1.0,1
32720,4.0,1
32724,4.75,4
32726,4.5,2
32735,5.0,1
32738,5.0,2
32741,5.0,1
32745,5.0,1
32746,3.5,2
32747,5.0,1
32748,4.5,2
32751,5.0,1
32754,5.0,1
32755,5.0,1
32756,5.0,2
32759,4.0,1
32761,3.0,1
32765,3.0,1
32767,3.5,2
32770,5.0,1
32772,4.0,1
32781,4.0,1
32782,1.0,1
32786,5.0,1
32789,4.0,2
32792,5.0,1
32794,3.0,1
32796,3.0,1
32797,1.0,1
32804,5.0,2
32806,5.0,1
32809,3.25,4
32813,3.3333333333333335,3
32815,4.0,2
32819,4.0,1
32821,3.0,1
32824,4.0,1
32830,5.0,1
32831,4.0,1
32836,5.0,1
32837,3.0,1
32844,3.0,1
32846,5.0,1
32847,5.0,1
32851,5.0,2
32854,5.0,1
32856,4.0,2
32857,5.0,1
32859,3.5,2
32860,4.5,4
32862,3.5,2
32863,3.0,1
32864,4.0,1
32866,4.0,1
32867,2.0,1
32868,4.0,2
32874,5.0,2
32875,4.5,2
32878,5.0,1
32881,4.0,2
32884,4.0,1
32892,2.75,4
32894,5.0,1
32900,1.0,1
32901,5.0,1
32902,4.0,1
32907,3.0,1
32908,5.0,1
32909,3.0,1
32911,4.333333333333333,3
32913,5.0,1
32915,4.0,2
32916,5.0,1
32917,4.0,1
32918,5.0,1
32919,4.0,2
32920,4.0,2
32923,4.0,1
32926,2.0,2
32928,4.0,1
32929,4.5,2
32931,4.0,2
32932,4.0,2
32936,4.0,1
32937,4.0,1
32943,4.5,2
32944,4.0,1
32945,4.0,2
32948,4.0,4
32950,2.5,2
32951,5.0,2
32953,4.0,1
32954,5.0,1
32956,4.666666666666667,3
32960,3.0,1
32965,5.0,1
32968,5.0,1
32970,4.0,1
32973,4.0,1
32974,4.0,1
32975,1.0,1
32976,3.0,1
32978,4.0,2
32979,5.0,1
32981,4.0,1
32983,3.0,1
32984,4.0,1
32985,5.0,1
32987,4.4,5
32989,4.0,1
32992,4.0,1
32995,5.0,1
32998,5.0,1
33000,5.0,1
33004,3.0,1
33007,5.0,1
33010,1.0,1
33012,4.5,2
33015,5.0,1
33017,1.0,1
33019,5.0,1
33022,4.0,1
33024,5.0,1
33026,3.5,6
33027,4.0,1
33029,5.0,1
33030,3.0,1
33032,5.0,1
33034,5.0,1
33035,4.0,1
33036,2.0,1
33038,4.333333333333333,3
33041,5.0,2
33047,5.0,2
33051,3.5,2
33054,5.0,3
33055,4.5,2
33059,4.0,1
33061,5.0,1
33063,3.0,1
33064,3.0,1
33065,5.0,1
33070,4.666666666666667,3
33073,5.0,1
33080,5.0,1
33081,4.5,4
33085,5.0,1
33086,5.0,2
33087,4.0,1
33090,5.0,1
33091,5.0,1
33093,4.0,1
33095,3.0,2
33097,4.5,2
33098,3.0,1
33099,4.5,2
33100,2.0,1
33103,5.0,1
33104,5.0,1
33105,2.0,1
33108,5.0,1
33109,4.0,1
33117,4.0,3
33119,3.25,4
33125,5.0,1
33126,4.5,2
33128,4.0,1
33130,5.0,1
33131,4.0,1
33136,3.0,2
33137,4.0,1
33140,2.0,1
33144,4.0,1
33149,4.0,1
33150,4.0,2
33155,4.5,2
33159,5.0,1
33170,5.0,1
33174,5.0,1
33176,5.0,2
33183,4.5,2
33191,4.0,1
33192,4.0,3
33194,4.0,1
33195,3.0,1
33196,3.0,1
33202,4.0,1
33204,5.0,1
33205,5.0,1
33207,5.0,1
33210,5.0,2
33213,5.0,1
33215,5.0,2
33217,4.5,2
33221,5.0,1
33222,5.0,1
33224,4.0,1
33226,4.0,2
33228,4.0,1
33229,3.0,1
33232,4.0,3
33233,5.0,1
33234,3.0,2
33235,3.0,2
33236,4.25,4
33237,4.0,2
33238,5.0,1
33240,5.0,2
33243,4.5,2
33245,3.0,1
33251,2.0,2
33253,4.0,1
33254,4.5,2
33255,5.0,1
33256,4.0,3
33261,5.0,1
33263,5.0,1
33264,4.0,1
33265,5.0,1
33269,3.0,2
33270,4.0,1
33271,5.0,2
33273,4.0,3
33274,2.5,2
33275,5.0,3
33276,5.0,1
33278,4.0,1
33280,5.0,1
33281,5.0,1
33282,4.0,1
33284,1.0,1
33287,4.0,1
33288,5.0,1
33290,4.0,1
33291,4.333333333333333,3
33292,5.0,1
33293,4.0,2
33298,4.0,3
33301,4.0,1
33307,4.0,1
33310,4.0,1
33311,3.0,1
33315,4.0,2
33318,1.0,1
33319,4.0,1
33322,5.0,1
33326,5.0,1
33327,3.0,1
33331,5.0,1
33332,3.3333333333333335,3
33340,4.5,2
33341,4.0,1
33344,3.0,1
33347,5.0,1
33348,4.0,2
33351,4.0,2
33353,3.0,1
33354,5.0,1
33355,4.0,1
33356,5.0,1
33358,5.0,2
33359,4.0,1
33362,3.0,1
33363,4.0,1
33366,5.0,2
33369,3.0,2
33370,5.0,1
33371,5.0,1
33374,5.0,1
33376,5.0,1
33377,5.0,1
33378,4.0,1
33379,3.6666666666666665,3
33381,5.0,1
33385,5.0,1
33386,3.0,1
33388,2.0,1
33392,5.0,1
33397,5.0,1
33398,5.0,1
33399,4.0,2
33406,4.5,2
33414,4.0,1
33419,5.0,1
33421,5.0,2
33423,5.0,2
33424,4.5,2
33425,3.5,2
33426,3.5,2
33428,2.0,1
33429,4.0,1
33431,4.0,1
33433,3.0,1
33438,4.0,1
33440,5.0,1
33447,4.0,1
33448,4.0,3
33449,4.0,1
33452,4.0,1
33453,4.0,2
33465,5.0,1
33466,3.0,1
33467,3.0,1
33468,4.0,1
33474,5.0,2
33475,5.0,1
33477,5.0,1
33479,2.5,2
33481,4.0,2
33488,3.0,1
33493,5.0,1
33499,3.0,1
33503,4.333333333333333,3
33504,5.0,1
33505,3.0,1
33514,5.0,1
33515,5.0,1
33517,4.0,2
33521,4.0,1
33522,3.0,1
33525,3.0,1
33527,5.0,2
33529,5.0,1
33532,4.0,3
33533,5.0,1
33534,4.5,2
33535,3.0,1
33537,4.0,1
33539,5.0,1
33543,4.0,2
33545,5.0,2
33547,4.0,1
33552,5.0,1
33554,4.0,1
33557,5.0,1
33559,4.0,1
33568,3.0,1
33571,5.0,3
33576,2.3333333333333335,3
33577,5.0,1
33585,4.5,2
33586,4.0,2
33588,4.0,1
33590,4.0,1
33592,3.0,1
33596,4.0,1
33597,3.0,1
33601,4.0,1
33602,5.0,2
33603,5.0,1
33605,4.0,3
33606,4.5,2
33607,4.5,2
33614,5.0,1
33619,3.0,1
33622,5.0,1
33623,4.25,4
33627,5.0,1
33630,4.0,1
33632,3.0,1
33639,5.0,1
33641,4.333333333333333,3
33645,1.0,1
33646,5.0,1
33647,4.0,1
33648,4.0,1
33649,4.0,1
33650,5.0,1
33651,4.0,1
33655,5.0,2
33657,4.0,1
33659,5.0,1
33663,4.0,1
33666,4.0,1
33671,5.0,1
33679,1.0,1
33680,2.0,1
33682,5.0,1
33685,4.0,1
33686,4.0,1
33689,5.0,1
33690,1.0,1
33691,4.0,1
33692,5.0,1
33694,4.0,1
33699,3.5,2
33700,1.0,1
33702,2.0,1
33704,5.0,2
33709,5.0,1
33713,4.0,1
33715,4.0,1
33716,5.0,2
33719,4.0,1
33720,5.0,1
33721,5.0,1
33728,5.0,1
33729,5.0,1
33731,5.0,1
33732,5.0,1
33734,4.0,1
33735,4.0,1
33737,5.0,1
33738,5.0,1
33741,4.0,1
33744,5.0,1
33745,5.0,1
33747,5.0,3
33749,3.0,1
33752,2.0,1
33753,4.0,2
33754,5.0,1
33759,4.0,1
33761,5.0,1
33763,4.0,1
33764,3.0,1
33772,4.0,2
33776,3.3333333333333335,3
33783,2.0,1
33785,5.0,1
33786,5.0,1
33794,2.0,3
33795,3.0,1
33797,5.0,3
33800,5.0,1
33801,5.0,1
33802,4.0,1
33803,4.0,1
33805,4.0,1
33806,4.0,1
33807,5.0,1
33811,4.0,3
33815,2.5,2
33816,3.0,1
33817,4.0,1
33821,4.0,1
33823,2.0,1
33826,5.0,1
33833,4.0,1
33835,4.0,1
33838,4.0,2
33842,5.0,1
33844,2.6666666666666665,3
33852,4.0,2
33855,4.0,1
33856,4.0,1
33859,4.0,1
33861,5.0,1
33862,3.0,1
33869,4.0,1
33870,5.0,1
33871,5.0,1
33879,5.0,1
33881,5.0,1
33886,3.5,2
33887,5.0,1
33890,4.0,1
33895,5.0,2
33896,5.0,1
33902,5.0,1
33905,5.0,1
33908,2.0,1
33909,5.0,1
33914,4.0,2
33921,4.0,1
33923,5.0,1
33924,5.0,1
33926,4.0,1
33928,5.0,1
33930,5.0,1
33933,5.0,1
33934,5.0,1
33936,4.0,1
33937,2.0,1
33942,4.5,2
33943,2.0,1
33947,4.0,1
33948,4.75,4
33950,4.0,1
33955,4.5,2
33956,1.0,1
33957,5.0,1
33959,4.0,1
33962,2.0,3
33963,5.0,1
33966,3.75,4
33971,5.0,1
33976,4.0,2
33978,5.0,1
33980,4.5,2
33986,4.0,1
33988,5.0,1
33989,2.0,2
33994,3.0,1
33996,5.0,2
33997,4.0,2
34002,4.0,2
34003,4.0,1
34004,4.0,1
34006,4.0,2
34008,3.6666666666666665,3
34009,3.0,1
34010,4.0,1
34014,4.75,4
34015,5.0,1
34018,4.0,1
34021,5.0,1
34025,5.0,1
34027,4.0,1
34029,5.0,1
34031,2.0,1
34033,4.0,2
34039,5.0,1
34042,4.6,5
34045,3.1666666666666665,6
34046,3.6666666666666665,3
34047,5.0,1
34049,4.0,8
34050,4.0,8
34051,5.0,1
34053,4.0,15
34054,4.0,2
34060,5.0,2
34062,5.0,2
34063,3.5,2
34064,4.5,2
34067,3.0,1
34069,3.0,2
34071,3.5,2
34075,4.25,4
34076,1.0,1
34079,3.5,2
34080,2.0,1
34081,3.0,1
34084,4.0,2
34087,4.0,2
34088,4.0,1
34099,1.0,1
34104,5.0,1
34105,3.0,1
34113,5.0,1
34115,4.0,1
34116,4.0,1
34120,4.0,1
34125,5.0,1
34126,3.0,1
34131,4.0,1
34132,5.0,1
34142,4.5,2
34147,3.0,1
34152,4.0,1
34159,5.0,1
34161,5.0,2
34162,5.0,2
34166,5.0,1
34170,4.0,2
34171,4.25,4
34172,3.5,2
34174,3.0,1
34182,3.5,2
34184,5.0,1
34187,2.0,1
34192,5.0,1
34195,4.333333333333333,3
34199,5.0,1
34201,4.0,1
34207,3.0,1
34208,5.0,1
34209,5.0,1
34213,3.0,1
34214,5.0,1
34215,4.5,2
34218,4.0,1
34220,4.0,1
34222,3.0,1
34223,3.0,1
34225,4.0,1
34227,5.0,1
34230,4.5,2
34231,3.5,2
34234,4.0,1
34237,5.0,2
34238,3.0,1
34239,5.0,1
34241,5.0,1
34243,5.0,1
34244,3.0,1
34248,4.0,1
34255,4.333333333333333,3
34258,4.0,1
34260,4.0,4
34262,5.0,1
34269,5.0,1
34273,4.666666666666667,3
34275,5.0,1
34276,3.0,1
34282,5.0,1
34283,5.0,1
34285,4.0,1
34288,2.6666666666666665,3
34289,5.0,1
34291,4.0,1
34298,5.0,2
34300,2.0,1
34302,5.0,1
34304,5.0,2
34305,4.5,2
34306,5.0,2
34309,4.0,1
34313,4.0,4
34314,5.0,1
34315,4.0,1
34317,5.0,3
34321,5.0,1
34322,5.0,1
34323,4.0,1
34324,4.0,1
34328,2.0,1
34338,5.0,1
34339,5.0,1
34344,5.0,2
34348,3.6666666666666665,3
34350,4.0,1
34353,3.0,1
34354,4.0,1
34358,4.0,1
34359,5.0,2
34360,4.2,5
34363,4.5,2
34365,5.0,2
34369,4.333333333333333,6
34370,4.0,1
34371,4.0,1
34372,5.0,1
34375,5.0,1
34378,3.5,2
34383,4.0,1
34385,4.0,2
34388,4.333333333333333,3
34390,4.0,2
34396,4.0,2
34398,4.0,1
34399,3.0,1
34403,5.0,1
34405,4.5,2
34408,3.0,1
34409,2.0,1
34412,4.5,2
34415,5.0,1
34416,3.0,1
34417,4.0,1
34422,5.0,1
34425,3.5,2
34429,2.0,1
34433,2.0,1
34434,4.5,2
34435,4.0,1
34436,4.166666666666667,6
34439,3.0,2
34443,3.0,1
34444,5.0,1
34445,3.25,4
34447,2.0,1
34449,1.0,1
34452,5.0,1
34454,5.0,1
34455,5.0,2
34456,1.0,1
34457,4.5,2
34459,5.0,1
34461,4.0,1
34463,5.0,2
34464,3.0,2
34466,5.0,1
34470,5.0,1
34473,5.0,1
34474,5.0,1
34475,5.0,1
34478,5.0,1
34480,3.6,5
34481,4.0,1
34482,4.666666666666667,3
34484,4.0,1
34486,4.0,3
34488,5.0,1
34490,3.0,2
34492,5.0,1
34496,2.0,2
34497,4.666666666666667,3
34498,4.0,1
34501,4.0,1
34502,4.0,1
34505,4.333333333333333,3
34507,1.0,1
34509,3.0,1
34511,5.0,2
34514,5.0,1
34518,5.0,1
34522,4.0,5
34526,4.0,1
34528,5.0,1
34529,5.0,1
34531,5.0,1
34532,5.0,1
34535,5.0,1
34536,2.0,1
34544,5.0,1
34545,3.5,2
34547,3.0,1
34556,3.0,1
34560,5.0,1
34562,4.0,1
34566,5.0,1
34567,4.0,1
34570,3.0,1
34577,3.0,2
34580,4.0,2
34582,4.0,2
34585,4.0,1
34586,4.5,2
34587,5.0,1
34591,5.0,1
34594,4.0,3
34598,4.0,1
34599,4.0,1
34601,5.0,1
34608,5.0,1
34610,5.0,1
34611,3.5,2
34615,5.0,2
34618,4.0,1
34621,3.75,4
34623,4.0,1
34625,5.0,1
34626,5.0,1
34627,5.0,1
34629,5.0,1
34630,4.0,5
34632,4.0,1
34634,4.333333333333333,3
34636,3.5,6
34637,3.75,4
34638,3.0,1
34639,3.0,1
34640,5.0,1
34643,4.0,1
34644,4.0,1
34647,5.0,1
34648,1.0,1
34649,5.0,1
34652,3.0,2
34654,4.0,1
34657,4.5,2
34658,3.5,2
34659,5.0,1
34660,4.0,1
34663,5.0,1
34666,3.75,4
34667,5.0,1
34669,5.0,1
34670,2.0,1
34673,2.0,1
34674,3.0,2
34675,5.0,1
34680,4.5,2
34683,5.0,1
34684,5.0,1
34685,4.0,1
34686,4.0,1
34687,2.0,1
34689,5.0,1
34691,3.0,2
34692,3.5,2
34693,2.0,1
34700,4.666666666666667,3
34701,5.0,1
34704,4.75,4
34706,5.0,1
34707,2.0,1
34711,4.0,1
34718,4.0,1
34722,4.0,2
34727,4.0,1
34730,4.5,2
34733,5.0,1
34734,5.0,1
34736,5.0,1
34739,5.0,1
34740,5.0,1
34741,3.0,1
34742,5.0,2
34746,3.0,2
34747,4.666666666666667,3
34748,4.0,1
34755,3.0,2
34756,4.0,1
34758,4.4,5
34760,4.0,1
34762,5.0,1
34766,3.4,5
34767,5.0,4
34770,4.0,1
34773,5.0,2
34777,3.6666666666666665,3
34778,4.0,2
34780,5.0,1
34781,5.0,2
34783,3.5,2
34785,3.6666666666666665,3
34788,4.5,4
34789,5.0,1
34790,2.0,1
34793,3.0,1
34794,5.0,1
34797,5.0,2
34800,5.0,1
34802,5.0,1
34805,5.0,1
34810,5.0,1
34813,3.6666666666666665,3
34814,5.0,1
34815,2.0,1
34816,3.0,1
34818,5.0,2
34819,5.0,1
34824,3.0,1
34825,5.0,2
34830,5.0,1
34831,5.0,1
34834,5.0,1
34836,5.0,1
34842,5.0,1
34844,5.0,2
34847,4.0,1
34850,5.0,1
34852,5.0,2
34858,5.0,1
34859,4.0,1
34860,4.0,2
34861,3.0,1
34862,5.0,1
34864,4.0,1
34866,4.0,1
34872,4.0,2
34873,1.0,1
34876,1.0,1
34888,3.0,1
34889,4.5,2
34894,2.0,1
34896,4.0,1
34903,3.0,1
34907,4.0,2
34909,5.0,1
34910,2.5,2
34912,3.0,1
34913,5.0,1
34916,3.0,1
34920,4.0,1
34930,4.0,1
34932,4.0,1
34933,1.0,1
34939,5.0,1
34940,1.0,1
34942,5.0,4
34945,5.0,2
34947,5.0,1
34948,5.0,2
34953,3.6,5
34954,3.0,1
34956,4.0,1
34957,4.0,1
34958,5.0,1
34963,1.0,1
34965,5.0,1
34969,3.0,1
34970,4.0,2
34972,4.0,1
34973,3.0,1
34975,5.0,1
34980,4.0,1
34982,4.0,1
34983,4.0,1
34991,4.0,1
34992,4.0,1
34994,5.0,1
34995,4.666666666666667,3
34997,4.0,1
35000,5.0,1
35001,5.0,1
35003,4.0,1
35005,5.0,1
35008,3.5,2
35014,4.666666666666667,3
35017,4.0,2
35020,4.75,4
35021,4.0,2
35022,3.5,2
35027,4.0,1
35028,4.5,2
35029,5.0,2
35031,2.0,1
35032,4.0,1
35035,5.0,4
35036,3.0,1
35038,4.0,1
35039,2.0,1
35041,5.0,1
35043,3.75,4
35044,5.0,1
35045,5.0,1
35049,4.0,2
35050,4.0,1
35052,5.0,1
35056,4.5,2
35057,2.5,2
35062,4.5,2
35063,2.5,6
35064,3.0,2
35065,5.0,1
35067,3.0,1
35069,4.5,2
35070,3.0,1
35073,3.0,1
35076,5.0,1
35077,4.0,3
35079,4.5,2
35091,5.0,3
35092,4.266666666666667,15
35094,4.0,3
35099,4.0,1
35100,4.5,2
35101,4.0,1
35103,5.0,1
35104,5.0,1
35105,5.0,1
35106,5.0,1
35107,2.0,1
35108,5.0,1
35115,4.0,1
35118,5.0,1
35119,2.0,1
35120,5.0,1
35123,5.0,1
35124,5.0,1
35129,5.0,1
35130,4.0,3
35131,5.0,1
35132,4.0,1
35133,4.0,1
35134,5.0,1
35140,5.0,1
35142,5.0,1
35145,5.0,1
35146,4.0,1
35147,5.0,1
35148,5.0,1
35153,5.0,1
35156,3.0,1
35158,4.0,1
35159,3.0,1
35163,4.0,2
35166,4.0,1
35168,4.0,2
35172,5.0,1
35174,5.0,1
35176,5.0,1
35177,4.5,2
35178,3.5,4
35179,3.3333333333333335,3
35181,2.0,1
35182,4.0,1
35185,3.0,1
35186,5.0,2
35187,4.0,1
35188,4.0,1
35192,5.0,1
35194,5.0,1
35195,4.0,1
35196,5.0,1
35197,5.0,1
35200,5.0,1
35201,3.0,2
35204,3.0,1
35207,5.0,1
35208,5.0,1
35209,4.0,3
35211,5.0,1
35215,4.0,1
35216,4.0,1
35217,5.0,2
35218,5.0,2
35219,5.0,1
35220,5.0,2
35221,5.0,1
35224,3.0,1
35227,4.333333333333333,3
35228,5.0,1
35233,4.0,2
35236,5.0,1
35241,4.0,2
35245,1.6666666666666667,3
35248,3.0,1
35249,3.6666666666666665,3
35258,4.0,1
35259,3.6,5
35262,3.6666666666666665,3
35263,3.25,4
35269,4.0,1
35272,5.0,1
35274,5.0,1
35275,4.0,1
35277,4.0,1
35279,4.5,2
35281,4.0,1
35282,4.0,1
35283,5.0,6
35285,4.0,1
35286,5.0,1
35289,3.6666666666666665,3
35290,4.0,1
35291,4.0,1
35292,4.0,2
35293,4.0,1
35295,2.0,1
35297,3.5,2
35300,5.0,2
35302,3.0,1
35305,5.0,2
35307,4.0,2
35311,3.0,1
35312,5.0,1
35313,5.0,1
35314,4.75,4
35319,5.0,1
35320,4.0,1
35329,5.0,3
35331,5.0,1
35332,5.0,1
35335,4.0,1
35337,3.5,2
35338,4.0,1
35340,4.0,2
35342,4.0,1
35343,4.0,2
35344,4.0,7
35345,5.0,1
35347,5.0,1
35350,4.0,1
35351,5.0,1
35356,4.0,1
35364,4.0,1
35367,4.0,1
35371,5.0,1
35374,5.0,1
35375,4.0,1
35378,5.0,1
35383,4.0,1
35385,5.0,1
35387,4.0,1
35392,5.0,2
35393,5.0,1
35395,5.0,1
35399,5.0,1
35400,4.0,1
35403,5.0,1
35404,4.0,1
35407,5.0,1
35410,4.0,1
35412,4.0,2
35413,3.8333333333333335,6
35415,5.0,1
35417,4.5,2
35419,4.0,2
35421,4.666666666666667,3
35426,5.0,1
35427,3.0,1
35428,3.0,1
35429,4.5,4
35430,5.0,1
35432,4.0,1
35433,5.0,1
35436,4.0,2
35438,3.3333333333333335,3
35439,5.0,1
35442,3.0,1
35444,5.0,1
35449,1.0,1
35458,5.0,1
35459,4.0,1
35461,4.0,1
35462,2.0,1
35463,4.5,2
35466,4.5,4
35467,1.0,1
35468,4.0,1
35470,5.0,2
35474,4.0,1
35477,4.0,1
35480,4.0,3
35481,5.0,1
35482,4.0,1
35483,4.0,2
35485,3.0,2
35486,4.333333333333333,3
35487,5.0,1
35488,4.0,1
35490,4.0,1
35491,3.5,2
35492,3.0,2
35494,1.0,1
35495,4.0,1
35496,3.6666666666666665,3
35502,4.0,2
35503,3.75,4
35504,3.3333333333333335,3
35505,3.0,1
35510,5.0,1
35511,4.5,2
35515,5.0,1
35521,4.0,1
35523,4.0,1
35525,3.0,1
35527,4.0,2
35531,4.0,1
35534,4.0,1
35535,3.0,1
35546,5.0,1
35550,4.0,2
35552,2.0,1
35553,4.6,5
35555,4.0,2
35560,4.0,1
35563,5.0,1
35567,5.0,1
35569,2.0,1
35571,5.0,1
35579,5.0,1
35586,3.0,2
35587,5.0,1
35589,5.0,1
35593,5.0,1
35594,1.0,1
35595,5.0,1
35598,5.0,1
35600,5.0,1
35601,5.0,2
35603,5.0,1
35608,5.0,1
35611,5.0,2
35617,5.0,1
35620,4.0,2
35621,5.0,1
35631,3.0,1
35632,4.333333333333333,3
35635,3.0,1
35637,5.0,1
35638,3.5,2
35645,5.0,1
35647,1.0,1
35650,4.5,2
35651,5.0,1
35655,2.75,4
35656,5.0,2
35659,4.0,1
35662,4.666666666666667,3
35665,3.5,2
35670,1.0,1
35671,5.0,1
35675,4.25,4
35677,1.0,1
35678,3.0,1
35679,5.0,1
35684,2.0,1
35685,5.0,1
35687,3.0,1
35690,5.0,1
35691,5.0,1
35692,5.0,1
35693,5.0,1
35700,5.0,2
35702,3.75,4
35706,4.0,1
35707,3.0,6
35711,4.0,1
35715,4.0,1
35718,4.0,1
35721,5.0,1
35723,4.0,1
35729,3.0,1
35737,3.0,2
35739,5.0,1
35740,5.0,1
35744,4.0,1
35745,4.0,1
35747,4.0,1
35751,4.0,1
35755,4.0,2
35758,3.0,1
35760,4.0,1
35763,4.0,1
35764,4.0,1
35766,4.0,1
35768,5.0,1
35773,4.0,1
35774,4.0,1
35778,4.0,2
35781,1.0,1
35782,5.0,1
35783,5.0,2
35790,3.0,2
35793,4.333333333333333,3
35795,4.0,1
35797,5.0,1
35798,4.0,1
35799,4.0,1
35806,4.5,2
35807,4.0,1
35809,5.0,1
35810,4.0,1
35812,4.0,1
35813,3.5,2
35818,5.0,1
35820,2.0,1
35823,2.0,1
35824,4.0,3
35826,4.0,1
35827,1.0,1
35828,5.0,1
35831,5.0,1
35834,2.0,1
35839,4.0,2
35846,5.0,1
35847,4.5,2
35848,3.0,1
35849,4.0,1
35850,5.0,2
35851,5.0,1
35852,5.0,1
35854,5.0,1
35855,5.0,1
35856,5.0,2
35858,5.0,2
35860,2.0,1
35861,4.0,1
35862,4.0,1
35864,4.0,2
35866,4.0,1
35867,2.0,1
35871,4.0,1
35873,5.0,1
35874,5.0,2
35877,3.0,1
35880,4.0,1
35882,4.333333333333333,3
35883,5.0,1
35885,3.75,4
35886,5.0,1
35891,5.0,2
35894,5.0,1
35897,5.0,1
35898,3.0,2
35899,4.0,1
35901,5.0,1
35903,4.5,2
35908,4.0,1
35912,4.0,1
35916,3.0,1
35920,5.0,2
35922,5.0,1
35923,4.0,1
35924,3.0,1
35926,1.0,1
35927,5.0,1
35928,5.0,1
35929,5.0,1
35930,3.0,1
35931,4.5,2
35937,3.5,2
35938,4.0,1
35939,5.0,1
35940,5.0,1
35943,5.0,1
35944,4.0,1
35945,4.5,2
35946,4.0,4
35947,3.3333333333333335,3
35949,4.25,4
35951,5.0,1
35953,4.666666666666667,3
35954,5.0,2
35955,5.0,1
35957,4.0,1
35959,5.0,1
35962,4.0,2
35966,4.0,3
35970,5.0,1
35974,2.0,1
35975,5.0,1
35991,4.0,1
35992,4.0,1
35995,3.6666666666666665,3
35996,4.5,2
35998,5.0,1
35999,4.666666666666667,3
36002,4.5,2
36005,4.0,1
36006,4.0,9
36007,4.0,2
36008,5.0,1
36009,5.0,1
36011,4.0,1
36019,5.0,1
36027,5.0,1
36029,1.0,1
36038,3.0,1
36039,4.5,2
36042,5.0,1
36045,5.0,1
36046,4.0,1
36050,5.0,1
36052,4.333333333333333,3
36054,5.0,2
36055,5.0,2
36057,5.0,1
36062,4.5,2
36072,5.0,1
36073,4.0,1
36074,5.0,1
36075,4.0,1
36076,4.0,2
36078,2.0,2
36080,4.0,1
36082,2.0,1
36087,5.0,1
36088,3.0,1
36089,3.0,2
36090,2.5,2
36094,3.0,1
36100,4.0,1
36102,4.5,2
36103,4.0,1
36105,5.0,1
36107,1.0,1
36108,3.0,2
36112,4.5,2
36114,4.0,2
36115,5.0,2
36116,4.2,5
36118,4.666666666666667,3
36120,5.0,1
36121,5.0,2
36122,1.0,1
36125,5.0,2
36132,3.0,1
36137,4.0,1
36138,3.0,2
36139,5.0,1
36140,5.0,2
36141,4.0,1
36142,2.0,1
36146,5.0,1
36147,4.0,1
36148,4.0,1
36151,4.0,1
36152,4.0,1
36155,5.0,2
36156,5.0,1
36161,5.0,1
36163,4.0,1
36165,4.0,2
36166,5.0,1
36167,1.0,1
36168,1.0,1
36171,5.0,1
36172,2.0,1
36174,3.75,8
36175,3.0,1
36176,4.0,1
36177,3.0,1
36179,4.666666666666667,3
36182,4.0,1
36184,5.0,1
36185,4.0,1
36186,5.0,2
36187,4.0,1
36188,5.0,1
36193,5.0,2
36196,5.0,1
36197,5.0,1
36198,4.0,1
36199,5.0,1
36203,4.5,2
36205,5.0,1
36210,4.25,4
36213,3.0,2
36214,3.0,1
36215,5.0,1
36216,4.0,1
36218,3.5,2
36219,5.0,1
36222,5.0,1
36225,5.0,1
36228,5.0,1
36229,4.0,2
36230,4.0,2
36233,5.0,1
36234,3.0,1
36235,5.0,1
36236,4.0,1
36239,4.0,1
36240,4.0,1
36241,4.0,1
36245,4.0,1
36252,5.0,1
36255,4.0,1
36256,4.0,1
36260,3.0,1
36264,3.0,1
36265,4.333333333333333,3
36266,4.333333333333333,3
36267,2.0,1
36269,5.0,2
36271,4.0,1
36276,5.0,1
36279,5.0,1
36280,4.0,1
36286,3.4,5
36287,4.0,1
36289,5.0,1
36290,5.0,1
36292,5.0,1
36294,5.0,1
36295,4.0,1
36296,5.0,1
36297,5.0,2
36306,5.0,5
36311,4.0,2
36313,4.0,1
36319,3.2,5
36320,5.0,1
36321,4.0,1
36325,5.0,1
36326,4.0,1
36328,5.0,3
36335,5.0,1
36337,1.0,2
36338,4.0,1
36339,4.0,1
36340,3.5,2
36341,3.0,1
36342,5.0,1
36343,3.0,1
36344,5.0,1
36347,5.0,1
36349,4.0,1
36356,2.0,1
36361,4.333333333333333,3
36362,3.0,1
36363,3.0,1
36367,5.0,1
36369,4.363636363636363,11
36370,4.0,1
36375,5.0,1
36376,4.0,1
36377,4.0,1
36378,4.0,1
36379,4.0,2
36380,4.0,1
36381,5.0,1
36382,4.0,3
36383,4.0,1
36385,4.0,1
36388,2.0,1
36392,5.0,1
36400,5.0,1
36401,4.0,1
36402,4.0,1
36403,4.0,1
36404,3.0,1
36405,5.0,1
36407,4.0,3
36409,5.0,1
36410,4.0,1
36413,5.0,2
36419,3.0,1
36421,5.0,2
36422,3.0,1
36438,5.0,3
36441,4.5,2
36443,5.0,1
36445,5.0,1
36446,4.0,1
36448,5.0,1
36449,4.0,1
36452,3.0,1
36454,5.0,1
36455,4.0,1
36456,3.0,1
36457,5.0,1
36459,5.0,2
36462,4.0,2
36463,4.0,1
36467,5.0,1
36469,5.0,1
36470,5.0,1
36472,5.0,1
36477,5.0,1
36478,3.5,2
36480,3.75,4
36482,5.0,1
36483,4.0,3
36484,4.0,1
36486,4.0,1
36487,5.0,1
36488,5.0,2
36489,5.0,2
36490,5.0,1
36491,5.0,1
36499,5.0,1
36503,4.0,1
36504,4.0,2
36506,3.0,1
36507,3.0,2
36508,4.5,2
36511,2.0,1
36518,5.0,1
36521,4.0,2
36522,5.0,2
36523,3.0,1
36524,5.0,2
36525,3.0,1
36527,3.0,2
36528,4.5,2
36533,3.0,1
36534,5.0,1
36537,4.0,1
36538,4.666666666666667,3
36542,3.0,1
36543,5.0,1
36545,3.0,1
36546,4.0,1
36547,5.0,1
36551,4.0,1
36554,3.0,1
36556,4.0,1
36557,4.333333333333333,3
36559,4.0,1
36560,5.0,1
36563,5.0,1
36564,4.0,3
36567,3.5454545454545454,11
36569,5.0,1
36570,4.0,2
36576,4.0,1
36577,5.0,1
36579,5.0,1
36580,4.5,2
36582,5.0,1
36585,4.6,5
36588,4.0,1
36590,5.0,2
36593,5.0,1
36594,4.0,1
36596,4.0,3
36597,3.0,1
36599,5.0,1
36600,5.0,1
36601,5.0,1
36603,3.0,1
36604,4.0,5
36607,4.5,2
36615,2.5,2
36619,3.0,1
36620,4.2,5
36622,5.0,2
36625,4.0,4
36630,4.6,5
36632,3.0,1
36636,4.0,1
36637,5.0,1
36642,4.0,1
36644,4.0,1
36646,3.0,1
36653,5.0,1
36655,5.0,1
36657,4.0,1
36660,5.0,1
36661,2.5,2
36664,5.0,1
36667,5.0,2
36673,5.0,1
36675,5.0,1
36680,3.0,1
36681,5.0,2
36686,5.0,1
36691,4.5,2
36697,1.0,1
36699,5.0,1
36701,5.0,1
36704,4.0,1
36710,4.0,1
36715,5.0,1
36716,4.0,1
36719,2.0,1
36723,4.0,1
36724,4.0,1
36728,3.4,5
36729,3.5,2
36735,4.0,1
36737,5.0,1
36740,3.0,1
36745,5.0,1
36746,5.0,1
36752,4.75,4
36758,5.0,1
36760,5.0,1
36761,5.0,1
36764,5.0,1
36767,4.0,2
36772,5.0,1
36773,1.0,1
36776,5.0,2
36780,5.0,1
36783,5.0,1
36790,4.5,2
36802,4.0,1
36804,5.0,1
36806,4.0,1
36808,2.0,1
36810,5.0,1
36811,4.0,1
36813,5.0,1
36814,3.0,1
36818,2.6666666666666665,3
36819,4.0,2
36820,5.0,1
36821,5.0,1
36823,4.0,2
36826,4.0,1
36830,4.0,1
36836,4.5,2
36839,5.0,1
36841,5.0,1
36843,5.0,1
36851,4.2,5
36856,4.5,2
36859,5.0,1
36860,3.0,1
36862,3.5,4
36868,3.0,1
36872,5.0,1
36873,3.6666666666666665,3
36874,5.0,1
36878,4.0,1
36881,5.0,1
36884,3.0,2
36888,4.0,1
36891,4.0,2
36893,3.0,1
36894,2.0,1
36896,3.0,1
36906,5.0,3
36907,4.0,1
36909,5.0,1
36911,4.0,1
36917,4.5,2
36918,5.0,1
36920,3.0,1
36922,5.0,1
36923,5.0,1
36924,3.0,1
36925,3.0,1
36926,4.0,4
36927,3.5,4
36929,4.0,1
36930,4.0,2
36931,5.0,1
36933,4.0,1
36935,5.0,2
36938,5.0,1
36939,4.0,1
36940,4.0,1
36941,5.0,1
36942,1.0,1
36947,4.0,1
36949,5.0,1
36954,3.5,2
36958,3.3333333333333335,3
36960,5.0,1
36961,5.0,1
36962,5.0,1
36969,3.5,2
36972,4.0,1
36973,3.3333333333333335,3
36975,3.5,4
36976,4.0,1
36978,5.0,3
36980,4.0,1
36984,1.5,2
36985,5.0,1
36987,4.0,1
36989,5.0,1
36990,5.0,1
36994,5.0,4
36997,3.0,1
36998,5.0,1
37002,5.0,3
37004,4.0,2
37006,4.5,2
37007,5.0,1
37009,4.0,1
37010,4.0,2
37016,5.0,1
37018,4.6,5
37020,4.5,4
37024,4.0,1
37026,4.0,1
37028,5.0,7
37031,3.0,1
37032,5.0,1
37035,3.0,1
37036,5.0,1
37040,5.0,1
37045,3.0,1
37052,4.0,2
37053,5.0,1
37054,2.0,1
37057,5.0,1
37059,5.0,2
37061,4.0,1
37062,1.0,1
37063,5.0,1
37068,4.0,1
37069,5.0,1
37074,1.0,1
37075,5.0,1
37077,3.0,1
37078,4.5,2
37079,2.0,1
37082,3.0,1
37086,4.0,1
37087,4.0,1
37089,5.0,1
37092,3.0,2
37099,3.0,1
37100,5.0,1
37103,5.0,1
37105,3.75,4
37108,2.0,1
37112,4.0,1
37115,3.0,1
37117,5.0,1
37118,4.0,1
37119,4.5,2
37121,5.0,2
37124,4.0,1
37126,4.0,1
37127,2.0,1
37132,4.0,1
37134,4.0,1
37135,4.0,1
37138,4.0,1
37139,3.0,3
37142,4.0,1
37144,5.0,1
37146,5.0,2
37148,5.0,1
37151,5.0,1
37152,4.5,2
37154,2.0,1
37155,4.0,1
37158,5.0,1
37159,3.0,2
37160,4.0,1
37161,5.0,1
37162,5.0,1
37167,5.0,1
37169,3.8,5
37171,3.0,1
37172,3.0,2
37173,4.0,1
37176,5.0,1
37179,4.0,1
37184,3.5,2
37185,5.0,1
37186,5.0,1
37187,4.5,2
37188,2.0,1
37189,5.0,1
37190,4.0,1
37195,4.5,2
37196,4.0,1
37197,4.0,1
37198,2.0,1
37202,4.5,2
37205,5.0,1
37206,5.0,1
37207,1.0,1
37211,3.3333333333333335,3
37213,4.0,2
37214,2.5,2
37217,5.0,1
37220,4.0,2
37223,4.0,2
37230,5.0,1
37236,5.0,1
37237,5.0,1
37238,5.0,1
37244,5.0,1
37247,4.0,1
37249,4.666666666666667,3
37250,4.0,1
37251,4.8,5
37253,4.0,1
37255,4.0,1
37257,5.0,1
37259,3.0,1
37263,5.0,1
37266,5.0,1
37267,4.0,2
37269,5.0,1
37270,2.0,1
37278,4.0,1
37282,4.0,1
37283,5.0,1
37285,5.0,1
37286,5.0,1
37289,5.0,1
37290,5.0,1
37291,5.0,2
37295,4.0,1
37299,4.166666666666667,6
37303,4.666666666666667,3
37305,4.0,1
37308,5.0,1
37309,4.0,1
37311,4.0,1
37312,4.75,4
37314,3.0,1
37315,4.0,2
37320,5.0,1
37323,4.0,1
37326,4.0,2
37327,5.0,1
37328,3.0,1
37331,4.0,2
37332,3.0,1
37334,5.0,1
37335,5.0,1
37336,4.0,1
37338,5.0,1
37339,5.0,1
37340,4.0,1
37344,2.0,2
37347,5.0,1
37348,5.0,1
37353,4.0,1
37357,1.0,1
37359,5.0,1
37363,5.0,1
37365,4.333333333333333,3
37366,5.0,1
37367,4.0,1
37371,3.75,4
37372,5.0,1
37374,4.0,1
37376,5.0,1
37379,5.0,1
37380,5.0,1
37381,4.0,2
37382,4.0,2
37383,3.6666666666666665,3
37384,4.0,1
37386,4.0,1
37390,3.0,1
37393,5.0,1
37394,4.0,1
37397,4.0,1
37403,4.0,1
37409,3.0,1
37410,5.0,1
37411,5.0,1
37417,3.5,2
37418,5.0,1
37423,4.0,1
37425,3.75,4
37429,4.0,1
37434,4.0,1
37435,4.0,1
37438,5.0,2
37439,5.0,2
37440,4.666666666666667,3
37442,4.5,2
37447,5.0,1
37451,3.75,4
37453,4.0,1
37454,5.0,1
37455,3.0,2
37460,3.0,1
37465,5.0,1
37467,4.75,4
37469,4.6,5
37472,3.0,1
37473,5.0,1
37474,2.0,1
37476,5.0,1
37477,3.0,1
37479,5.0,1
37483,4.0,3
37486,5.0,1
37488,2.0,1
37489,4.0,1
37490,5.0,1
37493,5.0,1
37495,4.0,1
37496,4.0,1
37497,5.0,1
37506,5.0,1
37508,4.0,2
37510,4.0,1
37512,5.0,1
37517,5.0,1
37520,5.0,2
37523,2.0,1
37525,3.0,1
37529,5.0,1
37532,4.0,2
37533,5.0,1
37535,2.0,1
37536,5.0,1
37539,4.0,1
37542,4.0,1
37545,3.0,2
37547,4.666666666666667,6
37549,5.0,1
37550,5.0,1
37551,4.0,1
37552,5.0,1
37553,4.0,1
37554,4.0,1
37555,5.0,1
37558,5.0,1
37564,3.0,1
37565,5.0,1
37566,5.0,1
37567,3.0,1
37568,4.333333333333333,3
37570,5.0,1
37571,4.0,4
37573,5.0,1
37574,5.0,1
37575,3.0,1
37578,4.0,1
37585,4.5,2
37587,4.0,1
37591,4.0,1
37592,5.0,1
37593,4.0,3
37594,5.0,1
37595,4.0,2
37596,4.0,1
37598,5.0,1
37600,3.75,4
37601,4.333333333333333,3
37604,3.5,2
37608,4.0,1
37611,5.0,1
37620,5.0,1
37621,4.5,2
37628,5.0,1
37630,5.0,1
37632,4.0,2
37633,3.0,1
37635,5.0,1
37638,4.0,1
37642,5.0,1
37644,5.0,1
37645,3.5,2
37646,4.0,2
37649,5.0,1
37652,4.0,2
37653,4.0,1
37658,4.0,1
37661,4.0,1
37667,4.0,1
37668,4.0,6
37671,5.0,1
37673,4.0,1
37674,5.0,1
37675,1.0,1
37676,5.0,1
37679,4.25,4
37685,2.0,1
37695,5.0,2
37697,1.0,3
37698,5.0,1
37703,4.0,2
37706,4.0,1
37707,5.0,1
37708,4.0,1
37709,3.0,1
37711,4.0,2
37713,3.0,2
37714,3.0,1
37717,5.0,1
37718,1.0,1
37719,4.0,1
37726,5.0,1
37727,4.0,1
37731,5.0,1
37732,5.0,1
37736,5.0,2
37737,2.0,1
37738,3.0,1
37740,5.0,1
37741,4.0,1
37743,1.0,2
37745,3.0,2
37753,3.5,2
37762,4.5,2
37763,5.0,1
37764,3.0,1
37765,3.0,1
37768,4.0,1
37769,4.0,1
37772,5.0,1
37773,5.0,1
37774,3.0,1
37775,3.0,1
37776,5.0,2
37779,5.0,3
37780,5.0,1
37782,4.5,2
37785,4.666666666666667,6
37786,5.0,1
37787,4.0,2
37789,4.0,1
37790,5.0,1
37793,4.0,1
37800,4.5,2
37802,4.666666666666667,3
37803,4.0,1
37804,4.0,1
37806,5.0,1
37808,4.0,1
37809,1.0,1
37814,5.0,1
37816,4.0,1
37819,3.0,2
37820,5.0,1
37823,5.0,1
37824,3.0,1
37826,5.0,1
37828,5.0,1
37836,4.5,2
37839,3.8,5
37840,4.0,1
37841,4.0,1
37842,5.0,1
37843,5.0,1
37844,4.0,1
37852,4.0,1
37853,4.0,1
37854,4.0,1
37856,4.0,1
37857,5.0,1
37858,4.0,1
37860,5.0,1
37863,5.0,1
37868,4.0,1
37871,5.0,1
37873,5.0,1
37877,4.0,1
37879,4.8,5
37880,3.3333333333333335,3
37881,3.0,1
37882,3.0,1
37883,5.0,1
37884,5.0,1
37885,4.5,2
37886,4.0,1
37888,4.666666666666667,3
37890,4.0,2
37891,5.0,1
37892,4.0,1
37893,5.0,1
37894,5.0,1
37895,4.5,2
37900,5.0,1
37902,4.0,1
37906,4.333333333333333,3
37908,5.0,1
37909,4.0,1
37911,4.0,1
37912,5.0,1
37914,4.0,1
37917,4.5,2
37919,5.0,2
37920,4.333333333333333,3
37922,5.0,1
37926,2.0,2
37931,2.0,1
37932,5.0,2
37933,5.0,2
37935,3.0,1
37936,5.0,1
37938,4.0,1
37939,5.0,1
37943,3.0,1
37948,5.0,1
37950,5.0,1
37953,3.0,2
37955,4.0,2
37960,4.0,1
37965,3.0,1
37966,4.0,1
37968,5.0,1
37969,4.0,3
37970,4.0,1
37973,4.0,1
37975,4.0,1
37980,3.0,1
37987,3.0,1
37989,5.0,1
37990,4.0,2
37992,3.0,2
37994,4.0,1
37995,5.0,1
38001,5.0,1
38002,3.0,1
38003,4.0,1
38006,4.0,1
38008,5.0,1
38009,3.0,1
38011,5.0,8
38012,5.0,1
38015,5.0,1
38016,4.5,2
38017,4.0,2
38018,4.0,1
38021,5.0,1
38029,4.0,1
38030,4.666666666666667,6
38036,4.0,1
38044,4.0,3
38046,4.0,2
38048,3.0,1
38049,5.0,1
38051,5.0,1
38055,4.0,1
38059,5.0,1
38061,4.0,3
38062,5.0,1
38065,4.5,2
38067,4.0,1
38068,4.0,1
38069,4.0,1
38071,5.0,1
38072,4.0,2
38073,5.0,1
38074,4.2,5
38084,2.0,1
38086,5.0,1
38087,5.0,1
38088,4.0,1
38092,5.0,1
38093,5.0,1
38095,4.0,1
38101,5.0,1
38102,4.0,1
38106,2.0,2
38108,5.0,1
38110,4.0,2
38112,3.0,4
38113,5.0,1
38116,4.0,1
38117,5.0,1
38120,5.0,1
38121,4.0,1
38122,2.0,1
38123,4.5,2
38124,5.0,1
38126,4.0,2
38129,4.0,3
38131,5.0,1
38132,4.0,1
38134,4.0,1
38136,5.0,1
38138,5.0,1
38141,4.0,1
38143,3.0,3
38146,5.0,1
38147,5.0,1
38154,5.0,3
38157,4.5,4
38159,3.0,1
38160,4.0,1
38161,5.0,1
38163,4.333333333333333,3
38164,3.0,2
38167,4.0,1
38170,5.0,1
38171,5.0,1
38174,3.2,5
38179,5.0,1
38182,5.0,2
38184,4.0,2
38185,3.0,1
38186,5.0,1
38188,4.0,1
38189,4.0,1
38190,5.0,1
38192,5.0,1
38193,3.0,1
38194,5.0,1
38196,5.0,1
38197,5.0,1
38199,3.0,2
38200,4.5,2
38201,4.0,1
38203,4.0,1
38205,5.0,1
38209,3.0,2
38210,4.0,1
38211,4.5,2
38212,4.6,5
38214,5.0,1
38217,5.0,2
38221,4.333333333333333,3
38224,4.5,2
38226,4.3,10
38227,5.0,1
38229,3.0,1
38236,5.0,1
38239,5.0,1
38240,5.0,1
38241,5.0,1
38244,4.0,1
38249,5.0,1
38250,4.5,2
38262,4.0,1
38265,3.0,1
38267,5.0,1
38268,3.0,1
38270,4.0,3
38272,3.0,1
38273,5.0,1
38274,5.0,1
38275,5.0,1
38276,5.0,2
38279,5.0,1
38280,4.0,1
38281,4.0,1
38283,5.0,1
38285,1.0,1
38287,3.0,1
38288,5.0,1
38297,4.0,1
38301,5.0,1
38306,5.0,1
38308,4.0,1
38310,5.0,1
38311,5.0,1
38314,3.0,1
38318,5.0,1
38320,1.0,1
38324,5.0,1
38327,3.5,2
38328,3.0,1
38330,5.0,1
38331,4.0,1
38333,5.0,1
38337,3.0,1
38340,5.0,1
38344,5.0,1
38346,5.0,1
38349,5.0,1
38350,3.0,1
38354,3.3333333333333335,3
38355,5.0,1
38362,5.0,1
38365,5.0,1
38368,4.0,1
38371,4.0,1
38372,1.0,1
38374,4.0,1
38379,4.0,1
38380,3.0,2
38382,4.0,1
38384,4.5,2
38385,4.0,3
38389,1.0,1
38394,4.5,2
38399,4.0,1
38401,1.0,2
38402,4.0,1
38403,4.0,1
38404,3.75,4
38406,2.0,1
38407,2.0,1
38409,4.0,1
38411,5.0,1
38412,4.0,1
38414,3.0,1
38415,5.0,1
38418,5.0,1
38422,5.0,2
38425,4.333333333333333,3
38426,5.0,1
38429,4.0,2
38431,4.5,2
38435,5.0,1
38436,3.0,2
38439,5.0,2
38441,5.0,3
38446,4.0,1
38450,4.0,1
38451,4.0,1
38460,2.0,1
38464,5.0,1
38466,3.0,2
38469,5.0,5
38470,5.0,1
38471,5.0,1
38472,1.0,1
38473,4.0,1
38477,4.0,1
38480,5.0,1
38482,5.0,1
38486,5.0,1
38487,4.0,1
38489,4.0,1
38492,5.0,1
38493,4.0,1
38496,4.0,1
38498,5.0,3
38499,4.5,2
38500,5.0,1
38501,4.0,2
38504,5.0,1
38505,5.0,1
38507,4.0,1
38508,4.0,1
38509,3.5,2
38510,5.0,1
38513,5.0,1
38514,3.0,1
38518,5.0,1
38524,5.0,1
38530,4.0,1
38532,5.0,1
38533,5.0,1
38535,5.0,1
38536,5.0,1
38537,5.0,1
38540,4.0,2
38541,5.0,1
38545,4.666666666666667,3
38546,4.5,2
38549,5.0,1
38552,4.2,5
38554,5.0,2
38555,3.0,2
38556,5.0,1
38558,5.0,1
38561,4.0,1
38565,5.0,1
38566,5.0,2
38567,5.0,1
38569,4.0,1
38571,3.5,4
38573,5.0,1
38578,3.0,3
38588,4.0,2
38591,3.0,1
38592,4.0,2
38593,1.0,1
38596,5.0,1
38600,5.0,2
38601,4.0,1
38603,5.0,1
38605,4.5,2
38606,4.0,1
38609,1.0,1
38611,3.0,1
38612,4.0,1
38613,5.0,1
38614,4.0,1
38618,4.5,2
38620,4.5,2
38623,5.0,1
38624,4.0,1
38626,5.0,1
38635,4.0,1
38637,5.0,1
38638,4.0,1
38640,4.0,2
38643,5.0,1
38648,4.333333333333333,3
38650,3.0,1
38651,3.6666666666666665,3
38655,5.0,1
38660,5.0,1
38663,5.0,1
38664,3.0,1
38666,4.75,4
38667,5.0,2
38669,5.0,1
38674,4.0,1
38675,4.0,1
38677,5.0,2
38678,3.0,1
38683,5.0,1
38687,4.666666666666667,3
38689,4.0,2
38693,4.5,2
38697,3.4,5
38699,4.0,1
38702,4.0,2
38705,5.0,1
38710,4.0,1
38714,5.0,1
38716,4.0,1
38726,3.75,4
38730,5.0,1
38732,5.0,2
38733,4.0,1
38735,4.0,1
38737,4.0,1
38738,4.0,1
38742,5.0,1
38744,4.666666666666667,3
38748,5.0,1
38749,4.0,1
38752,3.0,1
38753,5.0,1
38756,5.0,1
38759,4.0,1
38760,4.0,1
38762,5.0,1
38763,4.0,1
38765,4.5,4
38767,3.5,2
38771,4.0,1
38772,3.0,2
38773,3.0,1
38777,1.0,1
38781,4.0,1
38788,4.0,1
38789,5.0,1
38790,3.0,1
38794,4.0,1
38796,4.0,2
38797,4.75,4
38799,4.0,1
38800,5.0,1
38803,4.0,1
38806,5.0,2
38807,4.818181818181818,11
38809,5.0,1
38816,3.5,2
38818,4.0,1
38819,4.5,2
38821,4.0,1
38825,4.0,2
38826,4.0,1
38827,4.333333333333333,6
38828,5.0,1
38830,4.333333333333333,3
38832,1.0,1
38833,5.0,2
38834,3.0,1
38835,5.0,2
38836,4.0,2
38838,4.0,1
38839,2.5,2
38841,4.0,2
38844,4.0,1
38846,5.0,1
38852,5.0,1
38853,4.0,1
38855,4.0,2
38856,4.0,1
38857,4.0,1
38861,2.0,1
38863,4.0,2
38864,4.0,1
38870,4.0,2
38873,5.0,1
38877,4.0,1
38878,4.666666666666667,3
38880,3.0,1
38882,4.0,1
38883,4.5,2
38885,5.0,2
38886,4.555555555555555,9
38888,4.0,2
38889,4.0,1
38890,3.0,1
38894,5.0,1
38895,4.0,1
38899,5.0,1
38901,4.0,1
38904,3.0,1
38906,4.0,3
38909,4.0,2
38911,4.0,1
38914,3.0,1
38917,4.0,1
38918,4.0,1
38923,4.0,3
38925,3.0,1
38927,5.0,1
38929,5.0,1
38932,5.0,1
38934,1.0,1
38936,5.0,2
38938,3.5,2
38939,5.0,1
38942,4.0,1
38946,5.0,1
38948,5.0,2
38949,4.0,1
38950,5.0,1
38951,3.8333333333333335,6
38952,4.0,1
38953,4.25,4
38954,5.0,2
38957,3.5,2
38958,3.6666666666666665,3
38959,4.333333333333333,3
38965,4.0,1
38972,5.0,2
38974,3.0,1
38980,4.0,1
38982,4.166666666666667,6
38983,5.0,1
38989,4.0,1
38992,4.0,1
38993,4.0,3
38999,4.333333333333333,3
39000,4.0,1
39007,3.5,2
39008,3.0,1
39009,5.0,1
39010,4.0,2
39012,4.0,1
39013,5.0,1
39015,3.0,1
39016,4.0,1
39017,4.0,4
39018,4.0,1
39019,2.0,1
39020,4.0,1
39021,2.3333333333333335,3
39025,4.0,2
39026,4.333333333333333,3
39028,5.0,1
39030,3.0,1
39034,4.0,2
39037,5.0,1
39038,4.0,1
39039,4.5,2
39040,5.0,1
39041,3.0,1
39044,5.0,1
39045,5.0,1
39046,3.3333333333333335,3
39051,5.0,1
39052,4.0,1
39053,4.333333333333333,3
39058,5.0,2
39059,4.0,1
39061,5.0,3
39064,5.0,1
39067,5.0,1
39068,3.5,2
39070,5.0,1
39071,5.0,1
39074,5.0,1
39075,5.0,2
39079,4.333333333333333,3
39081,5.0,2
39082,4.0,1
39084,5.0,1
39088,5.0,1
39089,3.0,1
39091,4.0,1
39092,4.5,4
39093,4.0,1
39096,5.0,1
39097,1.0,1
39098,4.333333333333333,3
39101,3.0,1
39103,4.0,1
39104,4.0,1
39105,2.0,1
39107,4.5,2
39108,4.5,2
39110,4.0,1
39111,5.0,1
39112,4.0,3
39113,3.25,4
39119,4.142857142857143,7
39123,5.0,1
39129,4.0,1
39130,4.5,2
39133,4.0,1
39136,4.666666666666667,3
39137,5.0,1
39138,5.0,1
39139,4.0,1
39140,3.3333333333333335,3
39143,4.0,1
39144,5.0,1
39149,4.0,1
39158,3.5,2
39159,5.0,3
39161,5.0,1
39163,2.0,1
39164,4.0,3
39165,4.0,1
39166,4.0,1
39169,4.0,1
39171,5.0,1
39172,4.0,1
39173,5.0,1
39175,3.0,1
39178,5.0,1
39181,5.0,1
39184,4.0,1
39185,4.0,1
39188,4.0,1
39192,3.5,2
39195,4.0,1
39197,3.5,2
39198,5.0,2
39202,2.0,1
39207,2.0,1
39208,4.0,1
39212,5.0,1
39214,3.0,1
39215,4.0,1
39218,3.0,2
39220,4.0,1
39222,5.0,2
39226,5.0,1
39228,3.0,1
39233,4.333333333333333,3
39234,3.0,1
39237,4.0,1
39241,4.0,1
39242,5.0,1
39243,5.0,1
39244,3.0,4
39246,5.0,1
39247,5.0,1
39248,4.0,1
39249,4.666666666666667,3
39251,3.0,1
39253,3.5,2
39257,4.5,2
39258,3.0,1
39259,4.0,1
39260,3.0,1
39264,5.0,1
39269,5.0,1
39270,5.0,1
39279,3.0,1
39281,4.5,2
39282,1.0,2
39283,3.0,1
39290,4.0,1
39293,4.0,1
39295,5.0,1
39296,5.0,1
39300,5.0,1
39303,3.0,1
39306,3.5,2
39311,4.0,1
39315,5.0,1
39319,5.0,1
39320,2.0,1
39326,4.0,1
39329,4.0,2
39330,5.0,1
39332,5.0,1
39334,4.0,1
39335,3.0,2
39336,4.0,2
39339,5.0,4
39340,5.0,1
39347,5.0,1
39349,5.0,1
39351,3.0,2
39352,4.0,1
39353,1.0,1
39354,4.0,2
39361,5.0,2
39369,5.0,1
39370,3.0,1
39371,3.5,2
39372,5.0,1
39377,4.0,1
39380,5.0,1
39386,5.0,1
39388,1.0,1
39389,5.0,1
39390,5.0,1
39391,2.75,4
39393,5.0,1
39395,1.0,1
39396,4.111111111111111,9
39397,4.0,1
39398,5.0,1
39399,4.0,1
39401,5.0,1
39403,5.0,1
39404,4.0,1
39406,4.75,4
39407,4.0,1
39410,4.0,1
39412,5.0,2
39413,5.0,1
39421,2.0,1
39422,4.0,2
39423,5.0,1
39424,4.5,2
39425,4.0,1
39426,4.0,1
39427,5.0,1
39429,4.5,2
39434,4.5,2
39436,2.5,2
39439,4.5,4
39443,1.0,1
39445,5.0,1
39454,5.0,2
39455,5.0,2
39456,4.0,1
39457,5.0,1
39458,4.25,4
39459,4.666666666666667,3
39460,4.0,1
39461,5.0,1
39463,5.0,1
39464,5.0,2
39466,3.0,1
39474,5.0,1
39477,3.0,1
39479,3.0,1
39481,4.125,8
39483,4.0,2
39485,4.0,1
39488,5.0,1
39491,5.0,1
39493,4.0,1
39494,5.0,1
39497,1.0,1
39498,4.333333333333333,3
39504,3.5,2
39505,4.666666666666667,3
39508,4.0,1
39515,5.0,1
39516,4.0,1
39524,3.0,1
39526,5.0,1
39529,5.0,1
39530,2.0,1
39532,3.75,8
39536,5.0,1
39538,3.0,2
39542,4.0,1
39544,4.0,1
39545,4.0,1
39546,5.0,2
39551,4.0,1
39552,5.0,1
39553,4.0,1
39555,5.0,1
39556,5.0,2
39561,5.0,1
39563,5.0,1
39565,4.0,2
39568,5.0,2
39574,5.0,2
39576,4.0,1
39577,4.0,1
39584,4.0,2
39586,5.0,1
39588,4.0,2
39589,4.0,1
39593,4.0,2
39594,4.0,1
39601,5.0,1
39602,5.0,1
39603,5.0,1
39604,5.0,1
39607,4.0,1
39608,4.0,1
39611,5.0,1
39615,5.0,2
39616,4.2,5
39618,4.0,1
39619,3.0,1
39621,1.0,1
39623,4.0,2
39624,5.0,3
39631,4.0,1
39634,5.0,2
39637,5.0,3
39638,5.0,1
39639,4.0,3
39641,4.0,1
39646,4.0,1
39650,4.0,1
39665,5.0,1
39668,5.0,2
39670,5.0,2
39671,4.0,2
39672,4.6,5
39675,3.0,1
39679,5.0,1
39682,3.0,1
39686,3.0,1
39688,4.0,3
39689,4.0,1
39692,4.0,1
39694,2.0,1
39695,5.0,2
39697,4.0,1
39699,4.0,1
39701,4.0,1
39709,3.5,4
39711,5.0,2
39717,4.0,1
39719,5.0,1
39721,3.0,1
39723,5.0,1
39724,4.0,1
39725,4.0,1
39726,5.0,1
39727,4.0,1
39728,3.0,1
39733,4.0,1
39737,4.0,2
39738,5.0,1
39744,4.5,2
39746,5.0,2
39749,5.0,1
39750,3.5,2
39755,5.0,2
39758,5.0,1
39760,4.0,2
39765,5.0,1
39769,3.0,1
39772,4.0,3
39775,3.8333333333333335,6
39777,5.0,2
39779,4.0,1
39783,3.0,1
39785,4.0,1
39786,3.0,2
39789,5.0,1
39790,4.0,3
39800,5.0,1
39803,5.0,1
39812,5.0,1
39814,3.4,5
39817,4.0,1
39819,5.0,1
39821,1.0,2
39823,5.0,1
39827,4.0,1
39839,5.0,1
39846,5.0,2
39847,5.0,1
39849,4.5,2
39850,5.0,1
39854,5.0,1
39856,5.0,2
39858,4.0,1
39861,5.0,1
39863,4.0,1
39864,4.333333333333333,3
39865,4.5,2
39866,4.0,1
39868,2.0,1
39870,3.0,1
39871,5.0,1
39874,4.0,1
39875,4.0,2
39876,5.0,1
39877,4.666666666666667,3
39879,5.0,1
39880,4.0,1
39883,4.0,1
39885,5.0,1
39886,5.0,1
39891,4.0,2
39892,4.0,2
39893,5.0,2
39903,3.0,2
39910,1.0,1
39911,5.0,2
39912,4.0,1
39913,4.0,3
39916,5.0,2
39917,5.0,1
39922,5.0,1
39923,3.0,1
39924,5.0,2
39925,5.0,1
39927,5.0,1
39929,5.0,1
39933,5.0,1
39937,4.333333333333333,3
39941,5.0,2
39942,4.0,2
39946,3.0,1
39947,5.0,1
39953,4.0,2
39956,4.5,2
39959,3.0,1
39960,5.0,1
39962,1.0,1
39963,5.0,1
39964,4.0,1
39965,3.0,1
39966,5.0,2
39968,5.0,1
39978,3.0,1
39980,3.0,1
39982,4.5,2
39985,4.0,1
39988,4.666666666666667,3
39989,5.0,1
39990,4.0,1
39993,5.0,1
39996,4.0,1
39997,5.0,1
39999,5.0,1
40000,4.5,2
40004,5.0,1
40005,4.0,1
40006,5.0,1
40010,5.0,2
40013,4.0,1
40015,3.0,1
40017,4.0,1
40018,2.0,1
40020,4.0,4
40021,4.5,2
40023,5.0,1
40024,5.0,1
40029,4.0,1
40031,5.0,1
40032,4.0,2
40035,5.0,2
40037,4.0,1
40040,3.6666666666666665,3
40041,3.0,1
40043,4.0,2
40048,3.0,1
40050,5.0,1
40052,4.5,2
40061,5.0,1
40062,4.5,2
40063,4.5,2
40064,4.0,1
40066,5.0,1
40076,4.0,1
40078,3.5,2
40079,4.0,2
40085,4.5,2
40095,5.0,1
40096,3.3333333333333335,3
40097,3.0,2
40102,5.0,1
40108,5.0,1
40116,5.0,1
40119,5.0,1
40121,5.0,3
40125,3.0,1
40131,4.0,1
40133,3.75,4
40134,3.0,1
40136,3.6666666666666665,3
40139,5.0,1
40142,4.0,1
40148,2.0,1
40153,5.0,2
40158,4.0,2
40160,4.0,1
40165,3.0,1
40167,3.5,2
40168,5.0,1
40169,5.0,1
40171,5.0,1
40174,4.0,1
40175,4.666666666666667,3
40176,3.5,2
40177,5.0,2
40179,1.0,1
40180,3.3333333333333335,3
40181,4.0,2
40182,4.0,2
40184,5.0,1
40187,3.75,4
40189,2.0,1
40190,4.0,1
40191,4.0,1
40196,3.0,1
40197,4.5,2
40199,5.0,1
40201,4.0,1
40204,5.0,1
40207,3.0,1
40208,4.5,2
40212,4.0,1
40213,5.0,2
40215,5.0,1
40216,5.0,1
40217,5.0,1
40218,4.0,1
40223,5.0,1
40226,5.0,1
40233,4.0,1
40240,4.0,2
40242,4.4,5
40243,5.0,1
40245,3.0,1
40247,5.0,1
40249,5.0,1
40251,5.0,1
40252,4.0,1
40253,4.0,2
40255,5.0,1
40256,5.0,1
40257,5.0,1
40260,5.0,1
40264,4.0,2
40267,5.0,1
40268,5.0,2
40273,3.3333333333333335,3
40274,3.0,1
40275,4.5,2
40276,5.0,1
40281,5.0,1
40283,3.0,1
40284,5.0,3
40287,5.0,1
40288,5.0,1
40295,4.0,1
40296,4.5,2
40302,5.0,1
40305,4.0,3
40306,4.333333333333333,3
40317,5.0,1
40319,4.0,1
40320,5.0,2
40324,3.0,1
40325,5.0,2
40327,4.0,1
40329,4.5,2
40330,5.0,1
40334,5.0,1
40336,5.0,1
40337,5.0,1
40338,5.0,1
40343,5.0,1
40344,4.0,2
40345,3.0,1
40347,4.6,5
40348,5.0,1
40351,3.0,1
40353,5.0,1
40361,5.0,1
40362,4.0,1
40363,3.0,1
40366,5.0,2
40369,5.0,1
40370,4.5,2
40371,4.5,2
40377,4.0,1
40378,4.0,1
40383,5.0,1
40385,5.0,1
40386,5.0,1
40389,5.0,1
40391,5.0,1
40398,5.0,1
40403,5.0,1
40406,3.0,1
40407,4.0,2
40409,4.0,3
40411,4.0,1
40412,5.0,1
40416,5.0,1
40417,3.5,2
40420,5.0,1
40423,5.0,1
40426,5.0,1
40427,3.0,1
40434,5.0,1
40435,4.0,1
40436,5.0,1
40445,4.0,2
40447,3.5,2
40451,3.0,1
40454,4.0,1
40456,3.0,1
40459,5.0,1
40461,4.666666666666667,3
40462,5.0,1
40468,4.0,1
40469,4.0,1
40471,5.0,5
40473,3.0,1
40474,4.0,1
40477,4.4,5
40479,5.0,1
40480,4.0,1
40482,4.0,1
40484,5.0,2
40488,5.0,1
40491,3.0,1
40492,5.0,1
40497,4.75,4
40499,5.0,1
40500,3.0,1
40503,4.0,1
40505,3.0,1
40509,5.0,1
40511,3.0,1
40512,4.0,1
40516,3.0,3
40518,5.0,1
40520,2.0,1
40526,4.0,1
40530,4.0,1
40531,3.75,4
40532,2.0,1
40536,4.5,2
40537,5.0,1
40539,3.0,1
40540,3.0,1
40545,2.0,1
40546,5.0,1
40549,5.0,1
40550,5.0,1
40551,4.5,2
40555,3.0,1
40562,5.0,2
40563,5.0,1
40566,4.0,2
40567,4.75,4
40568,3.0,1
40571,5.0,1
40578,4.0,1
40579,5.0,1
40582,4.0,2
40586,5.0,1
40592,5.0,3
40593,3.8333333333333335,6
40594,4.0,2
40596,4.5,8
40597,5.0,1
40598,2.0,1
40601,5.0,1
40607,4.0,2
40610,4.5,2
40613,4.0,1
40615,4.0,1
40617,5.0,1
40619,4.0,2
40629,4.0,1
40635,4.0,1
40638,4.0,1
40640,4.0,2
40645,4.0,1
40646,4.0,1
40651,5.0,2
40654,3.0,2
40655,3.5,2
40661,5.0,1
40669,4.0,1
40670,5.0,1
40671,4.0,1
40680,5.0,3
40682,3.5,2
40683,4.5,2
40684,3.0,1
40686,5.0,1
40687,4.0,1
40688,5.0,1
40691,5.0,1
40692,5.0,1
40694,5.0,1
40695,4.0,3
40696,4.0,5
40697,5.0,1
40698,5.0,1
40699,5.0,2
40700,5.0,1
40702,5.0,1
40703,5.0,2
40704,4.0,1
40705,5.0,1
40706,5.0,1
40707,5.0,1
40708,5.0,1
40709,4.0,1
40710,5.0,1
40712,3.0,1
40714,4.0,1
40717,5.0,2
40718,3.0,1
40719,5.0,1
40720,4.5,2
40722,5.0,2
40724,5.0,2
40725,5.0,2
40726,5.0,1
40727,5.0,1
40732,2.0,1
40735,4.0,2
40738,5.0,1
40739,4.0,1
40740,5.0,1
40741,5.0,2
40748,4.5,2
40749,4.0,1
40751,1.0,2
40753,3.5,2
40755,4.0,6
40756,5.0,1
40758,4.0,1
40760,3.0,1
40761,3.6666666666666665,3
40764,4.0,1
40765,5.0,1
40766,4.5,4
40769,5.0,1
40780,5.0,1
40785,4.0,1
40786,5.0,2
40787,4.0,1
40788,4.0,1
40789,4.0,1
40790,4.0,1
40791,5.0,1
40795,3.0,1
40796,5.0,1
40797,4.333333333333333,3
40804,4.0,1
40805,3.0,1
40806,4.5,2
40810,5.0,1
40814,5.0,1
40816,4.0,1
40817,5.0,1
40818,3.0,1
40820,4.0,3
40821,4.0,1
40822,5.0,1
40824,4.5,2
40829,5.0,1
40830,4.0,1
40831,4.5,2
40833,3.75,4
40834,5.0,2
40835,5.0,2
40838,3.0,1
40839,4.0,1
40843,5.0,1
40849,5.0,2
40851,5.0,2
40855,5.0,2
40856,5.0,1
40857,4.0,1
40859,5.0,1
40862,5.0,1
40863,4.0,2
40865,4.0,1
40868,5.0,1
40869,5.0,1
40871,5.0,1
40872,4.0,1
40874,4.0,2
40876,2.0,1
40877,5.0,1
40880,4.5,2
40881,5.0,1
40882,5.0,1
40884,4.0,2
40885,3.0,1
40887,4.0,1
40889,5.0,1
40890,5.0,1
40892,5.0,1
40893,2.0,1
40894,5.0,3
40895,5.0,1
40896,4.0,1
40898,5.0,2
40900,4.5,2
40906,5.0,2
40909,5.0,1
40911,3.0,1
40912,4.666666666666667,6
40914,5.0,1
40918,5.0,2
40923,2.0,1
40924,4.6,5
40926,3.0,1
40928,5.0,3
40929,5.0,1
40936,5.0,1
40937,1.0,1
40939,3.5,2
40942,5.0,1
40945,5.0,2
40946,5.0,1
40949,5.0,1
40954,3.0,4
40963,5.0,1
40969,5.0,1
40975,4.222222222222222,9
40976,5.0,2
40986,5.0,1
40987,4.0,1
40988,5.0,1
40991,4.333333333333333,3
40992,4.333333333333333,3
40994,1.0,1
40997,4.0,1
41000,5.0,1
41001,4.5,2
41002,4.666666666666667,3
41003,3.6666666666666665,3
41012,4.666666666666667,3
41014,4.0,1
41017,5.0,2
41018,5.0,1
41024,5.0,1
41025,5.0,1
41026,3.0,1
41030,5.0,1
41032,2.0,2
41040,3.0,3
41046,4.0,2
41048,2.3333333333333335,3
41049,5.0,2
41050,3.6666666666666665,3
41054,4.0,1
41060,2.0,1
41063,5.0,2
41065,3.0,1
41067,4.0,1
41068,5.0,1
41071,5.0,1
41074,4.0,3
41075,3.5,4
41077,4.0,1
41079,4.5,2
41084,5.0,1
41086,5.0,1
41087,4.0,1
41089,5.0,1
41091,4.0,1
41095,4.0,1
41104,5.0,1
41105,4.333333333333333,3
41106,5.0,1
41107,3.0,1
41109,3.0,1
41110,3.5,2
41111,4.0,2
41118,4.5,2
41119,5.0,3
41121,4.0,1
41122,5.0,1
41124,4.0,1
41126,3.0,2
41128,5.0,1
41129,4.333333333333333,3
41131,5.0,1
41132,5.0,1
41134,4.0,4
41135,4.0,1
41136,5.0,1
41139,4.333333333333333,3
41142,5.0,1
41144,5.0,1
41151,5.0,2
41155,5.0,1
41157,5.0,3
41159,4.0,1
41165,4.666666666666667,3
41166,5.0,1
41170,4.0,1
41171,3.0,1
41172,5.0,1
41176,5.0,1
41177,4.0,2
41178,3.0,1
41180,5.0,1
41183,4.4,5
41190,4.25,4
41197,5.0,1
41198,5.0,1
41200,4.0,1
41203,5.0,1
41212,2.5,2
41213,4.5,2
41215,4.0,1
41218,5.0,3
41220,3.3333333333333335,3
41221,5.0,1
41222,5.0,3
41223,1.0,1
41224,5.0,1
41225,4.0,2
41226,4.0,1
41230,3.0,1
41236,5.0,1
41239,5.0,1
41242,4.5,2
41244,4.0,1
41245,3.0,1
41246,2.0,1
41247,4.0,2
41251,1.0,1
41252,5.0,1
41253,5.0,1
41254,4.5,2
41255,5.0,1
41256,5.0,1
41257,5.0,2
41258,2.75,4
41260,3.6666666666666665,3
41262,3.0,2
41264,4.0,1
41268,5.0,1
41269,3.6666666666666665,3
41273,5.0,1
41274,5.0,1
41277,3.0,1
41279,4.0,1
41287,4.5,2
41291,5.0,1
41292,5.0,1
41293,4.0,1
41297,4.0,1
41298,4.0,2
41306,5.0,1
41309,4.0,2
41310,4.333333333333333,3
41311,5.0,1
41316,4.333333333333333,3
41318,3.0,3
41319,5.0,1
41320,5.0,1
41323,5.0,3
41326,4.0,1
41328,5.0,1
41332,3.0,1
41333,4.5,2
41335,5.0,1
41336,3.5,4
41343,4.333333333333333,3
41345,4.0,1
41350,1.0,1
41352,5.0,2
41356,5.0,1
41358,5.0,1
41359,4.333333333333333,3
41360,5.0,1
41362,5.0,1
41363,4.0,1
41367,3.0,1
41369,2.6666666666666665,3
41370,4.0,1
41374,3.5,2
41376,4.0,2
41378,5.0,2
41379,5.0,1
41380,5.0,1
41382,4.5,2
41385,5.0,1
41389,4.0,2
41390,4.5,2
41392,4.0,1
41394,5.0,1
41396,4.0,1
41398,5.0,1
41400,4.0,1
41401,4.0,1
41403,4.5,4
41406,5.0,1
41409,3.0,1
41410,4.0,1
41413,4.0,1
41414,5.0,1
41422,4.0,1
41427,5.0,2
41432,5.0,1
41442,4.0,5
41443,4.0,2
41445,4.5,2
41446,4.0,1
41448,3.0,1
41450,5.0,1
41456,4.0,1
41457,4.0,1
41458,4.5,2
41464,4.0,2
41465,3.0,1
41466,3.0,1
41467,4.0,1
41470,4.0,6
41473,5.0,1
41474,4.0,1
41475,4.0,2
41476,3.0,1
41479,3.0,1
41480,3.5,2
41487,3.5,2
41494,3.5,2
41497,5.0,3
41498,4.5,2
41502,4.0,1
41508,5.0,1
41509,4.0,1
41510,5.0,1
41511,4.0,1
41516,5.0,1
41518,4.0,1
41524,4.333333333333333,3
41525,4.0,1
41528,5.0,1
41529,2.0,1
41530,5.0,1
41531,4.0,1
41532,3.0,1
41537,5.0,1
41539,5.0,1
41543,4.0,1
41549,5.0,2
41551,5.0,1
41554,5.0,1
41557,4.0,2
41558,5.0,1
41559,4.0,1
41562,4.666666666666667,3
41564,3.0,1
41565,4.0,3
41569,5.0,1
41570,4.0,1
41571,4.0,1
41572,5.0,1
41573,5.0,2
41574,5.0,1
41575,3.5,2
41576,3.0,1
41579,5.0,1
41580,5.0,2
41587,5.0,1
41588,3.0,1
41589,3.75,4
41590,5.0,1
41592,4.0,1
41593,5.0,2
41594,3.0,1
41598,3.0,1
41599,5.0,1
41600,1.0,1
41602,3.3333333333333335,3
41603,5.0,1
41605,5.0,2
41607,4.0,1
41612,5.0,1
41614,5.0,1
41617,4.0,1
41620,4.5,2
41624,5.0,1
41625,3.5,2
41627,4.666666666666667,3
41629,5.0,1
41631,5.0,2
41637,4.0,2
41638,5.0,1
41640,3.0,1
41641,5.0,1
41643,1.0,1
41644,2.0,1
41645,3.0,1
41646,4.0,1
41650,5.0,1
41652,1.0,1
41653,5.0,1
41654,4.0,1
41657,4.6,5
41659,3.5,2
41661,1.0,2
41663,4.0,2
41665,4.5,2
41667,4.666666666666667,3
41670,5.0,1
41671,4.0,1
41675,3.5,2
41678,2.0,1
41679,5.0,1
41682,5.0,1
41684,4.0,1
41686,5.0,2
41687,4.666666666666667,3
41693,5.0,1
41695,3.0,1
41697,3.75,4
41700,5.0,1
41701,5.0,1
41703,4.0,2
41707,4.5,2
41711,2.0,1
41712,2.0,1
41714,5.0,1
41717,4.0,1
41719,4.0,2
41720,3.5,2
41723,5.0,1
41725,3.0,1
41727,3.0,1
41729,2.5,2
41734,5.0,2
41736,5.0,2
41737,5.0,2
41738,4.8,5
41739,5.0,1
41742,1.0,1
41743,5.0,1
41749,5.0,1
41754,3.0,1
41757,4.0,1
41758,3.0,1
41759,4.0,1
41763,2.3333333333333335,3
41775,5.0,1
41776,5.0,1
41777,4.5,2
41783,4.5,2
41785,1.0,1
41789,4.0,1
41791,4.0,1
41794,4.0,1
41796,5.0,2
41797,5.0,2
41798,4.0,1
41803,4.0,1
41804,5.0,2
41807,3.0,2
41808,5.0,1
41810,4.0,1
41813,5.0,1
41816,5.0,2
41818,5.0,1
41819,5.0,2
41820,4.0,1
41832,5.0,1
41834,4.0,1
41837,5.0,1
41838,3.0,1
41839,4.333333333333333,3
41842,4.0,1
41844,4.0,1
41846,5.0,1
41847,4.0,1
41848,4.0,1
41853,5.0,2
41856,3.0,2
41857,3.0,2
41862,2.0,1
41869,5.0,1
41873,5.0,1
41880,3.0,1
41882,5.0,1
41884,4.0,1
41886,4.0,1
41888,4.0,1
41890,4.0,2
41895,4.0,8
41896,1.0,1
41902,3.0,1
41905,4.0,1
41907,5.0,1
41908,4.333333333333333,3
41909,5.0,1
41912,5.0,1
41915,2.0,1
41919,5.0,1
41920,4.333333333333333,3
41922,5.0,1
41923,2.0,1
41924,5.0,1
41926,2.0,1
41927,5.0,2
41929,4.666666666666667,3
41932,4.0,1
41933,5.0,1
41939,5.0,1
41940,5.0,1
41943,3.0,1
41946,2.0,1
41948,5.0,1
41949,5.0,1
41953,4.0,2
41958,5.0,1
41964,4.0,1
41966,4.5,2
41969,3.0,1
41972,5.0,1
41973,4.0,1
41978,4.0,1
41979,5.0,1
41980,5.0,1
41983,4.25,4
41984,4.5,2
41990,3.3333333333333335,3
41994,4.5,2
41997,3.0,1
41998,5.0,1
42006,4.5,2
42011,4.0,2
42016,5.0,1
42019,1.0,1
42026,1.0,2
42027,5.0,1
42032,1.0,1
42037,4.0,1
42038,4.0,1
42040,4.0,1
42043,5.0,1
42044,4.0,2
42047,5.0,1
42048,5.0,1
42050,4.5,6
42052,2.0,1
42054,1.0,1
42057,5.0,3
42059,5.0,1
42060,5.0,1
42063,5.0,1
42064,4.0,1
42065,3.0,5
42066,5.0,1
42068,3.5,2
42072,5.0,1
42074,4.5,2
42076,4.0,5
42078,5.0,1
42079,2.5,2
42080,4.0,3
42083,4.5,2
42087,3.0,2
42089,5.0,1
42092,5.0,2
42094,5.0,1
42106,4.0,1
42109,3.0,1
42111,4.0,1
42112,4.0,1
42113,5.0,1
42115,3.5,2
42116,5.0,1
42122,4.0,2
42124,4.0,1
42126,4.0,1
42128,5.0,1
42130,4.0,1
42131,3.6666666666666665,3
42134,5.0,1
42139,3.0,2
42140,5.0,1
42141,4.0,3
42144,4.0,2
42146,5.0,1
42147,5.0,1
42152,5.0,1
42153,5.0,1
42154,4.666666666666667,3
42156,5.0,1
42159,4.0,6
42161,2.0,3
42167,5.0,1
42169,5.0,1
42173,5.0,1
42176,5.0,1
42177,5.0,1
42178,5.0,1
42181,4.5,2
42184,4.0,1
42189,5.0,1
42191,4.5,2
42192,4.0,1
42197,5.0,1
42200,3.0,1
42201,5.0,1
42205,4.0,1
42206,3.0,2
42210,4.0,1
42214,4.0,1
42217,5.0,1
42218,4.0,1
42221,5.0,1
42222,4.333333333333333,3
42223,3.772727272727273,22
42226,4.0,1
42227,5.0,1
42228,4.0,1
42232,3.0,1
42234,3.6666666666666665,3
42236,4.5,2
42237,2.0,1
42238,2.0,1
42244,4.0,1
42246,4.5,2
42247,5.0,1
42248,4.0,1
42249,5.0,1
42251,5.0,1
42254,1.0,1
42255,5.0,1
42256,5.0,1
42259,4.5,2
42262,5.0,1
42265,5.0,1
42266,5.0,1
42271,3.0,2
42272,4.0,1
42273,3.0,2
42275,2.0,1
42276,3.0,2
42277,4.0,1
42278,5.0,1
42279,5.0,1
42281,5.0,1
42282,4.0,2
42283,5.0,1
42284,4.0,1
42285,4.0,1
42290,4.0,2
42293,4.0,2
42297,5.0,1
42301,4.0,1
42305,5.0,1
42307,3.25,4
42309,5.0,1
42310,4.0,1
42311,5.0,1
42313,5.0,1
42315,3.0,3
42317,5.0,2
42318,5.0,1
42319,5.0,1
42320,4.0,1
42328,5.0,1
42329,4.0,2
42331,4.125,8
42333,4.0,1
42334,1.0,1
42336,5.0,1
42339,5.0,1
42342,4.0,1
42343,5.0,1
42344,5.0,1
42347,4.0,1
42348,5.0,1
42349,5.0,2
42350,5.0,1
42351,5.0,3
42355,3.0,2
42356,5.0,1
42363,4.0,1
42367,4.0,1
42369,4.0,1
42377,5.0,1
42378,3.0,1
42379,5.0,2
42383,3.0,1
42385,5.0,1
42386,4.666666666666667,3
42387,3.0,1
42388,4.0,1
42390,4.666666666666667,3
42399,5.0,1
42401,3.0,1
42403,4.5,2
42405,3.0,1
42409,5.0,1
42411,3.0,1
42414,3.0,1
42416,4.0,1
42417,5.0,2
42419,5.0,1
42424,4.0,1
42427,4.0,1
42428,4.0,1
42430,5.0,4
42433,5.0,1
42436,5.0,2
42442,5.0,1
42443,5.0,1
42445,5.0,1
42449,4.333333333333333,3
42451,5.0,1
42458,5.0,1
42462,3.0,2
42464,5.0,1
42465,2.0,1
42466,3.0,2
42467,5.0,1
42473,4.0,1
42476,4.5,2
42477,4.0,1
42478,5.0,1
42479,3.0,3
42481,5.0,1
42486,4.0,1
42487,5.0,1
42492,5.0,1
42493,3.5,2
42494,4.0,1
42498,4.0,2
42500,4.0,1
42502,5.0,1
42505,3.5,2
42509,5.0,1
42510,5.0,4
42512,4.0,1
42514,5.0,5
42518,4.0,1
42520,5.0,1
42521,4.0,1
42522,2.0,1
42526,5.0,1
42528,5.0,1
42529,5.0,1
42531,4.0,1
42533,4.0,1
42535,4.0,1
42537,3.0,1
42538,2.0,1
42540,3.8,5
42541,4.5,2
42542,5.0,1
42544,4.25,4
42546,5.0,1
42548,5.0,1
42550,4.0,1
42552,5.0,2
42554,3.0,1
42557,5.0,1
42558,4.0,1
42559,5.0,1
42560,5.0,1
42563,5.0,1
42564,2.0,1
42567,4.0,2
42572,5.0,2
42573,4.25,4
42576,5.0,1
42577,3.0,1
42578,4.0,1
42584,5.0,1
42585,5.0,1
42586,1.0,1
42588,3.0,1
42590,5.0,1
42591,5.0,1
42598,5.0,1
42600,4.5,2
42604,5.0,1
42610,3.0,1
42612,4.25,4
42615,5.0,1
42618,3.0,1
42619,5.0,1
42626,5.0,1
42628,5.0,1
42629,3.5,2
42631,2.5,2
42633,4.0,2
42635,3.0,1
42636,4.0,1
42637,1.0,1
42641,5.0,1
42643,4.0,1
42646,4.0,1
42648,3.0,1
42651,4.0,1
42654,5.0,1
42656,5.0,2
42662,3.0,2
42663,5.0,1
42664,5.0,1
42667,5.0,1
42669,5.0,1
42672,4.0,1
42673,5.0,5
42676,5.0,1
42680,5.0,2
42682,4.0,1
42692,4.0,1
42697,5.0,1
42698,4.75,4
42699,3.0,3
42704,1.0,1
42705,4.5,2
42707,4.0,1
42709,5.0,1
42711,4.333333333333333,3
42712,5.0,1
42713,4.0,1
42714,5.0,1
42717,4.0,1
42723,4.0,1
42733,4.0,1
42735,2.0,2
42736,3.0,1
42740,4.0,1
42746,3.5,2
42747,5.0,3
42752,4.0,1
42755,5.0,2
42756,5.0,1
42757,5.0,1
42761,4.0,1
42765,4.5,2
42767,5.0,1
42768,3.0,1
42772,3.0,1
42773,4.333333333333333,3
42774,4.0,1
42776,5.0,2
42777,4.0,1
42778,3.0,1
42788,4.0,1
42790,5.0,1
42793,4.0,1
42795,4.5,2
42799,5.0,1
42801,4.0,5
42802,5.0,1
42803,5.0,1
42806,4.0,1
42808,5.0,1
42810,5.0,1
42812,5.0,1
42813,5.0,1
42815,4.0,1
42817,4.666666666666667,3
42825,3.0,1
42828,4.0,1
42830,1.75,4
42831,4.0,1
42832,4.0,1
42833,4.5,2
42834,3.5,2
42836,4.0,1
42838,5.0,1
42839,3.6666666666666665,3
42842,4.0,1
42846,4.0,2
42847,4.5,6
42850,5.0,1
42852,3.4,5
42854,5.0,2
42858,4.0,1
42860,4.0,1
42862,4.0,1
42864,4.0,1
42865,4.0,1
42866,3.0,1
42868,4.0,1
42874,3.5,2
42877,5.0,1
42880,4.0,1
42882,1.0,1
42883,4.0,2
42890,3.3333333333333335,3
42891,1.0,1
42892,4.0,2
42895,5.0,1
42897,5.0,1
42907,4.0,1
42908,4.5,2
42909,4.0,1
42913,5.0,2
42914,4.0,2
42917,4.5,2
42918,5.0,1
42921,4.0,1
42929,4.0,1
42934,4.0,1
42941,1.0,1
42942,5.0,1
42944,5.0,1
42945,4.0,2
42947,4.0,2
42950,4.5,2
42952,4.0,1
42955,5.0,1
42956,4.0,1
42958,5.0,1
42961,2.0,1
42965,4.0,1
42968,5.0,1
42970,4.0,1
42974,2.0,1
42977,5.0,1
42979,4.0,1
42985,5.0,1
42986,4.625,8
42992,5.0,1
42994,4.0,1
42996,4.0,1
43004,4.0,1
43005,5.0,2
43007,5.0,2
43010,5.0,2
43011,5.0,2
43013,5.0,3
43016,5.0,1
43024,5.0,1
43028,5.0,1
43032,4.0,2
43033,5.0,1
43039,4.0,1
43044,5.0,1
43050,4.0,2
43051,5.0,1
43055,5.0,1
43057,3.6666666666666665,3
43058,5.0,1
43061,5.0,1
43062,4.666666666666667,3
43063,2.0,2
43065,5.0,1
43067,5.0,1
43070,5.0,1
43072,3.5,2
43076,5.0,1
43079,5.0,1
43082,4.0,2
43084,5.0,1
43085,5.0,2
43089,5.0,2
43090,5.0,1
43093,4.0,1
43094,5.0,3
43095,2.0,2
43100,2.0,1
43103,4.0,2
43104,5.0,2
43107,5.0,1
43109,5.0,1
43111,3.0,3
43121,4.5,2
43123,4.0,3
43127,4.5,2
43130,5.0,1
43131,5.0,1
43132,5.0,1
43133,4.25,4
43136,5.0,1
43138,5.0,1
43139,4.0,2
43140,5.0,1
43142,4.0,1
43145,5.0,1
43147,5.0,2
43152,4.0,1
43153,2.0,1
43155,5.0,2
43156,4.0,2
43161,3.0,1
43164,5.0,1
43167,4.666666666666667,3
43168,3.5,2
43171,1.0,1
43172,5.0,1
43173,5.0,1
43176,4.5,2
43177,5.0,1
43179,5.0,1
43180,4.5,2
43182,5.0,1
43183,5.0,1
43187,4.5,2
43195,4.0,1
43197,4.0,1
43199,5.0,1
43200,4.0,2
43203,4.0,1
43206,5.0,1
43209,4.0,1
43210,4.0,1
43212,5.0,1
43213,1.0,1
43214,4.0,1
43220,4.0,1
43223,2.0,1
43224,3.0,1
43225,4.0,1
43228,3.0,1
43230,5.0,2
43231,4.0,1
43233,3.6666666666666665,3
43237,5.0,1
43242,5.0,3
43244,2.0,1
43245,5.0,1
43247,5.0,1
43249,4.666666666666667,3
43251,4.333333333333333,3
43253,3.5,2
43254,4.0,1
43256,5.0,1
43262,3.0,1
43264,5.0,2
43269,3.0,1
43270,3.0,3
43273,1.5,2
43274,3.6666666666666665,3
43277,5.0,1
43278,5.0,1
43280,3.0,1
43282,5.0,2
43286,3.0,1
43288,4.0,2
43290,3.0,1
43295,4.0,1
43297,5.0,1
43298,4.5,2
43300,3.0,2
43303,4.0,1
43304,3.3333333333333335,3
43305,4.5,2
43306,4.5,2
43307,5.0,1
43308,4.0,1
43309,4.0,1
43311,4.0,1
43320,4.0,1
43321,4.0,1
43323,5.0,1
43328,5.0,1
43331,4.0,1
43333,3.0,1
43334,4.0,1
43335,4.5,2
43336,5.0,1
43337,4.0,1
43338,5.0,2
43341,3.0,1
43342,4.0,1
43343,5.0,3
43345,4.0,1
43346,4.0,1
43347,5.0,1
43349,4.0,2
43350,4.0,1
43351,3.5,2
43352,4.0,1
43355,5.0,2
43356,4.0,1
43358,5.0,3
43360,4.0,1
43362,5.0,1
43363,5.0,1
43364,4.5,2
43368,4.5,2
43370,4.0,1
43377,1.0,1
43378,5.0,4
43379,5.0,1
43382,5.0,1
43383,5.0,1
43386,3.0,1
43390,5.0,1
43391,4.0,3
43395,5.0,1
43397,4.0,1
43399,4.0,2
43403,4.0,2
43407,4.5,4
43409,5.0,1
43410,5.0,1
43412,5.0,1
43414,4.0,1
43416,5.0,1
43418,4.0,1
43424,5.0,1
43425,5.0,1
43428,5.0,1
43430,5.0,1
43431,4.0,1
43433,5.0,4
43434,4.0,1
43435,4.0,1
43439,4.0,1
43441,1.0,3
43442,5.0,1
43444,3.6,5
43447,5.0,1
43448,4.0,1
43452,5.0,1
43453,5.0,1
43454,5.0,1
43456,4.0,4
43458,4.0,1
43461,5.0,1
43465,4.0,1
43467,4.0,1
43469,4.0,1
43470,4.0,1
43471,5.0,2
43478,4.666666666666667,3
43487,5.0,1
43488,5.0,2
43490,5.0,1
43494,5.0,1
43495,4.0,1
43499,3.0,1
43501,3.6666666666666665,3
43504,5.0,1
43505,5.0,1
43509,4.0,1
43510,3.5,2
43513,5.0,1
43515,4.5,2
43516,5.0,1
43518,4.0,1
43529,4.333333333333333,3
43536,4.0,1
43539,4.0,3
43540,3.5,2
43543,3.5,2
43544,5.0,1
43545,4.0,1
43549,3.0,2
43554,5.0,1
43559,4.0,1
43563,5.0,3
43564,5.0,1
43569,5.0,2
43571,4.0,2
43572,5.0,2
43580,5.0,2
43582,4.0,2
43585,5.0,1
43586,4.0,2
43590,4.0,1
43592,5.0,1
43593,4.0,1
43594,5.0,1
43596,3.0,1
43599,1.0,2
43601,1.0,1
43602,4.0,1
43603,4.0,1
43608,3.0,1
43611,3.0,3
43618,5.0,1
43619,5.0,2
43623,5.0,1
43624,3.0,1
43625,5.0,1
43629,4.0,2
43630,4.0,1
43632,5.0,2
43636,3.5,2
43641,5.0,1
43642,5.0,1
43643,5.0,1
43652,5.0,2
43653,5.0,1
43654,5.0,1
43655,3.857142857142857,7
43658,3.0,1
43660,4.0,2
43662,5.0,1
43663,5.0,1
43665,4.5,2
43667,4.0,1
43668,4.333333333333333,3
43670,4.8,5
43672,3.0,1
43673,4.0,1
43674,5.0,1
43675,4.5,2
43676,5.0,1
43677,4.5,2
43680,5.0,1
43682,4.0,1
43683,5.0,1
43684,5.0,1
43686,5.0,1
43688,5.0,1
43690,4.5,4
43694,3.0,2
43695,3.5,2
43698,4.0,2
43699,4.5,2
43700,3.5,2
43701,5.0,1
43706,5.0,1
43707,4.0,1
43709,5.0,2
43713,5.0,2
43714,5.0,2
43715,5.0,1
43716,5.0,1
43717,5.0,1
43720,5.0,1
43722,4.0,4
43724,4.0,2
43730,5.0,1
43731,4.0,2
43732,4.0,1
43733,3.8,5
43734,4.0,1
43742,4.4,5
43744,3.0,1
43746,4.0,1
43748,5.0,1
43749,4.0,1
43750,5.0,3
43752,4.0,1
43753,5.0,1
43755,3.0,1
43758,2.5,2
43763,4.5,2
43765,3.5,2
43769,3.0,1
43770,2.5,2
43771,5.0,1
43773,5.0,3
43774,3.5714285714285716,7
43776,5.0,1
43778,5.0,1
43782,4.0,1
43783,4.0,1
43785,3.0,1
43787,5.0,1
43789,3.0,2
43791,3.0,1
43794,3.0,1
43808,4.0,2
43809,5.0,1
43812,4.5,2
43814,5.0,1
43817,5.0,2
43818,4.5,2
43819,4.4,5
43821,5.0,1
43823,4.333333333333333,3
43824,5.0,1
43829,4.0,2
43830,4.0,1
43833,4.0,1
43834,4.0,1
43836,5.0,2
43846,3.0,1
43848,5.0,1
43851,4.666666666666667,3
43852,3.6666666666666665,3
43855,5.0,1
43856,1.0,1
43861,5.0,2
43864,4.0,1
43865,4.0,2
43867,5.0,1
43870,4.0,1
43872,2.0,1
43877,3.0,4
43878,4.0,2
43881,4.0,2
43882,4.8,5
43883,4.0,1
43885,5.0,2
43887,3.0,1
43888,5.0,1
43891,5.0,1
43896,4.0,2
43903,4.0,1
43908,4.0,1
43918,4.0,1
43919,5.0,1
43920,4.0,1
43925,3.0,1
43927,3.0,1
43928,4.0,1
43933,4.0,1
43936,3.0,1
43937,4.5,2
43938,4.0,1
43940,4.333333333333333,3
43941,5.0,1
43942,3.0,1
43945,4.5,2
43946,3.0,1
43947,5.0,2
43949,5.0,1
43951,3.0,1
43952,3.0,1
43953,4.0,1
43954,3.2,5
43955,4.0,2
43958,4.0,1
43959,4.0,1
43961,5.0,1
43963,5.0,1
43966,4.0,2
43975,4.333333333333333,3
43980,4.0,1
43986,3.0,1
43987,5.0,1
43989,5.0,1
43991,4.555555555555555,9
43992,5.0,4
43993,4.0,2
43995,5.0,1
43996,4.0,1
43999,3.0,2
44001,5.0,2
44007,2.6666666666666665,3
44008,4.5,2
44013,5.0,1
44014,4.285714285714286,14
44015,4.095238095238095,21
44016,3.0,1
44017,5.0,1
44019,3.625,8
44021,4.0,1
44028,5.0,2
44031,5.0,4
44033,4.5,2
44034,4.0,1
44035,4.0,1
44042,4.0,1
44043,2.0,1
44045,3.5,2
44052,4.0,2
44055,4.0,3
44058,4.181818181818182,11
44060,1.0,1
44062,3.5,2
44063,3.0,1
44064,5.0,2
44065,3.0,1
44071,5.0,1
44075,5.0,1
44076,4.0,1
44078,4.0,1
44079,5.0,1
44084,4.0,1
44085,3.4285714285714284,7
44086,2.0,1
44087,5.0,1
44088,3.0,1
44092,4.0,1
44094,5.0,1
44095,4.083333333333333,12
44098,5.0,1
44099,2.0,2
44106,3.0,1
44108,4.25,4
44109,5.0,1
44114,4.0,1
44116,4.5,2
44121,4.0,1
44122,5.0,1
44123,5.0,1
44125,3.0,1
44126,5.0,1
44127,4.0,2
44131,3.0,1
44132,1.0,1
44134,5.0,1
44135,3.0,1
44138,3.6666666666666665,3
44141,5.0,1
44146,5.0,1
44147,4.5,4
44153,3.0,1
44154,5.0,2
44164,3.5,2
44165,1.0,1
44167,4.333333333333333,3
44168,5.0,2
44169,4.0,1
44170,3.3333333333333335,3
44172,4.0,1
44174,4.0,1
44176,4.0,1
44177,5.0,1
44182,5.0,1
44184,5.0,1
44189,5.0,1
44190,4.0,1
44193,4.666666666666667,3
44194,2.857142857142857,7
44195,5.0,2
44199,4.0,1
44203,5.0,1
44204,4.666666666666667,3
44213,5.0,1
44215,3.5,4
44216,3.0,1
44222,4.8,5
44223,5.0,1
44224,4.5,2
44226,5.0,2
44229,4.0,1
44230,4.0,1
44231,5.0,1
44234,5.0,1
44235,1.0,1
44237,3.0,1
44238,2.0,1
44243,5.0,1
44244,5.0,1
44247,4.0,2
44248,4.0,3
44249,4.5,2
44252,2.0,1
44255,5.0,1
44260,4.5,4
44263,5.0,2
44265,4.0,3
44270,4.666666666666667,3
44273,5.0,1
44275,4.666666666666667,3
44276,3.0,1
44279,5.0,1
44282,4.666666666666667,3
44289,5.0,1
44292,3.5,2
44294,4.333333333333333,3
44300,5.0,1
44303,3.0,1
44305,5.0,1
44311,5.0,1
44312,5.0,1
44314,5.0,2
44318,3.0,1
44321,4.25,4
44322,2.0,1
44323,5.0,1
44324,3.75,4
44327,5.0,1
44331,4.0,1
44334,4.0,1
44339,3.5,2
44343,3.0,1
44344,5.0,1
44348,3.0,1
44350,3.0,1
44352,3.0,1
44354,5.0,1
44357,3.5,2
44358,3.75,4
44363,5.0,1
44366,4.0,1
44372,4.0,3
44374,3.0,1
44375,3.4,5
44378,4.25,4
44381,3.0,1
44383,3.0,2
44384,4.0,1
44385,5.0,1
44388,4.333333333333333,6
44392,5.0,1
44396,5.0,1
44398,5.0,1
44403,3.6666666666666665,3
44409,4.0,1
44410,4.0,1
44414,5.0,1
44418,5.0,1
44419,4.0,5
44421,5.0,1
44424,4.0,1
44426,5.0,1
44428,4.0,2
44429,4.0,2
44431,5.0,2
44434,3.5,2
44437,2.0,1
44445,5.0,1
44449,5.0,1
44450,3.0,1
44453,4.0,1
44456,5.0,1
44458,4.0,1
44460,2.0,1
44467,4.0,1
44468,5.0,2
44470,5.0,1
44472,5.0,1
44473,4.0,1
44475,5.0,1
44484,1.0,1
44485,4.0,1
44500,5.0,1
44501,4.0,1
44503,3.0,3
44507,5.0,1
44508,4.6,5
44509,4.0,1
44510,4.0,2
44513,4.0,1
44514,3.0,1
44529,4.0,1
44530,4.0,1
44534,4.0,1
44535,3.75,4
44536,2.0,1
44537,3.6666666666666665,3
44539,4.0,2
44541,4.5,2
44544,4.75,4
44545,4.5,2
44546,3.5,2
44548,2.0,1
44552,3.0,1
44557,3.6,5
44558,4.0,1
44561,4.0,1
44562,4.0,2
44565,5.0,1
44569,3.5,2
44571,4.0,2
44572,3.0,1
44573,5.0,1
44574,4.2272727272727275,22
44575,5.0,1
44576,2.0,1
44578,5.0,1
44583,5.0,1
44584,3.0,1
44585,3.5,2
44586,5.0,1
44587,5.0,1
44588,5.0,1
44590,1.0,1
44592,5.0,1
44603,4.333333333333333,3
44609,5.0,1
44610,4.0,1
44611,3.5,2
44615,3.0,1
44616,5.0,4
44632,4.0,1
44634,2.0,1
44636,5.0,1
44637,5.0,1
44640,4.0,2
44643,3.0,1
44645,5.0,1
44650,5.0,1
44651,5.0,1
44656,4.333333333333333,3
44657,3.0,1
44661,5.0,2
44665,4.0,2
44670,5.0,1
44673,4.0,1
44674,4.5,2
44675,4.0,1
44680,3.0,2
44683,4.0,1
44684,4.5,4
44690,5.0,1
44691,4.0,2
44694,5.0,1
44696,5.0,1
44698,3.0,1
44699,5.0,1
44701,5.0,1
44702,4.5,2
44703,3.0,1
44704,4.0,1
44705,4.333333333333333,3
44707,4.0,1
44709,5.0,2
44712,5.0,1
44716,5.0,1
44718,5.0,1
44719,4.5,2
44720,5.0,1
44721,5.0,1
44722,4.0,1
44726,4.0,1
44729,4.0,2
44731,4.0,1
44734,5.0,1
44737,4.0,1
44745,3.0,1
44746,5.0,1
44747,3.0,1
44748,5.0,1
44752,4.0,1
44755,3.6666666666666665,3
44756,4.0,1
44759,1.0,1
44762,5.0,1
44764,5.0,1
44767,2.3333333333333335,3
44769,4.0,1
44770,5.0,1
44771,5.0,1
44773,5.0,1
44775,4.0,2
44777,5.0,1
44778,5.0,1
44779,4.0,1
44783,3.6666666666666665,3
44784,1.0,1
44785,3.0,1
44787,3.6666666666666665,3
44790,5.0,1
44791,4.5,2
44797,2.0,2
44800,4.0,1
44802,5.0,1
44803,4.5,6
44804,5.0,1
44807,5.0,2
44809,3.5,2
44810,4.0,1
44811,3.0,7
44813,3.0,1
44814,4.0,2
44815,5.0,1
44817,5.0,1
44819,5.0,1
44821,5.0,1
44824,1.0,1
44828,4.0,1
44833,5.0,1
44834,5.0,1
44835,3.0,1
44836,4.0,1
44845,4.0,1
44848,4.666666666666667,3
44849,3.6666666666666665,3
44850,5.0,1
44851,4.0,1
44853,5.0,1
44854,4.0,2
44868,5.0,1
44871,3.0,1
44873,4.0,1
44874,5.0,1
44875,4.0,2
44876,4.0,1
44879,3.0,1
44882,5.0,1
44885,5.0,1
44887,3.0,1
44891,4.0,1
44892,5.0,1
44895,5.0,1
44900,4.0,1
44903,4.0,2
44909,4.0,1
44910,3.75,4
44912,5.0,1
44915,5.0,1
44917,5.0,1
44919,3.0,1
44920,4.0,1
44923,4.0,1
44925,4.0,1
44929,4.0,1
44930,5.0,1
44932,4.0,1
44935,4.0,1
44937,4.0,1
44938,4.0,1
44939,5.0,1
44941,3.0,1
44942,4.333333333333333,3
44943,5.0,1
44948,3.0,3
44949,5.0,1
44951,5.0,1
44952,5.0,1
44956,5.0,1
44957,5.0,1
44958,4.5,2
44959,2.5,2
44962,5.0,1
44963,5.0,1
44966,5.0,2
44972,5.0,1
44973,5.0,2
44975,5.0,1
44976,3.0,1
44978,5.0,1
44979,4.0,2
44980,2.0,1
44984,4.0,1
44987,5.0,1
44988,4.0,1
44989,4.0,1
44991,3.0,1
44992,5.0,3
44993,3.8333333333333335,6
44995,5.0,1
44997,5.0,1
45002,5.0,1
45005,5.0,2
45006,3.0,1
45015,4.0,2
45019,4.0,1
45020,5.0,1
45021,4.0,1
45024,4.0,2
45026,4.0,3
45030,5.0,1
45031,3.6666666666666665,3
45032,4.5,2
45034,3.0,1
45044,3.5,2
45046,5.0,1
45048,4.0,1
45056,5.0,1
45058,5.0,1
45059,4.0,1
45065,5.0,1
45068,5.0,1
45069,3.0,1
45071,5.0,2
45079,3.0,1
45084,1.0,2
45085,5.0,1
45086,3.0,4
45088,3.0,1
45089,5.0,1
45091,4.25,4
45092,3.0,2
45095,4.0,1
45096,4.0,1
45099,5.0,1
45102,5.0,1
45103,5.0,1
45113,4.0,1
45114,3.0,2
45115,5.0,1
45116,4.0,1
45120,4.0,3
45121,5.0,1
45125,5.0,1
45126,4.0,1
45127,4.5,2
45128,4.0,1
45129,5.0,1
45130,4.0,1
45133,5.0,1
45135,3.0,2
45136,3.5,2
45138,4.0,1
45149,4.5,2
45157,5.0,3
45160,5.0,3
45164,5.0,1
45166,3.0,2
45171,5.0,1
45172,3.0,1
45173,5.0,1
45178,5.0,1
45182,3.6666666666666665,3
45185,5.0,1
45191,4.5,2
45192,3.5,2
45193,5.0,1
45194,4.0,1
45195,2.0,1
45197,5.0,2
45200,5.0,1
45201,4.2,5
45202,4.0,1
45203,1.0,1
45207,5.0,1
45208,5.0,1
45209,5.0,1
45210,4.0,3
45211,3.0,1
45213,3.5,4
45216,4.0,1
45217,5.0,2
45218,5.0,1
45219,4.6,5
45221,3.0,1
45223,3.0,1
45226,4.0,2
45229,5.0,2
45230,4.0,1
45232,5.0,2
45234,4.0,4
45235,5.0,2
45236,5.0,1
45237,3.888888888888889,9
45240,3.0,1
45246,5.0,1
45249,5.0,2
45250,5.0,1
45252,5.0,1
45253,5.0,1
45262,5.0,1
45263,5.0,1
45267,5.0,1
45274,3.0,1
45276,4.0,1
45293,5.0,2
45296,5.0,1
45298,5.0,1
45300,4.0,2
45304,5.0,1
45310,4.0,2
45313,3.0,1
45315,3.0,1
45319,3.0,1
45321,5.0,2
45322,3.5,2
45323,4.0,1
45324,5.0,2
45325,5.0,1
45329,4.0,1
45331,4.666666666666667,3
45333,3.0,1
45339,3.5,2
45346,5.0,1
45348,4.0,1
45355,2.5,2
45356,4.0,2
45358,5.0,1
45359,4.0,2
45363,5.0,1
45364,3.0,1
45368,5.0,1
45370,4.0,1
45371,3.0,1
45372,3.0,1
45373,3.0,1
45374,3.0,1
45378,4.25,4
45380,3.0,1
45381,5.0,1
45382,5.0,1
45383,4.8,5
45384,5.0,1
45389,3.0,1
45391,4.090909090909091,11
45397,5.0,1
45399,5.0,1
45400,5.0,1
45401,5.0,2
45404,2.0,1
45405,3.0,1
45407,5.0,2
45408,4.0,1
45410,5.0,1
45415,4.25,4
45420,4.0,1
45422,3.0,2
45423,3.5,2
45424,5.0,1
45425,5.0,1
45428,5.0,1
45429,5.0,1
45432,4.5,2
45436,5.0,1
45437,5.0,1
45442,5.0,2
45445,4.0,1
45446,3.5,2
45447,3.0,1
45450,4.0,1
45452,5.0,2
45457,5.0,1
45458,5.0,2
45461,4.0,1
45462,5.0,2
45463,5.0,1
45465,3.5,2
45480,5.0,1
45483,3.0,1
45484,5.0,1
45490,5.0,1
45492,4.333333333333333,3
45494,4.25,4
45495,4.0,1
45496,1.0,1
45498,5.0,1
45501,5.0,1
45502,4.0,1
45510,4.0,1
45511,3.0,1
45512,5.0,2
45517,4.0,2
45521,3.6,5
45522,4.0,1
45525,5.0,1
45526,5.0,1
45528,4.0,1
45531,3.0,1
45532,5.0,2
45533,3.0,1
45534,4.0,1
45539,3.0,6
45540,5.0,1
45542,3.0,1
45545,5.0,2
45548,4.0,1
45549,3.5,2
45553,5.0,2
45556,4.0,1
45557,3.0,1
45561,4.0,2
45564,4.5,2
45567,5.0,1
45570,3.0,3
45571,5.0,2
45573,2.5,2
45574,3.0,1
45575,5.0,3
45580,3.0,2
45582,4.0,1
45583,5.0,1
45586,1.0,1
45587,5.0,1
45592,5.0,1
45593,4.0,1
45594,4.0,1
45597,4.0,4
45599,5.0,1
45601,5.0,1
45602,4.0,1
45603,4.0,1
45607,4.0,1
45610,3.8,5
45611,3.5,2
45612,3.3333333333333335,3
45614,4.5,4
45616,5.0,1
45620,5.0,2
45625,4.416666666666667,12
45626,4.0,4
45629,5.0,1
45630,3.6923076923076925,13
45633,3.0,3
45634,4.0,1
45636,3.0,1
45637,2.0,1
45639,4.0,1
45640,4.5,2
45643,3.8333333333333335,6
45644,4.5,2
45645,4.0,1
45648,5.0,1
45649,5.0,1
45650,4.0,1
45652,4.0,1
45653,5.0,1
45659,5.0,1
45660,4.0,1
45667,4.0,3
45668,4.0,1
45669,4.0,1
45671,5.0,1
45672,4.0,2
45683,2.0,1
45691,5.0,1
45693,3.6666666666666665,3
45707,4.2,5
45708,5.0,1
45709,4.0,1
45710,5.0,1
45711,3.0,1
45714,5.0,1
45718,5.0,2
45725,3.0,1
45728,3.0,1
45732,4.666666666666667,3
45734,1.0,1
45735,3.6666666666666665,3
45739,4.0,1
45740,5.0,1
45750,4.333333333333333,3
45751,4.0,1
45753,5.0,1
45757,4.0,1
45758,4.5,2
45760,4.5,2
45767,3.0,1
45768,3.0,1
45769,4.0,4
45770,4.5,4
45774,4.0,1
45778,5.0,1
45781,2.0,1
45783,5.0,1
45785,4.0,1
45786,5.0,1
45789,4.0,1
45790,4.0,1
45791,5.0,1
45792,3.0,1
45794,3.6,5
45798,4.0,2
45800,4.5,2
45804,5.0,1
45809,2.0,1
45817,4.5,2
45818,5.0,1
45820,5.0,1
45823,5.0,1
45828,4.0,2
45830,5.0,1
45832,3.0,1
45833,1.0,1
45834,3.0,1
45841,5.0,1
45843,5.0,1
45845,5.0,1
45853,4.0,1
45854,3.0,1
45855,4.0,1
45856,4.0,1
45857,2.0,1
45858,4.0,3
45859,4.0,1
45860,5.0,1
45861,5.0,1
45866,5.0,2
45868,5.0,1
45869,4.0,2
45871,5.0,1
45872,3.0,1
45873,4.0,1
45877,4.0,2
45878,3.0,1
45883,3.0,1
45886,4.0,1
45891,5.0,1
45894,5.0,1
45896,5.0,2
45899,5.0,1
45900,3.3333333333333335,3
45901,2.0,1
45902,5.0,1
45906,4.0,1
45907,4.0,1
45909,5.0,1
45912,3.0,1
45913,4.0,1
45914,5.0,1
45915,4.0,1
45921,4.0,2
45922,4.0,1
45924,5.0,1
45926,4.0,1
45929,1.0,1
45930,3.0,2
45932,5.0,1
45934,5.0,1
45937,4.0,1
45942,3.5,2
45944,3.5,2
45947,5.0,1
45948,3.0,1
45950,3.0,1
45954,4.0,5
45957,2.0,1
45958,5.0,2
45966,5.0,1
45968,5.0,1
45972,5.0,1
45973,5.0,1
45974,4.333333333333333,3
45975,4.0,2
45976,5.0,1
45977,5.0,1
45978,5.0,1
45979,5.0,2
45980,4.666666666666667,3
45981,5.0,1
45982,5.0,1
45984,5.0,1
45986,3.0,1
45990,1.0,1
45992,5.0,2
45993,3.0,1
45994,4.0,1
45995,3.0,1
46000,4.0,1
46002,3.0,1
46007,4.5,2
46008,5.0,1
46013,5.0,1
46014,5.0,1
46016,5.0,1
46020,5.0,1
46021,5.0,1
46024,1.0,1
46027,5.0,1
46028,5.0,3
46030,5.0,1
46031,3.5,2
46037,2.3333333333333335,3
46040,5.0,1
46043,4.333333333333333,3
46044,4.0,1
46048,5.0,1
46050,4.666666666666667,3
46053,5.0,3
46054,4.0,1
46057,4.0,1
46059,5.0,1
46060,3.0,1
46062,4.75,4
46063,5.0,1
46065,4.0,1
46070,4.4,5
46072,4.0,1
46073,4.0,1
46074,4.666666666666667,3
46075,4.0,1
46079,5.0,2
46080,1.0,1
46082,4.0,1
46084,5.0,1
46085,3.5,2
46093,5.0,2
46104,5.0,1
46106,4.0,1
46109,5.0,1
46116,4.0,1
46118,4.0,1
46119,4.0,1
46120,5.0,3
46123,1.0,1
46124,4.0,1
46125,5.0,1
46127,4.0,1
46132,4.5,2
46133,4.0,2
46140,5.0,3
46142,3.5,2
46145,5.0,1
46148,5.0,1
46153,5.0,1
46156,2.0,2
46158,5.0,2
46159,5.0,1
46161,5.0,1
46163,5.0,1
46164,4.0,2
46170,5.0,1
46171,4.0,1
46174,3.0,1
46176,5.0,2
46177,5.0,1
46178,5.0,1
46181,3.0,1
46182,4.0,1
46192,5.0,1
46194,4.0,1
46195,2.0,1
46196,5.0,1
46198,5.0,1
46200,4.0,2
46202,3.0,1
46204,4.0,1
46205,4.0,1
46208,4.0,1
46212,5.0,1
46214,3.5,2
46215,4.0,1
46220,5.0,2
46227,5.0,2
46228,5.0,1
46229,5.0,1
46230,5.0,2
46238,5.0,1
46239,5.0,1
46243,1.0,1
46246,3.0,1
46247,3.0,1
46248,4.0,1
46249,5.0,1
46250,4.4,5
46257,4.0,1
46262,5.0,1
46263,2.8,5
46268,4.0,1
46271,5.0,1
46281,4.0,1
46282,4.0,2
46283,5.0,3
46285,5.0,1
46286,4.0,2
46288,4.5,2
46291,5.0,1
46293,4.0,1
46295,5.0,1
46311,3.0,1
46313,4.0,1
46315,5.0,1
46316,5.0,2
46317,3.0,2
46318,4.0,2
46319,4.0,1
46323,4.5,2
46325,5.0,1
46328,4.0,2
46331,5.0,1
46332,5.0,1
46334,5.0,1
46339,4.5,2
46340,5.0,1
46341,4.0,2
46342,5.0,2
46345,4.666666666666667,3
46346,4.0,1
46348,4.0,2
46349,5.0,1
46352,5.0,1
46354,5.0,1
46357,4.0,1
46358,4.5,2
46361,4.5,2
46363,5.0,1
46374,5.0,1
46376,4.0,1
46379,5.0,1
46381,3.0,1
46382,5.0,1
46383,3.0,1
46384,5.0,2
46386,4.0,1
46390,5.0,2
46394,4.5,2
46395,4.0,3
46396,3.3333333333333335,3
46399,3.0,1
46400,5.0,1
46401,5.0,1
46402,4.5,2
46410,5.0,1
46414,3.0,1
46416,2.0,1
46417,3.0,1
46421,5.0,1
46422,3.0,1
46423,5.0,1
46425,5.0,1
46430,4.0,2
46431,4.5,2
46433,4.5,2
46435,5.0,1
46438,5.0,1
46439,5.0,1
46446,4.0,1
46447,5.0,1
46448,4.5,2
46453,1.0,1
46455,5.0,2
46460,4.0,1
46464,2.0,1
46466,5.0,1
46471,5.0,7
46472,4.0,1
46473,5.0,1
46475,4.0,1
46476,5.0,1
46486,4.25,4
46487,5.0,1
46492,5.0,1
46497,3.8,5
46505,3.0,2
46506,2.0,1
46509,3.0,1
46510,4.333333333333333,6
46512,5.0,1
46513,5.0,2
46516,5.0,2
46517,1.0,1
46519,5.0,1
46520,5.0,1
46521,4.0,1
46526,5.0,1
46528,5.0,1
46532,5.0,1
46533,4.0,1
46534,5.0,1
46536,5.0,1
46537,5.0,2
46538,3.0,1
46539,5.0,1
46540,5.0,2
46541,4.333333333333333,3
46544,4.0,1
46545,5.0,1
46547,5.0,1
46549,4.0,1
46553,4.5,2
46554,4.0,1
46555,3.0,1
46556,5.0,1
46559,3.0,1
46560,5.0,1
46561,5.0,1
46562,5.0,1
46566,4.0,1
46567,3.0,1
46568,5.0,2
46569,5.0,1
46571,5.0,1
46573,4.0,1
46574,4.0,1
46577,5.0,1
46580,5.0,1
46581,4.0,1
46582,4.0,1
46583,4.5,6
46595,5.0,1
46598,4.0,1
46601,3.5,2
46602,4.5,2
46603,5.0,1
46606,4.0,1
46610,5.0,1
46613,4.0,1
46619,4.0,1
46621,5.0,1
46623,5.0,1
46624,4.0,1
46625,5.0,1
46626,3.0,2
46628,5.0,2
46633,4.0,3
46636,4.5,2
46638,2.3333333333333335,3
46639,4.75,4
46640,4.0,1
46642,4.5,2
46643,5.0,1
46651,3.0,1
46655,4.0,1
46658,5.0,1
46659,4.5,2
46662,3.6666666666666665,3
46666,3.0,1
46671,5.0,2
46674,1.0,1
46676,4.0,2
46679,5.0,1
46681,4.0,1
46683,4.333333333333333,3
46684,3.0,2
46687,4.0,1
46689,4.0,1
46691,5.0,1
46692,4.0,1
46695,4.5,2
46697,5.0,1
46699,3.0,1
46701,4.0,2
46702,4.0,1
46703,4.0,1
46704,4.0,1
46711,5.0,1
46712,4.0,1
46713,5.0,1
46715,1.0,1
46717,4.0,1
46718,3.0,2
46720,4.0,1
46721,3.6666666666666665,3
46726,5.0,1
46728,4.0,4
46730,5.0,1
46732,3.0,1
46736,5.0,1
46737,5.0,1
46738,5.0,1
46745,1.0,1
46751,5.0,1
46752,5.0,2
46758,5.0,1
46763,5.0,1
46764,5.0,1
46765,4.0,1
46767,4.0,2
46768,3.0,2
46770,3.0,1
46772,1.0,1
46773,5.0,1
46776,4.0,1
46777,2.0,1
46780,5.0,1
46782,3.0,1
46783,4.0,1
46786,4.0,1
46787,4.0,1
46789,3.0,1
46790,4.0,1
46791,5.0,2
46792,3.0,2
46793,3.0,1
46794,4.0,1
46796,4.0,1
46797,4.5,2
46801,5.0,1
46802,4.0,1
46804,4.0,1
46805,3.5,2
46807,3.0,1
46809,5.0,1
46810,4.0,1
46812,4.0,1
46814,5.0,1
46818,2.0,1
46821,5.0,1
46823,4.0,2
46826,5.0,1
46828,3.0,1
46836,3.0,2
46837,1.0,1
46839,3.0,1
46841,4.0,1
46842,3.0,1
46844,3.0,1
46845,5.0,1
46846,5.0,1
46848,5.0,1
46849,5.0,1
46851,3.5,2
46853,4.5,2
46855,4.0,1
46859,3.0,4
46861,5.0,1
46863,4.5,2
46869,3.0,2
46870,2.6666666666666665,3
46872,4.666666666666667,3
46874,4.0,1
46875,4.0,1
46876,5.0,1
46879,5.0,1
46880,4.0,2
46881,3.0,1
46882,5.0,1
46888,5.0,1
46902,5.0,1
46903,2.0,1
46910,4.0,1
46913,4.5,20
46914,4.0,1
46916,3.0,1
46917,5.0,1
46918,4.0,1
46920,3.0,2
46921,5.0,1
46922,5.0,1
46927,4.0,1
46929,5.0,1
46930,5.0,1
46938,3.0,1
46939,3.0,1
46944,5.0,1
46950,5.0,1
46952,4.0,1
46954,3.0,1
46957,4.0,1
46959,3.0,1
46960,5.0,2
46961,4.0,1
46962,5.0,2
46963,3.0,1
46967,5.0,2
46968,4.0,1
46969,4.166666666666667,6
46970,1.0,1
46971,5.0,2
46975,4.0,1
46979,4.0,1
46984,3.6666666666666665,3
46987,4.0,1
46995,3.25,4
46996,4.0,1
46998,4.0,1
47000,5.0,2
47003,3.0,1
47004,4.333333333333333,3
47009,4.0,2
47014,5.0,1
47015,5.0,3
47016,4.5,2
47018,5.0,1
47025,4.333333333333333,3
47026,4.0,1
47027,4.0,1
47029,4.0,1
47030,5.0,1
47031,5.0,1
47032,5.0,1
47033,5.0,1
47034,5.0,1
47035,5.0,1
47036,5.0,1
47038,5.0,1
47039,5.0,1
47042,5.0,1
47043,4.0,1
47044,4.2,5
47047,5.0,2
47051,5.0,1
47052,5.0,1
47053,5.0,2
47054,5.0,1
47055,5.0,3
47057,2.5,2
47058,5.0,1
47061,3.0,1
47063,5.0,1
47067,3.888888888888889,9
47068,5.0,1
47071,4.0,1
47073,4.0,1
47076,4.0,1
47086,4.0,2
47087,5.0,1
47088,4.0,2
47092,4.25,8
47100,3.6666666666666665,3
47102,5.0,1
47103,5.0,1
47104,5.0,1
47106,5.0,2
47108,1.0,1
47116,4.0,1
47125,4.0,1
47126,5.0,1
47128,4.0,1
47129,4.0,1
47139,4.0,1
47140,4.0,2
47142,4.0,1
47145,4.0,1
47150,3.6666666666666665,3
47151,5.0,1
47155,3.0,1
47158,4.0,1
47161,5.0,1
47163,3.5,2
47164,5.0,3
47165,3.0,1
47166,5.0,1
47168,5.0,1
47174,1.0,1
47175,4.4,5
47177,5.0,1
47180,4.0,1
47182,5.0,1
47183,5.0,1
47185,5.0,1
47187,1.0,1
47191,5.0,1
47192,4.0,1
47194,5.0,1
47195,5.0,1
47196,5.0,1
47197,5.0,1
47198,5.0,1
47199,5.0,1
47201,3.0,1
47203,4.5,2
47204,5.0,2
47208,5.0,1
47209,5.0,1
47212,3.0,1
47215,2.0,1
47216,4.25,4
47217,3.5,2
47218,5.0,1
47219,5.0,1
47221,3.0,1
47223,4.75,4
47225,5.0,1
47227,2.5,2
47229,3.5,2
47232,4.5,2
47234,4.0,2
47235,3.5,2
47236,4.0,1
47237,5.0,1
47243,5.0,1
47244,4.333333333333333,3
47245,4.0,1
47248,4.0,2
47250,5.0,1
47251,5.0,1
47255,2.0,1
47257,5.0,1
47260,5.0,1
47270,1.0,1
47272,4.0,1
47275,3.0,1
47280,5.0,1
47282,5.0,1
47285,3.0,1
47286,4.0,1
47287,5.0,1
47288,4.666666666666667,3
47289,2.0,1
47291,4.5,2
47292,5.0,2
47293,4.0,2
47294,5.0,1
47295,4.0,2
47298,4.333333333333333,3
47300,4.0,1
47305,5.0,1
47306,5.0,1
47307,1.0,1
47317,4.0,1
47323,3.0,3
47325,5.0,1
47328,4.0,1
47331,5.0,1
47333,2.0,1
47337,4.0,1
47339,3.5,14
47346,4.0,1
47347,5.0,1
47353,3.0,1
47358,5.0,1
47360,5.0,1
47368,4.333333333333333,6
47370,5.0,5
47371,4.0,3
47372,3.0,1
47373,3.6666666666666665,3
47376,4.5,2
47380,4.0,1
47381,5.0,1
47383,3.0,1
47384,5.0,1
47387,5.0,2
47390,5.0,1
47392,4.0,1
47393,4.0,1
47394,5.0,1
47398,5.0,1
47401,4.0,2
47404,3.6666666666666665,3
47407,3.3333333333333335,3
47414,4.0,2
47415,2.0,1
47417,5.0,1
47420,4.714285714285714,7
47421,5.0,1
47423,3.4,5
47426,4.75,4
47427,4.2,5
47428,5.0,1
47429,4.333333333333333,3
47431,4.5,2
47432,4.0,3
47436,4.0,1
47440,5.0,1
47442,5.0,1
47443,4.0,1
47445,5.0,1
47449,4.0,1
47450,4.0,1
47452,5.0,1
47454,4.0,1
47455,5.0,1
47456,3.0,1
47458,5.0,1
47459,5.0,1
47460,3.5,2
47461,5.0,1
47463,5.0,1
47464,4.0,3
47467,5.0,1
47470,3.0,1
47472,5.0,1
47474,5.0,1
47478,4.0,1
47485,3.0,1
47487,4.333333333333333,3
47489,3.25,12
47492,3.0,1
47494,5.0,1
47499,4.0,1
47501,3.0,1
47504,5.0,1
47505,5.0,1
47506,5.0,1
47518,5.0,1
47519,5.0,1
47521,5.0,2
47522,2.0,1
47523,5.0,1
47524,4.0,1
47525,4.0,3
47527,4.0,1
47530,5.0,1
47531,3.0,1
47535,4.0,1
47538,4.0,9
47542,3.0,1
47544,4.0,1
47547,5.0,3
47551,4.333333333333333,3
47556,5.0,1
47558,4.0,1
47560,5.0,1
47563,1.0,1
47568,5.0,1
47574,4.0,1
47575,3.0,1
47577,4.0,2
47578,5.0,1
47580,3.0,2
47582,5.0,2
47590,4.0,1
47591,5.0,1
47592,4.0,1
47596,5.0,1
47598,4.5,2
47600,4.0,1
47601,5.0,1
47602,5.0,1
47606,4.0,1
47607,5.0,1
47609,5.0,1
47610,4.0,1
47615,5.0,2
47618,5.0,1
47619,5.0,1
47622,4.5,2
47624,3.0,1
47626,2.0,1
47627,4.0,1
47629,2.0,1
47630,4.5,2
47631,3.5,2
47632,4.0,2
47634,1.0,1
47638,2.0,2
47641,4.0,1
47642,3.0,1
47647,3.0,2
47649,5.0,1
47651,5.0,1
47652,4.0,1
47653,5.0,1
47656,1.0,1
47662,4.0,4
47663,5.0,1
47664,5.0,1
47667,4.0,1
47668,5.0,1
47669,4.0,1
47674,5.0,1
47675,5.0,1
47677,5.0,1
47680,4.0,1
47682,5.0,1
47683,4.0,1
47684,5.0,1
47685,5.0,1
47687,5.0,1
47691,5.0,1
47692,2.0,1
47696,5.0,2
47697,5.0,1
47701,5.0,1
47702,4.0,1
47707,5.0,1
47708,3.0,1
47710,4.0,4
47711,4.5,2
47712,3.0,1
47715,5.0,1
47716,4.0,1
47718,5.0,1
47720,5.0,1
47723,5.0,1
47724,4.0,1
47728,4.0,1
47733,5.0,1
47738,4.0,2
47739,5.0,2
47740,4.0,2
47741,4.5,2
47742,4.5,2
47744,5.0,1
47745,5.0,1
47747,3.0,2
47749,4.0,1
47752,5.0,1
47753,4.0,1
47754,5.0,1
47759,3.0,1
47761,3.5,2
47766,3.0,1
47769,4.5,2
47770,3.75,4
47775,5.0,1
47777,4.0,1
47778,4.0,1
47779,4.0,2
47780,3.5,2
47781,4.0,1
47783,4.0,1
47784,5.0,2
47787,5.0,2
47789,3.0,2
47793,4.0,1
47795,5.0,2
47796,4.0,1
47802,4.5,2
47803,4.0,1
47805,5.0,2
47806,5.0,1
47807,4.0,1
47808,4.25,4
47809,4.0,1
47814,5.0,1
47816,3.6666666666666665,3
47818,5.0,1
47828,5.0,1
47829,4.75,4
47830,4.333333333333333,3
47841,3.0,1
47843,3.0,1
47849,5.0,1
47858,4.5,2
47862,5.0,1
47863,3.0,1
47865,4.0,2
47867,4.0,1
47870,5.0,1
47871,4.5,2
47875,4.0,1
47877,4.5,2
47878,5.0,1
47881,5.0,1
47887,5.0,1
47890,4.0,1
47891,4.25,4
47894,5.0,1
47896,4.0,1
47897,2.0,1
47898,4.0,1
47899,5.0,1
47901,3.2,5
47903,4.0,1
47904,5.0,1
47906,2.0,2
47911,5.0,1
47913,5.0,2
47914,5.0,1
47915,5.0,1
47916,4.0,1
47918,4.0,1
47924,4.5,2
47926,5.0,2
47931,5.0,1
47936,3.0,2
47938,5.0,1
47945,3.0,1
47947,3.0,1
47948,4.5,2
47949,3.0,1
47950,4.0,1
47952,5.0,1
47953,2.0,1
47958,5.0,1
47959,4.5,2
47962,5.0,1
47964,5.0,1
47965,5.0,1
47969,5.0,2
47971,5.0,2
47972,4.0,1
47979,3.0,2
47980,5.0,1
47981,4.5,2
47984,5.0,1
47985,1.0,1
47986,5.0,1
47987,4.0,1
47990,5.0,1
47991,3.0,1
47993,3.0,2
47997,4.0,1
48000,3.6666666666666665,3
48004,4.0,1
48005,4.0,5
48011,4.0,1
48015,4.0,1
48022,5.0,1
48024,5.0,1
48026,3.0,2
48029,5.0,1
48034,4.333333333333333,3
48038,4.571428571428571,7
48039,4.0,1
48049,4.75,4
48055,5.0,1
48056,5.0,2
48060,3.0,1
48061,4.0,2
48065,5.0,1
48066,4.0,2
48073,3.5,2
48077,5.0,1
48080,4.0,1
48082,4.0,1
48087,3.0,1
48091,3.0,1
48093,5.0,1
48094,5.0,1
48097,5.0,1
48099,4.0,2
48105,5.0,1
48109,5.0,1
48110,5.0,1
48116,3.0,1
48118,5.0,3
48119,4.0,1
48122,3.0,1
48125,4.0,3
48126,3.0,1
48127,4.0,2
48128,5.0,1
48129,5.0,1
48131,3.0,1
48134,5.0,1
48135,2.0,1
48138,5.0,1
48141,4.0,1
48142,5.0,2
48144,5.0,1
48146,5.0,1
48150,4.5,2
48151,4.0,1
48153,2.0,1
48154,5.0,2
48155,1.0,1
48156,3.5,2
48159,4.0,1
48161,5.0,3
48164,4.0,1
48168,2.5,2
48169,4.0,1
48170,4.0,1
48171,4.0,1
48172,4.0,1
48173,5.0,2
48174,5.0,1
48175,4.5,2
48178,5.0,2
48179,5.0,1
48182,5.0,1
48183,2.0,1
48190,5.0,1
48196,4.0,3
48197,5.0,1
48203,4.0,1
48210,3.3333333333333335,3
48213,4.0,1
48214,5.0,2
48216,4.0,1
48218,5.0,1
48219,5.0,1
48220,4.5,2
48221,3.0,1
48222,5.0,1
48223,5.0,1
48228,4.0,1
48229,5.0,1
48235,4.0,1
48242,4.5,2
48243,3.5,2
48244,5.0,2
48245,5.0,1
48247,5.0,1
48248,4.0,1
48252,3.0,1
48253,5.0,1
48254,4.333333333333333,3
48255,4.0,2
48256,4.5,4
48257,2.25,4
48258,4.0,1
48262,5.0,1
48263,5.0,1
48265,5.0,1
48271,5.0,2
48272,4.0,1
48274,2.0,1
48278,5.0,1
48279,4.0,1
48280,5.0,1
48282,5.0,1
48283,5.0,1
48284,5.0,1
48286,5.0,1
48288,5.0,1
48290,5.0,1
48291,5.0,2
48295,5.0,1
48298,3.0,1
48300,5.0,1
48303,2.0,1
48305,5.0,2
48310,3.0,1
48317,5.0,2
48323,4.0,1
48324,5.0,1
48326,4.0,2
48327,5.0,2
48328,5.0,1
48331,4.0,1
48334,5.0,1
48335,5.0,1
48337,2.0,1
48338,5.0,1
48339,1.0,1
48343,3.6666666666666665,3
48344,5.0,1
48346,5.0,1
48349,5.0,1
48352,4.0,1
48353,5.0,1
48354,4.0,1
48356,5.0,1
48358,3.0,1
48364,4.0,1
48368,4.0,4
48372,3.6666666666666665,3
48379,5.0,1
48380,5.0,4
48387,5.0,1
48389,5.0,2
48391,4.0,1
48396,3.0,1
48409,3.3333333333333335,3
48414,3.0,1
48415,4.0,1
48418,3.0,1
48420,4.0,1
48426,1.0,2
48427,5.0,1
48430,5.0,1
48433,3.0,2
48435,3.5,2
48436,3.0,1
48438,4.0,1
48439,5.0,1
48440,5.0,1
48441,4.0,1
48444,4.0,2
48447,3.3333333333333335,3
48449,4.0,1
48450,5.0,1
48451,5.0,1
48456,3.0,1
48457,5.0,1
48459,5.0,2
48461,5.0,1
48463,4.0,1
48467,5.0,1
48471,5.0,1
48474,4.0,2
48476,4.0,2
48478,5.0,1
48481,4.0,1
48482,5.0,1
48484,2.0,1
48488,5.0,2
48494,4.0,1
48495,1.25,4
48499,4.0,1
48507,5.0,2
48509,4.0,1
48510,4.75,4
48513,4.0,1
48514,4.0,1
48517,4.0,1
48518,3.0,1
48519,5.0,1
48521,4.0,2
48523,3.0,1
48529,5.0,1
48530,5.0,1
48531,5.0,1
48532,3.0,1
48535,4.0,1
48537,4.0,1
48538,4.0,1
48539,4.0,1
48541,4.0,1
48542,5.0,1
48548,5.0,1
48553,4.0,1
48556,4.0,1
48558,5.0,2
48560,4.0,1
48562,5.0,1
48566,4.0,1
48567,4.0,1
48568,5.0,1
48571,4.0,1
48573,4.333333333333333,3
48576,5.0,1
48577,5.0,1
48580,5.0,1
48584,1.0,1
48586,4.5,2
48587,4.5,4
48590,4.5,2
48592,3.5,2
48594,5.0,1
48599,5.0,3
48601,5.0,1
48603,4.0,1
48606,4.0,1
48609,5.0,1
48610,3.6666666666666665,3
48611,5.0,1
48614,5.0,1
48615,4.666666666666667,3
48616,4.5,2
48618,4.0,1
48621,4.0,1
48635,3.0,1
48636,4.0,2
48637,4.0,1
48638,2.6666666666666665,3
48639,5.0,1
48640,5.0,2
48642,3.6666666666666665,3
48644,5.0,2
48645,4.666666666666667,3
48651,4.0,1
48654,5.0,1
48656,1.0,1
48658,5.0,1
48663,4.0,1
48665,4.0,1
48666,5.0,1
48670,4.0,2
48674,4.0,1
48678,5.0,1
48679,4.0,2
48681,4.0,1
48683,4.0,2
48685,2.0,1
48688,5.0,1
48689,4.0,1
48691,5.0,1
48694,4.0,1
48695,4.0,1
48696,3.5,2
48698,5.0,1
48701,3.0,1
48705,4.0,11
48707,3.0,1
48713,5.0,1
48718,4.0,1
48721,4.5,2
48722,4.0,2
48725,4.0,1
48731,5.0,2
48732,3.0,1
48733,5.0,1
48734,4.0,1
48737,5.0,3
48738,3.5,2
48739,4.666666666666667,3
48740,5.0,1
48743,3.0,1
48744,4.0,1
48745,4.0,1
48747,5.0,1
48748,5.0,1
48750,3.0,1
48751,5.0,2
48761,5.0,2
48762,5.0,2
48764,2.0,1
48767,4.0,2
48770,4.0,1
48774,5.0,1
48776,2.0,1
48778,4.0,1
48781,4.5,2
48785,5.0,1
48787,4.0,1
48788,5.0,1
48789,4.0,1
48790,5.0,1
48791,4.666666666666667,3
48796,5.0,2
48797,3.5,2
48798,4.0,1
48805,5.0,1
48810,4.0,1
48811,5.0,1
48812,5.0,1
48813,4.0,1
48814,4.0,3
48826,5.0,1
48829,4.0,1
48830,4.0,1
48833,3.75,4
48834,5.0,1
48835,4.0,1
48836,5.0,1
48837,4.0,1
48843,5.0,1
48849,3.75,4
48854,4.0,1
48856,3.5,2
48858,4.5,2
48861,3.0,1
48862,4.0,1
48869,3.0,1
48873,5.0,1
48879,5.0,1
48884,4.75,4
48885,1.0,1
48886,4.0,1
48889,3.0,1
48895,4.0,2
48898,4.0,1
48899,5.0,2
48905,4.0,1
48907,4.0,2
48909,5.0,1
48910,5.0,1
48911,5.0,1
48912,5.0,1
48915,5.0,1
48916,4.0,1
48917,4.0,1
48921,4.0,1
48922,5.0,1
48925,5.0,1
48927,4.0,1
48928,3.0,1
48931,5.0,1
48934,4.0,1
48940,4.5,4
48954,5.0,2
48955,4.0,1
48957,4.0,2
48958,2.0,2
48960,4.0,1
48961,4.0,1
48962,3.0,5
48964,2.0,1
48965,5.0,2
48967,5.0,1
48969,2.5,2
48970,5.0,1
48976,3.0,1
48978,5.0,1
48980,4.0,2
48983,5.0,1
48987,5.0,1
48991,3.5,2
48994,3.0,2
48995,4.0,1
48998,5.0,2
49001,3.5,2
49005,5.0,1
49007,4.0,2
49008,4.0,1
49010,4.0,1
49011,4.333333333333333,3
49013,4.0,1
49015,5.0,1
49016,5.0,1
49017,5.0,1
49021,3.0,1
49023,2.3333333333333335,3
49024,4.0,2
49025,4.0,1
49026,4.0,3
49027,5.0,2
49028,3.0,1
49033,5.0,1
49034,5.0,1
49035,4.0,1
49036,3.0,1
49037,4.0,1
49039,5.0,3
49042,5.0,1
49044,4.0,1
49046,5.0,2
49055,4.0,1
49056,3.0,1
49057,3.0,1
49058,5.0,1
49061,5.0,1
49062,5.0,3
49065,5.0,1
49066,3.0,1
49067,4.0,1
49068,5.0,2
49070,5.0,1
49072,5.0,2
49073,2.3333333333333335,3
49074,2.0,1
49075,5.0,1
49079,5.0,1
49080,3.0,1
49083,5.0,3
49084,5.0,1
49085,5.0,3
49086,5.0,1
49087,4.0,1
49094,5.0,1
49096,1.0,1
49100,5.0,1
49102,5.0,1
49107,4.5,2
49109,4.0,1
49113,5.0,1
49115,5.0,1
49116,5.0,1
49120,5.0,1
49122,4.0,1
49128,5.0,1
49129,3.6666666666666665,3
49131,5.0,1
49135,1.0,1
49136,4.0,1
49138,5.0,2
49140,3.0,1
49141,3.0,3
49146,4.0,1
49155,5.0,1
49157,3.0,2
49160,4.0,2
49163,4.0,1
49164,3.5,2
49166,3.75,4
49169,5.0,1
49172,4.0,1
49177,1.0,1
49181,1.5,2
49184,4.0,1
49185,3.0,1
49186,5.0,1
49188,5.0,1
49189,4.5,2
49190,4.0,1
49191,4.5,2
49193,4.0,1
49194,4.666666666666667,3
49198,5.0,1
49200,4.0,1
49201,5.0,1
49202,3.5,2
49207,4.8,5
49209,4.6,5
49210,1.0,1
49211,5.0,1
49212,4.75,4
49217,4.25,4
49218,4.0,1
49219,5.0,3
49221,3.4,5
49226,4.0,2
49227,3.7142857142857144,7
49228,5.0,1
49229,3.3333333333333335,3
49231,4.0,1
49232,4.416666666666667,12
49235,5.0,1
49240,4.0,1
49241,4.0,1
49243,4.5,2
49245,5.0,1
49246,3.6666666666666665,3
49253,5.0,1
49258,4.0,1
49260,4.0,1
49263,4.0,2
49264,3.0,1
49265,5.0,1
49267,4.0,1
49269,5.0,1
49270,3.0,1
49274,4.0,1
49276,4.0,1
49281,4.0,1
49290,5.0,1
49293,3.5,2
49307,4.0,1
49309,4.0,2
49310,3.0,1
49311,4.0,1
49312,3.0,1
49314,5.0,1
49315,4.375,8
49316,4.0,1
49317,5.0,1
49320,5.0,1
49321,4.0,1
49322,4.5,2
49323,2.0,1
49329,5.0,1
49330,3.6666666666666665,3
49338,4.0,2
49339,5.0,1
49347,3.0,3
49348,2.0,2
49349,3.0,1
49351,2.6666666666666665,3
49354,3.0,1
49358,2.0,1
49361,5.0,1
49362,4.0,2
49364,5.0,1
49367,5.0,1
49369,4.0,1
49376,4.0,1
49378,4.0,1
49379,5.0,2
49381,3.5,4
49386,4.5,2
49387,4.5,2
49390,4.5,2
49391,4.5,2
49394,4.0,1
49395,5.0,1
49396,4.0,1
49400,5.0,1
49403,3.5,2
49405,4.0,1
49408,5.0,2
49409,4.75,4
49411,3.0,1
49416,5.0,2
49418,5.0,2
49420,5.0,1
49421,4.0,1
49424,4.0,1
49429,4.0,1
49431,5.0,2
49432,5.0,1
49435,4.0,1
49436,4.0,1
49439,4.5,2
49440,4.0,1
49441,4.666666666666667,3
49443,4.0,1
49447,5.0,1
49449,3.0,1
49455,5.0,1
49456,5.0,2
49459,4.0,1
49460,5.0,3
49461,5.0,1
49465,5.0,1
49467,3.0,1
49468,4.5,2
49469,4.0,2
49477,4.0,1
49478,3.0,1
49479,4.0,2
49482,4.0,1
49489,5.0,2
49491,4.666666666666667,3
49492,5.0,1
49493,5.0,1
49494,4.0,1
49495,5.0,1
49496,5.0,1
49498,4.0,1
49499,4.0,1
49501,4.0,1
49503,5.0,1
49504,4.0,2
49507,5.0,1
49509,5.0,1
49510,3.0,1
49512,4.0,1
49515,4.0,1
49516,5.0,1
49517,5.0,1
49518,5.0,1
49519,4.0,1
49524,5.0,1
49525,5.0,1
49528,5.0,1
49530,4.0,1
49531,5.0,1
49532,4.0,1
49540,5.0,2
49543,4.666666666666667,3
49548,5.0,1
49549,4.0,1
49552,5.0,1
49554,5.0,3
49555,4.0,1
49557,4.5,2
49559,4.5,4
49560,5.0,2
49564,5.0,1
49566,5.0,1
49567,5.0,1
49571,5.0,1
49576,5.0,1
49578,5.0,1
49579,5.0,1
49584,5.0,1
49586,5.0,1
49588,4.333333333333333,3
49593,5.0,1
49595,5.0,1
49596,4.0,2
49598,4.0,1
49599,1.0,1
49600,5.0,1
49601,4.5,2
49603,4.0,1
49604,5.0,1
49606,5.0,1
49609,5.0,1
49611,5.0,2
49613,4.0,1
49616,4.0,2
49618,3.5,2
49623,3.0,1
49624,5.0,2
49625,5.0,1
49626,4.0,1
49628,5.0,1
49629,5.0,1
49632,3.0,1
49635,5.0,1
49636,2.0,1
49638,4.0,1
49640,3.0,2
49642,4.0,1
49643,4.0,2
49646,2.0,1
49649,4.333333333333333,3
49652,2.0,1
49653,5.0,1
49655,3.5,4
49656,4.0,1
49660,3.75,4
49661,5.0,1
49666,5.0,1
49669,5.0,1
49671,4.666666666666667,3
49673,4.333333333333333,3
49674,4.5,2
49682,5.0,1
49685,4.0,9
49689,5.0,1
49692,4.0,1
49696,5.0,1
49698,1.0,1
49701,4.0,1
49704,5.0,2
49705,5.0,1
49713,1.0,1
49717,5.0,2
49718,5.0,2
49719,4.0,1
49727,4.5,2
49729,4.0,1
49730,2.0,1
49732,5.0,1
49733,4.0,2
49734,5.0,1
49736,4.0,1
49740,4.0,2
49742,4.666666666666667,3
49744,5.0,1
49745,3.5,4
49746,3.3333333333333335,3
49749,4.0,2
49753,5.0,1
49759,4.0,1
49761,3.0,1
49763,3.0,1
49765,4.0,1
49766,4.0,4
49767,4.0,1
49772,4.6,5
49773,5.0,1
49776,4.0,1
49778,5.0,1
49779,4.5,2
49780,4.0,2
49781,4.0,1
49782,4.0,3
49783,5.0,1
49784,4.0,1
49792,5.0,1
49793,4.0,1
49795,4.0,1
49802,3.0,1
49803,5.0,1
49808,1.0,1
49812,5.0,1
49813,5.0,1
49815,5.0,1
49817,4.0,1
49821,4.2,5
49830,5.0,1
49831,4.0,1
49832,5.0,1
49833,4.5,2
49836,5.0,1
49839,4.0,2
49840,5.0,1
49841,4.0,1
49842,4.0,1
49844,5.0,1
49845,5.0,1
49849,5.0,1
49852,1.0,1
49853,4.0,1
49855,4.0,1
49858,4.0,1
49859,5.0,2
49860,5.0,1
49861,5.0,1
49864,4.0,3
49869,4.5,2
49871,5.0,2
49873,4.0,1
49874,4.0,1
49876,4.0,2
49879,1.0,1
49883,5.0,4
49884,4.0,1
49888,3.5,2
49889,4.0,1
49892,4.0,1
49898,5.0,1
49899,5.0,1
49901,5.0,1
49904,5.0,1
49905,4.0,1
49908,5.0,1
49914,2.0,1
49915,4.2,5
49917,5.0,1
49918,4.0,1
49920,5.0,1
49922,3.0,1
49924,5.0,1
49927,2.0,1
49928,4.0,1
49929,5.0,1
49931,5.0,1
49933,4.0,3
49934,4.0,1
49939,4.0,1
49941,5.0,2
49947,5.0,1
49948,5.0,1
49949,5.0,1
49951,3.0,1
49955,3.0,2
49957,5.0,1
49962,5.0,1
49967,3.5,2
49968,4.0,3
49969,4.0,2
49970,3.0,1
49971,4.0,1
49973,5.0,1
49974,3.5,2
49976,5.0,1
49977,4.0,3
49978,4.0,1
49979,4.0,1
49981,4.0,1
49982,3.6666666666666665,3
49983,3.5,2
49989,5.0,1
50000,4.0,2
50006,5.0,1
50007,4.5,2
50008,4.0,1
50010,2.0,1
50011,5.0,1
50012,5.0,1
50013,3.0,1
50014,5.0,1
50017,4.0,1
50020,5.0,1
50026,5.0,1
50029,5.0,1
50031,4.0,1
50032,5.0,1
50035,3.0,1
50037,5.0,2
50038,3.0,1
50039,4.0,1
50041,5.0,1
50042,4.0,1
50043,5.0,1
50044,4.0,1
50045,3.0,1
50047,5.0,1
50050,5.0,2
50051,5.0,1
50052,1.0,1
50056,5.0,1
50061,4.0,1
50063,4.0,4
50073,4.0,1
50075,5.0,1
50076,4.0,1
50078,2.5,2
50081,4.5,2
50082,3.0,1
50086,5.0,2
50087,4.0,1
50092,4.0,1
50095,5.0,1
50096,5.0,1
50098,5.0,1
50102,5.0,1
50104,5.0,1
50105,4.0,2
50107,4.6,5
50110,5.0,1
50111,5.0,1
50114,4.0,1
50115,5.0,1
50116,5.0,1
50118,5.0,1
50119,4.0,1
50120,4.0,2
50121,5.0,1
50124,4.0,2
50125,4.0,1
50127,4.0,2
50128,5.0,1
50130,3.0,1
50131,5.0,1
50135,4.0,1
50136,5.0,1
50137,5.0,1
50138,5.0,2
50142,4.0,1
50144,4.0,2
50145,3.0,3
50146,4.0,2
50151,3.0,1
50153,5.0,1
50155,4.0,1
50158,5.0,1
50159,2.0,1
50160,4.0,2
50162,2.0,1
50163,5.0,1
50168,5.0,1
50171,4.0,1
50172,5.0,1
50176,5.0,1
50179,4.5,2
50180,5.0,2
50183,4.0,1
50187,1.0,1
50190,1.0,1
50191,4.0,1
50193,5.0,1
50196,2.0,1
50197,5.0,1
50202,3.0,2
50203,3.0,1
50204,5.0,1
50205,4.0,1
50207,4.0,1
50212,4.0,2
50216,4.0,1
50217,5.0,1
50219,3.6666666666666665,3
50221,4.0,2
50231,5.0,1
50232,5.0,2
50234,5.0,3
50235,5.0,1
50236,4.0,3
50237,2.0,1
50241,3.0,1
50245,5.0,1
50246,3.0,1
50247,4.5,2
50249,5.0,1
50255,3.0,1
50256,4.5,2
50257,5.0,1
50264,3.0,1
50265,4.0,1
50268,3.0,2
50271,4.0,1
50273,5.0,2
50277,4.5,2
50278,5.0,1
50288,4.0,1
50289,5.0,1
50291,5.0,1
50293,5.0,1
50298,4.0,1
50300,4.0,1
50301,3.0,1
50307,4.333333333333333,3
50311,4.0,1
50313,4.5,2
50318,4.0,1
50321,4.0,1
50324,5.0,1
50329,3.6666666666666665,3
50334,4.0,3
50337,3.0,1
50339,3.5,2
50341,5.0,1
50349,5.0,1
50350,4.0,1
50351,3.0,1
50352,4.0,1
50353,3.25,8
50355,3.0,1
50356,5.0,1
50359,4.0,1
50362,5.0,1
50365,5.0,3
50366,5.0,1
50368,4.0,3
50370,4.0,2
50373,4.0,1
50374,5.0,1
50377,4.0,1
50381,5.0,1
50382,5.0,1
50386,3.0,2
50387,4.5,2
50389,3.0,1
50390,4.0,1
50391,5.0,1
50392,4.0,1
50393,4.0,1
50396,3.0,2
50398,2.0,1
50400,5.0,1
50401,4.0,2
50402,4.0,1
50403,5.0,2
50409,5.0,1
50410,5.0,1
50412,5.0,1
50417,4.0,1
50419,3.0,1
50428,4.0,1
50432,5.0,1
50433,3.0,1
50435,5.0,1
50436,5.0,1
50439,4.0,1
50440,4.0,1
50451,5.0,3
50458,4.0,3
50459,3.0,1
50464,4.0,2
50465,2.5,2
50469,3.0,1
50470,5.0,3
50471,5.0,1
50472,4.0,1
50473,2.0,1
50474,2.5,2
50477,5.0,1
50479,4.0,1
50480,2.6666666666666665,3
50485,5.0,1
50487,5.0,1
50489,4.0,1
50490,3.0,1
50491,3.0,1
50492,3.0,2
50496,1.0,1
50500,2.0,1
50502,5.0,1
50504,5.0,1
50506,4.0,1
50508,5.0,1
50509,4.0,4
50511,4.0,1
50516,3.5,2
50518,4.0,1
50520,5.0,1
50523,5.0,1
50525,4.5,2
50528,5.0,1
50530,4.0,1
50532,5.0,1
50533,5.0,1
50536,4.0,4
50538,5.0,1
50539,4.0,1
50541,5.0,1
50542,5.0,2
50544,5.0,1
50545,5.0,1
50549,5.0,1
50552,3.3333333333333335,3
50553,3.25,4
50555,4.5,2
50556,4.0,1
50561,5.0,1
50574,3.0,1
50575,5.0,1
50579,4.0,1
50581,5.0,1
50588,5.0,1
50590,4.0,2
50591,5.0,1
50596,4.0,1
50601,4.0,1
50602,4.0,1
50604,5.0,1
50607,4.0,2
50611,4.0,1
50612,5.0,1
50613,5.0,1
50614,5.0,1
50618,5.0,1
50622,4.5,2
50625,2.0,1
50626,5.0,1
50630,4.7272727272727275,11
50631,4.0,2
50633,4.0,1
50635,4.0,1
50637,4.5,2
50639,5.0,2
50640,4.333333333333333,3
50641,5.0,1
50642,5.0,1
50645,5.0,1
50650,5.0,1
50651,4.0,1
50652,4.0,1
50654,5.0,1
50655,5.0,1
50656,4.0,2
50657,5.0,1
50660,5.0,1
50661,3.0,2
50668,5.0,1
50672,5.0,2
50675,5.0,2
50680,4.0,1
50686,3.0,1
50688,5.0,1
50690,4.0,3
50691,4.75,4
50692,3.0,2
50694,5.0,1
50696,2.0,1
50708,5.0,1
50711,5.0,1
50712,4.5,2
50714,3.0,1
50715,5.0,1
50716,3.0,2
50717,4.0,1
50718,4.0,2
50720,4.0,1
50722,5.0,1
50726,3.6666666666666665,3
50727,5.0,1
50729,5.0,1
50731,5.0,1
50732,5.0,2
50733,3.5,2
50743,4.0,2
50746,3.5,2
50748,4.0,1
50749,5.0,1
50754,5.0,1
50755,4.0,1
50757,5.0,1
50758,4.0,1
50759,5.0,2
50761,5.0,1
50762,5.0,1
50764,4.0,2
50769,4.0,1
50776,4.0,1
50780,4.0,1
50784,5.0,1
50785,4.0,1
50788,5.0,1
50791,3.8,10
50793,4.0,1
50795,4.0,1
50799,4.333333333333333,3
50801,3.0,2
50804,4.75,4
50805,3.0,1
50806,4.0,2
50809,4.333333333333333,3
50810,5.0,1
50814,4.0,1
50815,4.0,1
50819,1.0,1
50820,1.0,1
50821,4.0,1
50823,4.0,4
50828,5.0,1
50829,4.666666666666667,3
50830,3.0,1
50831,2.0,1
50842,5.0,1
50855,4.0,2
50856,5.0,1
50858,1.0,2
50859,4.0,3
50862,4.0,1
50863,4.0,2
50867,4.0,4
50868,5.0,1
50870,3.0,1
50871,4.0,1
50874,3.0,1
50875,4.0,1
50877,4.0,1
50878,4.5,2
50879,5.0,1
50887,3.0,1
50888,5.0,2
50889,5.0,1
50895,1.0,1
50896,4.0,1
50897,4.25,4
50898,4.0,1
50899,4.75,4
50902,3.5,2
50904,4.0,2
50906,5.0,1
50908,4.0,1
50909,4.0,1
50914,5.0,1
50915,3.0,2
50920,5.0,1
50922,5.0,1
50923,5.0,1
50924,5.0,1
50925,5.0,1
50928,4.0,3
50929,5.0,1
50932,5.0,2
50934,4.0,1
50935,4.0,1
50936,5.0,1
50938,5.0,1
50940,5.0,1
50941,5.0,1
50942,5.0,1
50946,5.0,3
50951,3.0,1
50953,5.0,1
50954,5.0,2
50956,5.0,1
50958,5.0,2
50959,4.5,2
50961,5.0,1
50962,4.0,1
50967,5.0,2
50968,4.0,1
50970,5.0,1
50972,5.0,1
50976,4.0,1
50977,5.0,1
50979,4.0,1
50981,2.4,5
50986,3.0,1
50988,1.0,1
50989,5.0,1
50991,4.666666666666667,3
50994,5.0,1
50995,3.75,4
51002,3.0,1
51003,5.0,1
51009,3.0,1
51011,3.0,1
51014,5.0,1
51015,2.3333333333333335,3
51018,4.0,1
51021,2.0,1
51022,3.0,1
51033,5.0,1
51034,2.0,1
51035,5.0,2
51039,5.0,1
51040,4.0,2
51041,4.0,2
51042,4.0,2
51045,5.0,2
51047,5.0,1
51049,5.0,1
51052,4.0,1
51053,5.0,1
51054,5.0,1
51055,4.0,1
51057,4.0,1
51060,4.0,1
51064,5.0,1
51067,4.5,2
51068,1.0,1
51069,5.0,3
51071,1.0,1
51073,5.0,1
51074,5.0,1
51076,2.0,2
51077,4.75,4
51079,5.0,2
51081,4.8,5
51085,3.0,2
51086,4.5,2
51089,5.0,1
51092,2.0,1
51094,5.0,1
51096,4.0,1
51098,4.0,1
51100,4.0,3
51102,4.0,3
51104,4.666666666666667,3
51106,5.0,1
51107,4.0,2
51110,5.0,1
51113,4.5,2
51118,4.0,2
51119,4.333333333333333,3
51121,2.6666666666666665,3
51122,5.0,1
51123,2.5,2
51124,4.333333333333333,3
51134,4.0,1
51136,4.0,2
51137,4.0,3
51138,5.0,1
51139,5.0,1
51140,4.0,1
51141,4.0,3
51142,5.0,1
51150,4.0,1
51154,5.0,1
51157,3.6666666666666665,3
51159,4.0,1
51167,3.6666666666666665,3
51168,4.5,2
51169,2.5,2
51170,4.0,1
51172,4.0,2
51174,5.0,1
51182,3.75,4
51189,5.0,1
51190,4.333333333333333,3
51192,5.0,1
51193,5.0,2
51203,5.0,1
51204,4.333333333333333,6
51206,3.6,5
51208,4.0,1
51209,3.0,2
51211,3.5,2
51213,4.5,2
51215,5.0,1
51222,4.0,2
51223,4.0,1
51225,4.0,4
51229,4.0,1
51230,5.0,1
51232,1.0,1
51234,4.0,1
51235,5.0,1
51241,3.5,2
51242,4.5,2
51246,4.0,6
51247,5.0,1
51251,3.0,1
51252,4.5,6
51254,5.0,1
51257,3.0,2
51262,2.0,1
51268,5.0,1
51269,5.0,1
51275,4.0,1
51278,5.0,1
51283,4.0,1
51292,4.0,2
51294,4.0,1
51295,4.25,4
51296,5.0,2
51297,5.0,2
51298,4.5,2
51301,5.0,3
51302,5.0,2
51303,3.3333333333333335,3
51304,5.0,1
51308,5.0,1
51309,5.0,1
51314,3.0,1
51317,4.75,4
51321,3.0,1
51323,2.0,1
51327,5.0,2
51329,5.0,1
51330,4.0,1
51331,5.0,1
51333,5.0,2
51334,5.0,1
51335,5.0,1
51336,5.0,1
51337,5.0,1
51338,5.0,1
51342,5.0,1
51343,3.6666666666666665,3
51344,1.0,1
51346,5.0,1
51349,5.0,1
51352,5.0,2
51354,3.0,1
51356,5.0,1
51357,4.0,3
51358,5.0,1
51359,3.6666666666666665,3
51363,5.0,1
51364,5.0,2
51368,5.0,1
51374,4.0,1
51376,4.0,1
51377,3.0,1
51378,1.0,2
51386,3.5,2
51389,5.0,1
51394,4.571428571428571,7
51396,4.5,2
51399,5.0,2
51402,5.0,1
51403,4.0,1
51406,5.0,1
51408,4.333333333333333,3
51411,4.0,2
51417,4.0,1
51418,4.0,1
51420,3.0,1
51421,3.0,1
51425,4.0,1
51426,5.0,1
51427,5.0,1
51429,5.0,1
51430,4.5,2
51433,4.5,2
51434,5.0,1
51435,5.0,1
51436,5.0,1
51437,4.0,5
51438,3.5,2
51441,3.0,1
51444,4.0,1
51451,5.0,2
51452,5.0,4
51454,2.0,1
51455,4.0,1
51457,4.0,2
51458,4.0,1
51459,5.0,2
51461,5.0,1
51462,2.0,1
51469,5.0,1
51470,4.5,2
51475,4.333333333333333,3
51477,5.0,1
51478,4.0,2
51479,2.0,1
51480,4.5,2
51482,3.0,1
51484,4.0,1
51489,3.0,2
51491,4.0,3
51494,5.0,1
51500,3.5,2
51505,5.0,1
51510,5.0,1
51511,3.0,1
51513,5.0,4
51515,5.0,1
51518,4.5,2
51521,5.0,1
51524,5.0,1
51539,5.0,1
51540,5.0,1
51541,2.0,1
51542,5.0,1
51544,5.0,1
51546,5.0,1
51552,5.0,1
51555,5.0,1
51557,4.2,5
51558,3.0,1
51560,2.5,2
51562,3.0,1
51564,4.0,1
51567,4.5,4
51569,4.0,1
51573,3.5,2
51578,5.0,1
51580,4.5,2
51581,5.0,1
51582,4.0,1
51583,4.0,3
51587,5.0,2
51589,5.0,2
51590,5.0,2
51591,5.0,1
51594,5.0,2
51602,4.0,1
51603,3.0,2
51604,4.0,1
51606,3.5,2
51607,4.0,1
51608,4.0,3
51609,4.0,2
51610,5.0,1
51612,4.0,1
51613,4.0,1
51615,2.0,1
51620,5.0,1
51626,4.0,1
51631,5.0,1
51632,4.0,1
51635,4.5,4
51636,5.0,1
51637,5.0,1
51641,3.0,1
51645,5.0,1
51646,5.0,1
51650,5.0,1
51651,4.0,1
51652,3.5,2
51656,5.0,1
51657,5.0,1
51659,5.0,1
51663,4.0,1
51671,4.0,3
51676,5.0,1
51678,4.0,1
51679,4.0,2
51680,5.0,2
51684,5.0,2
51687,4.0,1
51689,5.0,1
51691,4.0,1
51693,3.0,2
51695,5.0,2
51697,5.0,1
51698,4.0,1
51701,5.0,2
51702,3.0,1
51703,4.0,1
51704,4.0,1
51708,4.0,1
51709,5.0,1
51715,4.5,2
51716,5.0,1
51721,3.0,2
51722,5.0,1
51724,5.0,3
51728,5.0,1
51729,4.0,1
51733,5.0,1
51734,4.5,2
51736,5.0,2
51739,5.0,1
51741,4.0,4
51742,1.0,1
51747,5.0,1
51754,5.0,1
51761,4.0,1
51765,4.0,1
51768,4.0,1
51770,4.0,1
51771,5.0,1
51772,3.0,1
51776,3.0,2
51777,4.0,1
51778,4.0,2
51782,4.0,1
51784,5.0,3
51785,2.0,1
51788,5.0,1
51791,3.0,1
51792,3.0,1
51794,2.0,1
51796,4.0,1
51797,4.0,1
51800,5.0,1
51804,5.0,1
51806,5.0,1
51812,4.0,7
51817,5.0,1
51818,5.0,1
51819,4.0,1
51821,2.0,2
51828,4.0,1
51830,2.0,1
51831,5.0,1
51833,4.333333333333333,3
51836,4.0,1
51841,4.0,2
51843,4.666666666666667,3
51844,5.0,1
51846,4.0,1
51848,5.0,1
51849,5.0,2
51851,5.0,1
51853,3.8,5
51854,4.0,1
51855,5.0,2
51857,4.0,1
51864,4.0,1
51868,1.0,1
51869,3.7333333333333334,15
51872,5.0,1
51874,4.333333333333333,3
51876,2.0,1
51877,3.75,4
51882,5.0,1
51885,2.0,1
51887,5.0,1
51890,5.0,2
51891,5.0,1
51893,5.0,1
51896,4.0,1
51900,4.0,1
51903,5.0,1
51904,4.0,1
51905,5.0,1
51906,4.0,1
51907,5.0,1
51908,5.0,1
51910,5.0,1
51911,4.0,2
51912,3.0,1
51916,5.0,1
51918,4.0,1
51920,3.0,1
51921,5.0,1
51925,4.0,1
51928,2.0,1
51931,2.5,2
51933,5.0,1
51935,4.5,2
51936,3.0,1
51941,2.0,1
51945,4.5,2
51950,3.0,1
51951,5.0,1
51952,3.0,1
51955,3.0,1
51956,4.0,1
51957,2.0,1
51958,3.0,1
51962,4.0,1
51969,5.0,1
51971,5.0,1
51973,5.0,1
51975,3.0,1
51976,4.0,2
51977,5.0,2
51978,4.0,1
51979,4.0,2
51982,4.0,1
51984,4.0,1
51985,4.0,1
51989,3.5,2
51990,4.0,1
51992,4.0,1
51994,3.5,2
51998,3.0,1
52001,4.0,1
52009,5.0,1
52013,4.0,1
52016,4.0,1
52019,3.0,2
52020,5.0,1
52021,4.0,1
52025,4.0,1
52027,5.0,1
52028,4.666666666666667,3
52031,5.0,1
52037,5.0,1
52040,5.0,2
52041,3.5,2
52042,5.0,1
52045,3.0,1
52046,5.0,1
52051,4.0,2
52052,5.0,1
52058,5.0,1
52059,5.0,2
52061,4.0,1
52063,5.0,1
52066,4.0,1
52067,3.0,1
52069,4.0,1
52073,5.0,1
52074,4.666666666666667,3
52075,3.6666666666666665,3
52076,5.0,1
52079,5.0,1
52083,3.0,1
52084,5.0,1
52086,4.0,1
52087,4.0,1
52089,5.0,3
52090,5.0,1
52091,5.0,1
52093,4.6,5
52094,3.6666666666666665,3
52095,3.0,1
52102,4.0,1
52103,4.333333333333333,3
52106,5.0,1
52113,5.0,1
52114,4.0,1
52115,5.0,1
52118,5.0,1
52120,4.0,1
52127,3.6666666666666665,3
52128,5.0,1
52131,3.0,1
52132,4.0,1
52133,5.0,1
52137,5.0,1
52142,4.0,1
52146,3.5,2
52147,5.0,1
52148,5.0,1
52149,3.0,1
52151,5.0,1
52152,4.0,1
52154,5.0,2
52155,4.0,1
52156,3.0,2
52157,3.6666666666666665,3
52159,4.75,4
52161,4.0,1
52163,5.0,1
52171,5.0,3
52173,3.0,1
52174,5.0,1
52175,4.0,2
52176,4.0,2
52177,5.0,2
52179,4.0,2
52186,5.0,1
52191,3.0,1
52193,5.0,1
52195,5.0,1
52198,5.0,1
52200,4.0,1
52203,4.5,2
52204,5.0,1
52210,5.0,1
52211,4.0,1
52223,3.25,4
52224,5.0,1
52227,3.6666666666666665,3
52241,5.0,1
52242,5.0,1
52244,4.0,1
52246,4.0,1
52247,5.0,2
52248,1.0,1
52249,5.0,1
52251,4.0,1
52262,3.0,1
52265,5.0,1
52266,4.0,1
52270,5.0,1
52271,5.0,1
52273,3.0,1
52276,4.0,1
52277,5.0,1
52282,3.0,1
52283,4.0,1
52287,4.0,1
52289,4.0,1
52290,3.0,1
52292,5.0,1
52293,3.0,1
52296,5.0,1
52299,2.0,1
52300,4.5,2
52301,5.0,2
52307,5.0,1
52309,5.0,1
52310,5.0,1
52313,5.0,2
52321,5.0,1
52323,4.5,2
52326,3.0,1
52329,4.5,2
52330,5.0,1
52332,4.0,1
52338,3.3333333333333335,3
52339,5.0,1
52340,4.0,1
52341,5.0,1
52343,4.0,1
52344,4.5,2
52347,3.0,1
52349,5.0,1
52352,4.0,1
52353,3.6,5
52354,4.0,1
52360,3.0,1
52361,2.0,3
52362,5.0,1
52367,1.0,1
52370,5.0,2
52371,4.0,2
52374,4.0,1
52375,4.0,1
52377,4.0,1
52380,5.0,1
52381,3.0,1
52388,2.0,1
52392,5.0,2
52393,4.0,1
52401,4.5,2
52402,5.0,1
52404,5.0,1
52406,4.0,1
52411,5.0,2
52413,4.0,1
52415,4.0,1
52417,2.0,1
52418,2.6666666666666665,3
52419,5.0,1
52420,4.5,2
52423,2.0,1
52427,4.0,1
52431,5.0,1
52432,5.0,1
52435,5.0,1
52436,5.0,1
52438,4.0,1
52440,4.0,2
52445,4.0,1
52452,5.0,1
52459,5.0,1
52460,5.0,1
52461,4.0,1
52463,5.0,1
52464,5.0,1
52465,4.5,2
52466,3.0,1
52467,4.0,1
52468,4.0,1
52469,3.0,1
52473,5.0,2
52474,3.0,2
52475,5.0,1
52483,3.0,2
52484,3.5,2
52485,4.0,1
52486,3.0,1
52487,5.0,1
52488,1.0,1
52489,5.0,1
52494,4.0,1
52495,4.5,2
52497,4.0,1
52501,4.0,1
52504,5.0,1
52506,4.0,1
52508,4.0,1
52511,3.0,1
52515,4.0,2
52516,5.0,2
52517,4.0,1
52519,5.0,1
52521,4.0,1
52522,4.0,1
52524,1.0,1
52528,5.0,1
52529,5.0,1
52530,3.0,1
52531,4.0,1
52533,4.0,1
52535,5.0,1
52536,5.0,1
52538,1.6666666666666667,3
52540,1.0,2
52541,4.0,2
52542,3.0,2
52546,4.0,1
52551,2.0,1
52553,1.0,1
52558,5.0,1
52559,5.0,1
52560,3.3333333333333335,3
52562,5.0,1
52565,3.0,1
52567,5.0,2
52568,3.0,1
52569,5.0,1
52579,4.0,1
52580,4.0,1
52581,4.0,1
52582,4.25,4
52585,4.0,2
52591,2.75,4
52592,1.0,1
52593,4.0,1
52594,5.0,1
52595,4.5,2
52596,5.0,1
52597,5.0,1
52598,3.5,2
52599,3.5,4
52602,5.0,1
52603,4.0,1
52617,5.0,1
52618,5.0,1
52619,4.5,2
52624,4.0,1
52625,4.0,1
52629,5.0,1
52630,3.0,2
52631,5.0,1
52633,4.25,8
52639,5.0,1
52640,3.0,2
52644,4.0,1
52646,3.3333333333333335,3
52649,3.3333333333333335,3
52651,4.0,1
52658,4.2,5
52664,4.0,1
52665,4.0,1
52666,4.0,1
52668,2.0,1
52670,5.0,1
52671,5.0,1
52674,3.6666666666666665,6
52675,5.0,1
52679,4.0,1
52681,4.0,2
52683,5.0,1
52684,4.2,5
52687,5.0,1
52689,4.5,2
52690,4.0,1
52692,3.0,1
52693,4.5,2
52697,5.0,1
52702,4.0,1
52703,4.0,1
52705,4.0,1
52706,5.0,1
52707,3.0,1
52708,4.0,1
52710,4.0,1
52713,3.75,8
52714,5.0,1
52715,4.333333333333333,3
52720,5.0,1
52722,5.0,1
52725,3.0,1
52726,4.0,3
52729,5.0,1
52730,5.0,1
52737,5.0,1
52738,5.0,1
52741,3.0,2
52745,4.0,1
52754,4.0,2
52759,4.0,4
52760,4.0,1
52761,3.0,1
52764,4.0,1
52765,5.0,2
52770,5.0,1
52773,5.0,1
52774,4.0,1
52776,2.0,1
52786,5.0,1
52789,3.6666666666666665,3
52795,5.0,1
52796,4.0,1
52799,5.0,1
52801,4.0,1
52807,3.0,1
52808,5.0,1
52810,5.0,1
52811,5.0,1
52812,4.5,4
52817,3.0,2
52819,3.875,8
52825,5.0,1
52828,4.0,1
52832,5.0,1
52834,4.5,2
52839,5.0,1
52840,5.0,1
52844,5.0,1
52846,5.0,1
52848,5.0,1
52849,4.333333333333333,3
52852,4.0,1
52856,4.0,3
52857,4.4,5
52858,5.0,1
52864,4.0,1
52866,4.5,2
52867,4.0,1
52868,4.5,2
52874,4.0,1
52875,4.0,3
52876,5.0,1
52883,5.0,1
52886,5.0,1
52888,4.0,1
52895,4.0,1
52897,3.0,1
52900,5.0,1
52904,3.0,1
52906,5.0,1
52909,3.6666666666666665,3
52913,4.5,2
52915,4.5,4
52918,4.666666666666667,3
52919,4.5,2
52921,4.0,1
52925,5.0,4
52933,5.0,1
52936,4.0,2
52942,5.0,1
52951,4.0,1
52954,4.0,1
52956,5.0,1
52957,5.0,2
52960,4.0,1
52969,5.0,1
52970,5.0,1
52971,5.0,3
52972,4.0,1
52974,5.0,2
52976,5.0,1
52978,4.666666666666667,3
52979,4.0,1
52980,5.0,2
52981,3.0,1
52984,5.0,1
52987,5.0,1
52989,5.0,4
52990,3.0,2
52991,5.0,2
52993,2.0,1
52998,4.0,1
53002,5.0,1
53009,4.0,2
53010,1.0,1
53013,1.0,1
53019,5.0,1
53020,4.75,4
53022,4.0,1
53023,3.0,1
53026,3.5,2
53029,3.0,1
53030,4.0,1
53034,2.0,1
53035,3.0,1
53036,5.0,2
53039,2.5,2
53040,4.0,2
53041,5.0,1
53043,4.0,1
53046,4.0,1
53047,5.0,1
53049,3.0,1
53052,5.0,1
53053,3.0,1
53055,4.0,1
53056,4.5,4
53057,5.0,1
53060,2.0,1
53062,1.0,1
53064,4.0,1
53065,3.0,1
53066,5.0,2
53067,1.0,1
53068,5.0,1
53071,4.0,1
53072,3.3333333333333335,3
53074,4.0,1
53075,5.0,1
53076,4.0,1
53080,5.0,1
53081,4.0,1
53082,2.5,2
53083,5.0,1
53085,5.0,1
53094,5.0,1
53096,4.4,5
53099,4.0,1
53102,5.0,1
53105,4.0,3
53106,5.0,1
53107,3.0,1
53109,4.5,2
53113,5.0,2
53114,3.0,1
53117,3.0,2
53118,5.0,1
53119,4.0,1
53125,4.0,1
53132,3.6666666666666665,3
53133,4.8,5
53136,3.0,1
53139,4.0,1
53141,3.0,1
53147,3.8,5
53148,5.0,2
53149,3.0,1
53152,4.0,1
53156,4.0,1
53161,5.0,2
53162,5.0,1
53164,3.0,1
53166,2.0,1
53171,5.0,1
53176,5.0,1
53177,5.0,1
53181,3.7142857142857144,7
53182,3.5,2
53184,4.6,5
53188,5.0,3
53189,5.0,1
53193,4.5,2
53194,4.0,1
53197,4.0,1
53201,5.0,1
53202,5.0,2
53204,2.5,2
53207,3.0,1
53211,4.5,2
53213,5.0,1
53214,5.0,1
53215,5.0,1
53216,3.0,1
53220,4.333333333333333,3
53221,4.0,2
53226,4.0,1
53228,4.0,1
53230,2.0,1
53232,5.0,1
53234,5.0,1
53237,2.0,1
53238,3.5,2
53240,4.0,3
53243,3.0,1
53246,5.0,1
53248,4.333333333333333,3
53250,5.0,1
53251,3.0,1
53252,5.0,2
53257,4.0,4
53259,3.6666666666666665,3
53261,5.0,1
53262,4.0,1
53265,4.0,1
53266,5.0,1
53270,5.0,1
53271,5.0,1
53272,5.0,1
53280,5.0,1
53282,4.5,2
53283,3.6666666666666665,3
53286,4.0,1
53287,3.0,1
53288,3.0,1
53290,5.0,1
53298,4.0,1
53299,5.0,1
53300,3.0,1
53302,5.0,1
53303,3.5,2
53306,5.0,1
53308,5.0,1
53309,5.0,1
53310,4.333333333333333,3
53313,3.0,1
53314,5.0,1
53315,4.5,6
53317,3.0,2
53320,4.5,2
53322,2.0,1
53328,4.0,1
53332,5.0,1
53335,3.0,1
53337,5.0,2
53339,5.0,1
53348,5.0,1
53349,3.0,1
53351,4.5,2
53352,5.0,4
53355,5.0,1
53357,5.0,1
53358,1.0,1
53366,5.0,1
53368,2.0,1
53371,4.0,1
53373,5.0,1
53384,4.0,1
53385,4.666666666666667,3
53387,5.0,1
53389,5.0,1
53392,5.0,1
53395,4.0,1
53396,4.0,4
53398,4.0,1
53404,5.0,1
53405,5.0,1
53410,5.0,1
53411,4.0,1
53415,5.0,2
53420,4.0,1
53421,3.0,1
53423,5.0,1
53425,4.0,1
53426,5.0,2
53427,5.0,1
53428,2.0,1
53429,4.6,25
53431,4.0,3
53432,4.0,1
53436,5.0,1
53437,4.5,2
53441,5.0,1
53442,4.2,5
53443,5.0,1
53450,5.0,1
53459,4.0,2
53467,3.0,1
53469,3.5,2
53470,4.0,1
53473,3.0,2
53474,5.0,1
53477,5.0,2
53479,3.6666666666666665,3
53480,5.0,1
53483,5.0,1
53486,3.0,1
53487,3.0,1
53490,5.0,1
53496,5.0,1
53497,4.0,1
53498,5.0,1
53500,4.0,2
53501,4.0,1
53504,3.0,1
53509,4.0,2
53512,5.0,1
53516,3.5,2
53518,4.0,1
53521,3.0,3
53526,5.0,2
53527,5.0,1
53528,4.0,1
53532,4.5,2
53533,4.666666666666667,3
53534,5.0,1
53536,4.0,3
53538,4.0,1
53540,5.0,1
53543,4.0,2
53545,3.5,2
53550,4.0,3
53551,3.0,2
53552,1.0,1
53556,5.0,1
53561,4.0,1
53564,4.0,1
53571,2.0,1
53573,5.0,1
53574,5.0,1
53576,4.5,2
53578,5.0,1
53581,4.0,1
53583,5.0,1
53584,4.0,1
53585,5.0,1
53586,3.0,2
53591,5.0,2
53592,5.0,1
53594,5.0,1
53595,4.0,1
53599,4.0,1
53600,4.5,2
53604,4.0,3
53606,4.0,1
53607,5.0,1
53608,5.0,1
53610,4.0,1
53611,4.0,1
53623,4.0,1
53630,5.0,1
53633,4.0,2
53634,4.0,1
53636,4.5,2
53637,4.0,1
53638,4.0,1
53639,5.0,1
53642,5.0,2
53646,4.0,1
53653,4.0,1
53654,5.0,1
53656,4.0,1
53657,3.5,2
53658,4.0,3
53659,3.0,2
53660,4.0,1
53662,4.0,1
53664,4.0,2
53665,4.0,1
53667,4.0,1
53669,3.0,1
53670,5.0,1
53673,4.0,2
53676,5.0,4
53679,4.0,1
53683,4.0,1
53685,3.0,1
53687,4.0,2
53688,3.0,1
53689,3.5,2
53690,3.6666666666666665,3
53693,5.0,1
53694,3.6666666666666665,3
53699,4.0,1
53700,4.0,1
53706,4.0,1
53714,2.0,1
53715,5.0,2
53716,4.0,1
53717,2.0,2
53719,5.0,2
53720,4.0,1
53724,4.0,2
53729,5.0,1
53730,5.0,1
53734,5.0,1
53738,4.5,2
53740,5.0,1
53742,5.0,1
53743,5.0,1
53746,4.6,10
53747,5.0,1
53748,5.0,1
53750,5.0,1
53751,4.0,5
53752,5.0,1
53754,2.0,1
53755,4.0,1
53759,4.5,2
53762,2.0,1
53763,4.5,2
53764,3.0,1
53765,4.0,1
53771,4.0,1
53772,3.6,15
53773,4.0,1
53777,3.0,1
53778,5.0,1
53782,5.0,1
53785,5.0,1
53787,3.5,4
53791,5.0,3
53792,4.0,1
53795,5.0,1
53800,4.0,1
53801,5.0,1
53805,5.0,1
53808,5.0,1
53809,4.0,3
53813,5.0,2
53814,4.0,1
53815,5.0,1
53816,3.3333333333333335,3
53819,3.0,1
53820,3.0,1
53822,4.5,4
53827,5.0,1
53828,3.0,1
53829,4.5,2
53830,5.0,1
53831,3.625,8
53832,3.0,2
53833,4.666666666666667,3
53837,5.0,2
53839,5.0,2
53840,5.0,1
53841,5.0,1
53845,4.0,1
53849,4.0,1
53850,5.0,1
53851,5.0,1
53855,5.0,1
53856,5.0,1
53857,5.0,2
53858,4.0,1
53859,5.0,1
53860,3.6666666666666665,3
53863,4.0,1
53868,3.875,8
53871,2.0,1
53872,5.0,2
53875,5.0,1
53877,4.0,1
53887,4.5,2
53889,2.0,1
53890,4.666666666666667,3
53892,4.0,1
53894,2.0,1
53897,4.0,2
53900,4.0,4
53903,4.0,2
53904,4.0,1
53905,5.0,1
53908,5.0,1
53909,3.0,1
53910,4.0,1
53912,4.0,1
53919,5.0,1
53921,4.5,2
53922,5.0,2
53931,5.0,1
53932,5.0,1
53934,3.0,1
53936,5.0,1
53937,4.0,1
53938,5.0,1
53941,2.0,1
53942,5.0,1
53945,4.0,1
53948,4.5,2
53952,5.0,1
53953,3.0,1
53954,5.0,1
53956,5.0,1
53958,5.0,1
53964,4.0,1
53966,5.0,1
53968,3.5,2
53973,4.0,1
53975,3.0,1
53978,4.0,1
53981,4.0,1
53983,5.0,1
53990,3.0,1
53995,2.0,1
53996,5.0,1
53997,3.0,1
53999,4.0,1
54005,3.5,2
54006,4.0,1
54008,4.0,1
54009,2.0,1
54012,5.0,2
54013,3.0,1
54016,4.0,1
54018,5.0,1
54020,3.0,1
54024,4.5,2
54025,5.0,2
54027,4.0,2
54028,3.7142857142857144,7
54035,5.0,1
54036,4.0,1
54037,5.0,1
54038,3.6,5
54039,5.0,1
54040,5.0,1
54043,4.0,2
54044,3.0,1
54045,4.0,1
54048,4.0,5
54050,4.0,1
54051,4.0,1
54052,5.0,1
54053,5.0,1
54054,5.0,1
54055,2.0,1
54056,5.0,1
54060,4.5,2
54061,3.5,2
54062,5.0,1
54063,5.0,4
54065,2.0,1
54066,4.5,2
54071,4.0,1
54072,5.0,1
54073,4.0,1
54075,4.5,2
54078,5.0,2
54083,5.0,2
54090,5.0,1
54094,4.333333333333333,3
54095,5.0,1
54097,4.714285714285714,7
54098,4.0,1
54109,4.0,1
54110,4.75,4
54111,4.0,1
54112,4.0,2
54114,4.2,5
54118,3.0,2
54119,3.0,1
54125,2.0,2
54126,4.0,1
54128,4.0,1
54145,5.0,1
54146,3.0,1
54148,5.0,2
54150,5.0,1
54159,5.0,1
54162,5.0,1
54164,5.0,1
54165,4.666666666666667,3
54167,1.0,1
54169,4.0,1
54173,4.0,1
54176,4.0,2
54178,3.5,2
54184,3.0,1
54186,5.0,1
54188,5.0,5
54190,5.0,1
54193,3.0,2
54195,4.0,4
54197,4.0,1
54212,4.0,1
54215,3.0,1
54219,4.0,1
54220,4.0,1
54221,3.0,1
54222,5.0,1
54224,5.0,1
54227,4.0,1
54229,5.0,2
54234,5.0,1
54236,2.0,1
54237,5.0,1
54240,4.0,1
54241,4.5,2
54243,3.0,1
54244,5.0,2
54245,4.0,3
54246,5.0,1
54247,1.0,1
54250,4.5,2
54258,3.5,2
54261,1.0,1
54266,4.555555555555555,9
54270,4.0,1
54271,5.0,1
54273,4.0,1
54276,4.5,2
54278,5.0,1
54280,4.0,2
54282,5.0,2
54283,5.0,1
54284,2.0,1
54285,3.0,1
54287,5.0,1
54291,4.5,2
54292,4.0,1
54293,4.5,2
54294,3.0,1
54303,3.0,2
54306,4.0,2
54312,3.0,2
54313,4.0,1
54314,3.0,5
54316,5.0,1
54317,5.0,1
54325,5.0,1
54326,5.0,1
54327,3.0,3
54331,5.0,1
54332,5.0,1
54334,5.0,2
54335,4.0,1
54337,5.0,1
54340,4.0,2
54341,5.0,1
54345,4.0,1
54346,5.0,1
54347,3.0,1
54348,4.0,1
54349,4.0,1
54351,4.0,1
54352,4.5,4
54355,5.0,1
54356,5.0,1
54358,1.0,1
54360,5.0,1
54362,3.5,2
54364,5.0,1
54365,5.0,1
54368,4.0,1
54372,5.0,4
54373,4.0,1
54376,4.5,2
54377,5.0,2
54380,4.0,1
54386,4.0,1
54389,5.0,1
54390,5.0,1
54393,5.0,2
54394,5.0,1
54408,5.0,2
54409,4.5,2
54414,5.0,1
54417,2.0,1
54418,5.0,2
54420,4.0,1
54424,3.4,5
54428,5.0,2
54434,4.0,1
54435,4.5,2
54438,2.0,2
54439,4.0,1
54441,4.0,8
54442,3.0,2
54443,4.5,2
54446,2.0,1
54447,4.5,2
54449,5.0,1
54455,4.0,1
54456,5.0,2
54459,2.0,1
54460,3.0,1
54465,4.666666666666667,3
54468,4.0,2
54469,3.0,1
54477,4.0,1
54478,4.0,1
54479,5.0,1
54487,5.0,1
54491,5.0,1
54492,3.0,1
54493,3.0,1
54497,5.0,3
54498,3.0,1
54501,4.0,2
54502,5.0,1
54507,3.0,1
54509,4.5,4
54511,4.5,2
54512,4.0,1
54513,5.0,1
54514,2.0,1
54517,5.0,1
54520,3.0,1
54522,4.25,4
54523,4.0,1
54524,3.0,1
54525,5.0,1
54527,3.6666666666666665,3
54530,5.0,1
54536,4.0,1
54538,5.0,1
54539,5.0,1
54542,5.0,1
54544,4.0,1
54547,4.0,1
54548,4.0,1
54549,3.0,1
54550,3.857142857142857,7
54552,4.0,1
54554,5.0,1
54555,4.0,1
54556,4.0,1
54558,2.3333333333333335,3
54564,5.0,1
54565,5.0,1
54566,4.5,4
54567,5.0,1
54570,5.0,1
54573,5.0,2
54574,3.0,2
54578,2.0,1
54579,4.0,2
54581,4.0,1
54583,3.0,1
54587,4.5,4
54591,3.5,4
54593,3.0,1
54596,5.0,1
54598,5.0,1
54600,4.0,1
54603,4.0,1
54605,3.0,1
54607,5.0,1
54609,3.0,1
54612,4.0,1
54613,4.0,1
54618,1.0,1
54624,5.0,1
54627,3.5,2
54633,4.5,2
54634,5.0,1
54635,4.0,2
54636,5.0,1
54641,5.0,1
54644,4.0,2
54645,5.0,2
54651,5.0,1
54652,4.0,1
54653,1.0,1
54661,3.0,2
54662,5.0,2
54664,4.5,2
54667,4.0,1
54668,4.5,2
54669,5.0,1
54679,4.0,1
54680,5.0,1
54683,5.0,2
54689,2.0,1
54693,5.0,1
54696,4.5,2
54698,3.6666666666666665,3
54701,4.0,1
54703,5.0,3
54704,3.5,2
54709,4.666666666666667,3
54716,5.0,1
54718,3.0,1
54719,5.0,2
54720,5.0,1
54723,5.0,2
54725,5.0,1
54726,5.0,1
54728,2.0,1
54731,5.0,1
54732,5.0,1
54733,5.0,1
54735,5.0,1
54740,5.0,1
54743,5.0,1
54744,3.0,1
54746,5.0,1
54751,4.0,1
54754,4.0,1
54755,4.0,1
54758,4.0,1
54761,2.0,1
54762,3.7142857142857144,7
54763,5.0,1
54764,4.0,1
54767,3.6666666666666665,3
54770,5.0,1
54771,5.0,1
54774,5.0,1
54775,3.5,2
54776,3.0,1
54777,5.0,1
54779,5.0,1
54780,4.0,1
54781,4.6,5
54782,5.0,1
54793,4.0,1
54794,3.0,1
54796,5.0,1
54797,5.0,1
54799,4.125,8
54801,4.25,4
54802,5.0,1
54803,5.0,1
54804,5.0,1
54806,4.0,2
54809,4.666666666666667,3
54810,4.0,1
54811,2.0,1
54812,5.0,1
54813,5.0,1
54815,5.0,1
54816,3.0,11
54819,5.0,2
54820,5.0,1
54822,5.0,1
54825,3.0,1
54831,4.7,10
54832,5.0,2
54833,5.0,2
54834,4.0,1
54836,5.0,1
54837,5.0,2
54839,4.0,6
54840,3.0,2
54842,1.0,1
54843,5.0,1
54845,4.0,2
54849,4.0,1
54850,4.5,2
54851,5.0,1
54854,4.0,1
54856,5.0,1
54857,4.0,1
54858,4.4,5
54859,4.0,1
54860,5.0,1
54861,4.5,2
54862,5.0,1
54865,3.7142857142857144,14
54866,2.0,1
54867,5.0,1
54870,5.0,2
54872,5.0,1
54875,3.9,10
54876,5.0,1
54877,2.0,2
54881,4.0,1
54883,3.0,1
54884,4.0,1
54885,3.8461538461538463,13
54887,4.0,1
54888,5.0,1
54894,3.375,8
54895,2.0,2
54898,5.0,1
54901,5.0,1
54903,4.0,1
54904,5.0,1
54907,5.0,1
54908,5.0,1
54915,4.0,1
54916,3.0,1
54923,4.0,2
54924,4.5,2
54925,5.0,1
54929,4.333333333333333,3
54930,5.0,1
54933,4.0,1
54935,5.0,2
54937,5.0,1
54942,3.0,1
54943,4.0,1
54944,5.0,2
54951,5.0,2
54952,4.0,1
54954,4.0,2
54956,4.0,1
54957,4.0,2
54961,5.0,1
54962,3.6666666666666665,3
54964,4.0,1
54975,3.0,1
54978,5.0,2
54979,5.0,1
54983,4.5,2
54986,4.5,2
54987,4.0,1
54988,4.333333333333333,3
54989,4.333333333333333,3
54990,5.0,1
54992,3.0,1
54993,3.0,1
54994,5.0,3
54999,4.0,1
55003,5.0,2
55008,5.0,1
55010,5.0,1
55012,4.666666666666667,3
55014,5.0,1
55018,4.0,2
55020,5.0,1
55025,5.0,1
55031,4.0,1
55033,5.0,2
55034,5.0,1
55036,1.0,1
55042,5.0,1
55043,3.5,2
55047,4.0,1
55048,5.0,2
55049,5.0,1
55052,4.0,1
55057,4.0,2
55060,4.0,1
55063,4.0,1
55067,4.0,1
55069,4.0,2
55070,4.0,4
55072,4.0,1
55076,3.8333333333333335,6
55092,4.0,1
55094,4.5,2
55096,4.666666666666667,3
55098,3.0,1
55099,4.0,1
55102,4.0,1
55105,4.0,3
55107,3.0,1
55110,1.0,1
55111,4.0,5
55112,2.5,2
55113,2.0,1
55114,5.0,3
55117,3.5,2
55118,4.0,4
55119,5.0,1
55120,5.0,1
55124,5.0,1
55126,5.0,1
55127,5.0,1
55130,4.0,2
55131,4.333333333333333,3
55132,5.0,1
55135,4.0,2
55147,4.5,2
55152,5.0,1
55158,3.0,2
55161,3.0,1
55163,4.0,1
55166,4.0,1
55174,4.0,2
55175,3.0,1
55180,3.0,1
55181,5.0,1
55185,5.0,1
55186,5.0,1
55187,4.0,2
55188,4.0,1
55195,4.0,1
55199,5.0,1
55200,4.0,1
55201,5.0,1
55202,3.0,1
55203,5.0,1
55204,4.0,1
55205,4.0,2
55206,5.0,1
55208,3.0,1
55212,4.0,3
55213,4.0,1
55214,5.0,1
55221,3.0,2
55225,5.0,1
55226,4.0,1
55227,1.0,1
55229,4.0,1
55231,4.5,2
55235,5.0,1
55237,4.0,1
55240,4.0,1
55243,4.0,2
55244,4.5,2
55245,4.0,1
55246,4.0,1
55247,3.0,1
55260,3.0,2
55262,5.0,1
55265,4.0,1
55270,4.0,1
55271,4.0,1
55274,3.6666666666666665,3
55275,5.0,1
55277,5.0,1
55278,4.0,1
55280,5.0,1
55284,5.0,1
55287,4.5,2
55292,4.0,2
55293,5.0,1
55294,5.0,1
55297,4.0,4
55299,5.0,1
55309,4.0,1
55312,5.0,1
55313,1.8333333333333333,6
55319,5.0,1
55320,4.0,3
55325,3.0,1
55326,4.0,1
55328,4.5,2
55329,4.0,1
55330,5.0,2
55342,5.0,1
55345,5.0,1
55347,4.0,1
55348,5.0,2
55351,5.0,1
55353,4.0,1
55354,5.0,2
55357,1.0,1
55360,4.0,1
55362,3.75,8
55364,5.0,1
55366,3.0,1
55367,4.0,2
55368,4.0,1
55369,4.5,2
55375,5.0,1
55379,5.0,2
55381,2.0,1
55382,5.0,1
55386,5.0,1
55387,4.5,2
55392,5.0,1
55396,4.333333333333333,3
55401,3.0,1
55405,3.5,2
55406,5.0,1
55407,5.0,1
55408,4.0,2
55411,5.0,1
55412,4.0,1
55414,3.5,2
55418,4.0,1
55420,5.0,1
55422,4.0,1
55425,4.5,4
55429,4.666666666666667,3
55430,5.0,1
55431,5.0,1
55433,5.0,1
55434,4.0,3
55440,5.0,1
55442,4.75,4
55445,4.0,1
55446,3.3333333333333335,3
55455,4.0,1
55456,1.0,1
55463,5.0,1
55466,5.0,1
55467,5.0,1
55469,4.0,2
55470,3.8,5
55472,4.0,5
55474,5.0,1
55477,2.0,1
55478,5.0,1
55480,3.0,1
55481,4.0,1
55482,4.0,1
55483,4.333333333333333,6
55486,4.0,6
55490,5.0,1
55492,3.5,2
55496,3.0,1
55498,4.5,2
55500,4.0,3
55504,5.0,2
55506,5.0,1
55507,3.0,1
55509,4.0,1
55510,5.0,1
55512,4.0,3
55522,5.0,3
55523,4.0,1
55525,3.0,1
55527,4.0,1
55530,4.0,2
55531,4.0,2
55535,5.0,1
55536,3.0,1
55537,5.0,1
55539,4.5,2
55542,5.0,1
55544,5.0,1
55547,5.0,1
55551,3.0,1
55554,5.0,1
55557,5.0,1
55561,4.0,2
55562,4.0,1
55563,5.0,1
55566,4.0,1
55571,3.5,4
55572,5.0,1
55573,5.0,2
55575,4.0,2
55578,4.666666666666667,3
55585,5.0,1
55586,4.0,2
55587,5.0,1
55591,3.0,1
55593,4.0,1
55594,4.5,2
55595,5.0,1
55596,4.0,1
55598,4.0,2
55603,4.0,1
55609,2.0,1
55615,4.0,2
55617,4.0,1
55618,4.0,1
55623,5.0,2
55624,4.0,1
55625,5.0,1
55626,1.0,1
55636,3.0,1
55638,4.0,1
55640,4.0,2
55644,3.0,2
55651,4.0,1
55658,5.0,1
55663,4.5,2
55665,4.0,1
55669,5.0,1
55673,4.0,1
55685,3.0,2
55691,4.0,1
55692,5.0,1
55693,3.0,1
55696,4.0,1
55700,4.0,1
55701,4.0,1
55702,4.0,3
55705,4.0,2
55706,5.0,1
55708,3.0,1
55710,5.0,1
55711,4.25,4
55712,4.0,2
55715,3.6666666666666665,3
55716,4.5,2
55720,3.0,3
55722,5.0,1
55724,5.0,1
55727,5.0,1
55729,4.5,2
55731,3.0,1
55733,4.0,1
55734,4.0,2
55736,5.0,1
55739,4.0,1
55741,5.0,1
55744,4.0,1
55749,3.0,2
55750,3.0,1
55751,5.0,1
55757,5.0,1
55762,4.0,2
55766,4.0,2
55768,5.0,1
55770,5.0,1
55774,4.0,1
55780,4.0,1
55785,5.0,1
55786,4.5,2
55790,5.0,1
55792,3.0,1
55797,5.0,1
55800,5.0,1
55802,4.0,2
55803,5.0,1
55809,3.0,1
55810,3.0,1
55812,5.0,1
55813,2.0,2
55815,5.0,1
55816,5.0,1
55818,4.0,1
55820,4.0,1
55821,5.0,1
55823,4.0,1
55824,5.0,1
55829,5.0,1
55832,2.0,1
55834,5.0,1
55838,5.0,1
55841,3.0,1
55850,3.0,1
55851,5.0,1
55852,4.0,1
55854,2.0,1
55855,3.6666666666666665,3
55860,4.0,1
55864,4.0,1
55867,5.0,1
55868,4.0,1
55870,3.5,2
55871,5.0,1
55874,5.0,1
55877,5.0,2
55880,3.0,1
55881,3.0,1
55883,5.0,1
55885,5.0,1
55887,4.0,1
55888,3.0,1
55891,3.0,1
55892,5.0,1
55893,4.333333333333333,3
55895,5.0,1
55897,4.0,1
55899,5.0,1
55902,4.0,1
55903,4.0,5
55910,4.0,1
55912,5.0,1
55913,1.0,1
55918,4.0,1
55920,2.0,1
55921,5.0,1
55923,5.0,1
55926,4.0,1
55928,3.0,1
55933,5.0,1
55934,3.0,2
55936,4.0,1
55939,5.0,1
55942,5.0,1
55949,5.0,1
55955,5.0,1
55956,4.0,1
55957,4.0,1
55958,4.5,2
55959,4.5,2
55960,5.0,1
55961,3.0,2
55962,1.0,1
55963,3.6666666666666665,3
55964,5.0,1
55965,5.0,1
55966,5.0,2
55970,3.3333333333333335,3
55971,5.0,1
55973,5.0,1
55977,4.0,1
55979,3.0,1
55985,4.0,2
55989,5.0,1
55990,4.0,3
55992,4.0,1
55994,4.0,2
55995,5.0,1
56000,4.0,1
56001,5.0,1
56002,4.0,1
56004,4.0,1
56005,5.0,1
56006,5.0,2
56007,5.0,1
56010,4.0,1
56011,4.0,1
56012,5.0,1
56018,3.0,8
56019,4.0,1
56023,5.0,1
56024,4.0,1
56026,3.0,2
56031,5.0,1
56032,4.5,2
56035,5.0,1
56039,4.0,7
56045,4.0,2
56046,5.0,1
56049,4.714285714285714,7
56052,5.0,2
56053,3.6,5
56055,5.0,1
56057,4.5,4
56059,5.0,1
56061,4.0,1
56064,5.0,3
56066,5.0,1
56070,4.0,1
56072,4.0,2
56074,5.0,1
56076,5.0,1
56078,4.0,1
56079,5.0,1
56080,2.0,1
56082,2.0,1
56085,4.0,1
56089,4.0,3
56091,5.0,1
56092,5.0,1
56093,5.0,1
56094,4.0,1
56097,3.0,1
56099,5.0,2
56100,5.0,1
56102,5.0,1
56105,5.0,2
56106,3.0,3
56107,4.0,3
56109,4.0,1
56110,5.0,1
56111,4.0,3
56115,5.0,1
56119,5.0,2
56131,5.0,1
56134,3.0,1
56135,5.0,1
56142,5.0,1
56143,4.0,1
56144,4.0,1
56145,5.0,1
56152,4.0,1
56154,5.0,1
56157,5.0,1
56158,4.0,1
56159,5.0,3
56160,3.0,1
56161,4.0,1
56163,4.666666666666667,3
56169,4.0,1
56172,5.0,1
56173,2.5,2
56174,3.0,1
56179,5.0,1
56182,5.0,1
56185,4.0,2
56191,5.0,1
56194,5.0,1
56202,5.0,2
56203,4.5,2
56211,4.0,2
56215,3.0,1
56216,4.0,1
56220,5.0,1
56224,4.0,1
56226,5.0,2
56228,4.0,1
56233,5.0,1
56234,1.0,1
56235,5.0,1
56236,4.0,1
56240,4.0,1
56244,4.0,2
56245,3.0,1
56247,5.0,1
56248,5.0,2
56249,4.0,1
56251,4.0,1
56257,4.0,1
56260,2.75,4
56261,5.0,1
56262,3.0,1
56263,4.0,2
56264,5.0,1
56265,4.0,1
56266,4.0,1
56268,2.0,1
56272,5.0,1
56273,5.0,1
56274,3.75,4
56275,1.0,1
56279,1.0,1
56281,5.0,1
56286,3.0,1
56290,5.0,1
56294,5.0,1
56296,5.0,1
56298,4.285714285714286,7
56300,5.0,1
56301,4.0,1
56302,4.0,2
56304,4.0,1
56306,5.0,2
56308,4.4,5
56311,4.666666666666667,3
56315,3.0,2
56331,3.5,2
56332,5.0,1
56337,4.0,2
56338,4.666666666666667,3
56339,5.0,1
56341,5.0,1
56346,3.0,1
56347,4.0,1
56350,4.0,1
56351,5.0,1
56352,4.0,1
56353,5.0,1
56355,4.0,1
56358,4.6,5
56360,3.0,1
56361,4.0,1
56365,5.0,1
56368,5.0,1
56369,4.5,4
56370,4.0,1
56371,5.0,1
56375,4.5,2
56377,5.0,1
56379,4.0,1
56380,4.0,1
56385,4.666666666666667,3
56386,4.0,1
56392,5.0,1
56393,3.0,2
56398,4.0,1
56401,5.0,3
56404,4.0,1
56405,4.0,1
56411,5.0,1
56412,4.0,1
56415,5.0,1
56416,3.5,2
56420,5.0,1
56423,5.0,1
56424,5.0,1
56425,3.0,1
56426,5.0,1
56429,1.0,1
56430,4.0,1
56433,5.0,1
56435,4.0,1
56437,2.0,2
56439,5.0,1
56440,4.5,2
56441,5.0,1
56449,5.0,2
56454,2.6,5
56455,5.0,1
56460,5.0,1
56463,4.5,2
56466,4.0,1
56467,5.0,1
56476,5.0,2
56477,3.0,1
56482,4.0,1
56483,5.0,1
56488,5.0,1
56492,4.0,1
56497,5.0,1
56500,5.0,2
56512,4.0,1
56515,4.0,1
56516,3.3333333333333335,6
56518,4.0,1
56522,4.333333333333333,3
56525,4.0,2
56529,4.0,2
56530,4.0,1
56533,5.0,1
56536,3.5,4
56539,3.0,1
56541,5.0,1
56543,4.0,1
56545,4.5,2
56546,4.0,1
56551,5.0,1
56557,5.0,1
56560,3.0,1
56561,3.5,2
56563,2.75,4
56564,5.0,2
56570,5.0,1
56572,4.0,2
56573,5.0,1
56579,5.0,1
56580,4.0,1
56582,4.0,1
56590,5.0,1
56591,4.0,1
56592,5.0,1
56593,4.0,3
56598,4.0,2
56600,4.0,1
56603,3.0,1
56605,3.0,1
56606,4.0,1
56608,5.0,1
56610,4.0,1
56612,4.0,1
56614,5.0,1
56616,4.0,1
56618,5.0,3
56619,5.0,2
56622,3.6666666666666665,3
56625,3.0,1
56629,5.0,1
56632,4.0,1
56633,5.0,1
56635,4.0,1
56636,4.0,2
56637,4.0,1
56638,5.0,2
56643,5.0,1
56644,4.0,1
56645,3.6666666666666665,3
56646,4.0,1
56650,4.5,2
56655,3.75,4
56662,4.0,1
56664,5.0,1
56666,2.0,1
56673,5.0,1
56680,4.0,3
56681,5.0,1
56682,4.0,1
56683,4.0,1
56684,4.75,4
56686,5.0,1
56688,4.0,1
56690,1.0,1
56691,4.0,1
56693,4.333333333333333,3
56698,5.0,1
56699,3.0,1
56700,4.0,1
56702,5.0,1
56710,5.0,1
56711,4.0,1
56712,5.0,1
56713,4.0,2
56714,5.0,1
56719,5.0,1
56720,5.0,1
56721,3.0,1
56722,3.0,2
56725,4.0,1
56726,5.0,1
56728,4.0,1
56730,5.0,1
56735,5.0,1
56740,5.0,1
56741,4.0,1
56742,5.0,1
56744,5.0,1
56750,4.0,1
56751,5.0,1
56752,5.0,3
56755,2.0,1
56759,4.0,1
56763,5.0,2
56764,5.0,1
56765,5.0,1
56768,5.0,1
56771,4.0,2
56772,5.0,1
56775,5.0,1
56777,5.0,2
56778,4.0,1
56781,4.0,1
56783,4.0,1
56785,5.0,1
56787,5.0,2
56789,5.0,1
56791,5.0,1
56794,5.0,1
56796,5.0,1
56797,5.0,1
56798,4.0,1
56804,5.0,1
56808,3.0,1
56809,5.0,1
56810,5.0,1
56812,3.6666666666666665,3
56815,5.0,1
56816,3.5,2
56818,5.0,1
56820,3.0,1
56821,5.0,1
56823,4.0,1
56824,5.0,2
56826,5.0,1
56828,4.0,1
56830,5.0,1
56833,2.0,1
56841,1.0,2
56842,4.0,1
56843,4.0,1
56845,4.0,1
56848,5.0,1
56849,4.0,1
56853,4.0,2
56854,5.0,1
56857,4.666666666666667,3
56862,3.0,1
56866,2.8,5
56867,4.333333333333333,3
56870,4.0,1
56871,4.0,2
56875,4.0,1
56876,4.0,1
56877,5.0,1
56879,4.0,1
56882,5.0,1
56886,3.0,1
56892,5.0,1
56894,4.090909090909091,11
56898,5.0,1
56899,5.0,2
56900,2.0,2
56901,4.333333333333333,3
56902,3.0,1
56904,5.0,1
56905,5.0,1
56910,4.0,1
56911,4.5,2
56915,3.6666666666666665,3
56916,4.0,1
56917,5.0,1
56920,3.6666666666666665,9
56924,4.0,1
56925,4.0,1
56926,5.0,1
56929,3.0,2
56931,5.0,1
56932,5.0,1
56936,5.0,1
56937,3.0,1
56938,3.8461538461538463,13
56939,1.0,1
56942,5.0,1
56945,5.0,1
56946,3.0,1
56948,3.3333333333333335,3
56949,4.0,1
56950,3.0,1
56951,4.0,1
56957,5.0,1
56959,1.0,1
56960,4.5,2
56964,5.0,1
56968,5.0,2
56972,4.666666666666667,3
56974,4.0,2
56975,4.5,2
56977,3.0,1
56983,4.0,2
56986,2.0,1
56993,5.0,1
56999,5.0,1
57000,4.0,1
57001,3.0,2
57002,5.0,1
57003,5.0,1
57004,5.0,1
57005,4.0,1
57006,5.0,1
57008,5.0,1
57009,5.0,1
57010,5.0,1
57012,5.0,1
57016,4.083333333333333,12
57017,4.0,1
57021,3.0,1
57024,5.0,1
57028,3.0,6
57030,5.0,3
57031,4.0,5
57037,4.0,1
57042,2.0,1
57045,4.0,2
57049,4.5,4
57051,4.0,1
57052,4.714285714285714,7
57053,5.0,1
57064,2.0,1
57070,4.0,1
57071,5.0,1
57072,5.0,1
57075,5.0,1
57078,5.0,1
57079,4.0,1
57082,5.0,1
57085,3.0,1
57086,4.0,1
57088,3.0,1
57089,4.0,1
57102,4.0,1
57105,4.0,1
57106,5.0,1
57107,5.0,1
57108,5.0,1
57111,5.0,1
57121,5.0,1
57123,5.0,1
57127,4.0,3
57130,4.333333333333333,3
57131,4.0,2
57139,5.0,2
57140,4.0,1
57150,5.0,1
57153,3.0,1
57158,5.0,1
57159,5.0,1
57162,3.5,2
57165,3.0,1
57167,5.0,1
57171,2.0,1
57179,5.0,1
57182,4.0,1
57185,2.0,1
57188,5.0,1
57191,4.5,2
57194,5.0,1
57196,5.0,2
57197,5.0,2
57200,4.0,1
57203,4.0,1
57207,4.0,1
57209,4.0,1
57211,3.3333333333333335,3
57214,3.0,2
57218,3.5,2
57220,2.5,2
57229,4.0,1
57230,5.0,1
57233,4.0,1
57235,2.6666666666666665,3
57236,4.0,3
57238,5.0,1
57241,4.4,5
57242,5.0,1
57244,4.0,1
57245,3.5,2
57247,3.0,1
57257,4.0,3
57258,4.666666666666667,3
57259,4.0,1
57268,5.0,1
57269,3.5,2
57270,3.0,1
57272,5.0,1
57273,4.0,1
57274,5.0,1
57275,4.0,1
57276,4.0,1
57277,3.6666666666666665,3
57278,5.0,1
57282,2.5,6
57285,4.5,4
57289,4.0,1
57290,4.818181818181818,11
57292,4.5,6
57294,5.0,1
57296,5.0,1
57297,4.5,2
57298,4.5,2
57299,4.0,1
57300,3.0,1
57303,4.0,1
57304,5.0,2
57307,2.0,2
57309,5.0,2
57310,5.0,2
57316,5.0,1
57317,5.0,6
57318,4.0,1
57320,5.0,1
57321,3.0,1
57327,4.0,1
57329,4.0,1
57330,4.0,1
57333,3.0,1
57334,3.0,1
57337,5.0,2
57339,5.0,1
57340,5.0,1
57343,4.5,2
57346,5.0,1
57347,5.0,1
57349,5.0,2
57355,5.0,1
57356,1.0,1
57358,4.0,2
57360,4.0,2
57361,4.5,2
57363,4.0,1
57365,4.0,1
57366,4.0,2
57368,4.0,1
57370,4.0,2
57371,4.333333333333333,3
57374,4.0,1
57378,4.5,2
57380,5.0,1
57383,4.25,12
57384,4.0,1
57385,4.0,1
57394,4.0,1
57396,3.5,2
57397,2.0,1
57398,5.0,1
57400,3.0,1
57402,5.0,1
57406,3.0,1
57407,2.0,1
57408,4.0,2
57409,5.0,1
57415,5.0,2
57418,5.0,1
57419,4.0,1
57423,5.0,1
57424,3.0,1
57425,4.0,2
57426,4.0,1
57428,4.0,2
57429,5.0,2
57431,3.0,2
57432,3.5,2
57438,4.0,1
57439,5.0,2
57441,3.5,2
57442,5.0,1
57444,3.0,1
57446,5.0,1
57448,4.0,1
57450,3.3333333333333335,3
57456,4.0,1
57457,3.0,1
57458,5.0,1
57460,4.0,1
57461,5.0,2
57462,4.0,3
57463,5.0,1
57464,5.0,5
57467,3.0,1
57469,4.0,1
57471,5.0,1
57478,4.0,1
57479,5.0,1
57483,5.0,2
57484,4.5,2
57488,5.0,2
57489,5.0,1
57492,5.0,1
57493,5.0,2
57498,5.0,1
57502,5.0,2
57503,3.6666666666666665,3
57511,5.0,1
57513,5.0,1
57515,4.0,1
57521,4.0,1
57522,4.666666666666667,3
57525,5.0,3
57530,3.0,1
57536,4.0,1
57537,4.0,1
57538,5.0,1
57540,2.0,1
57542,4.0,2
57543,4.5,2
57548,3.3333333333333335,3
57549,4.0,2
57551,3.0,1
57556,4.2,5
57557,4.0,1
57561,5.0,1
57563,4.0,1
57564,5.0,1
57567,4.0,1
57571,4.5,2
57573,3.25,4
57578,3.0,1
57579,5.0,1
57581,4.0,2
57585,5.0,1
57586,5.0,1
57589,3.5,2
57590,5.0,1
57592,3.0,1
57593,3.75,4
57594,5.0,1
57600,3.0,1
57603,1.0,1
57607,3.0,2
57609,5.0,2
57614,5.0,1
57615,4.0,1
57616,3.0,1
57617,3.0,1
57618,5.0,1
57619,4.25,4
57628,4.0,1
57631,5.0,1
57633,4.25,4
57635,5.0,1
57640,5.0,1
57645,5.0,1
57648,5.0,1
57649,3.6666666666666665,3
57650,5.0,1
57660,5.0,1
57662,5.0,1
57666,4.0,1
57672,4.0,1
57675,4.0,1
57685,5.0,1
57687,3.0,1
57688,5.0,2
57689,5.0,1
57690,5.0,2
57691,5.0,1
57694,5.0,1
57697,3.0,1
57698,3.0,1
57700,5.0,1
57701,4.0,1
57709,5.0,1
57710,5.0,1
57715,3.5,2
57716,3.0,2
57718,5.0,1
57721,4.0,1
57723,5.0,1
57727,2.0,1
57728,3.5,2
57729,4.0,1
57733,3.3333333333333335,3
57734,4.0,2
57739,4.333333333333333,3
57741,4.0,1
57745,4.25,4
57751,3.0,1
57752,4.0,1
57756,5.0,1
57757,4.666666666666667,6
57758,5.0,1
57760,5.0,1
57761,4.75,4
57764,4.0,1
57767,4.0,1
57769,3.6666666666666665,3
57770,4.666666666666667,3
57775,3.0,1
57777,3.0,1
57779,4.0,1
57781,5.0,1
57782,5.0,1
57788,4.0,2
57789,4.0,1
57791,5.0,1
57792,5.0,2
57793,3.6666666666666665,3
57795,4.0,1
57796,4.0,1
57801,4.0,1
57807,5.0,3
57808,5.0,1
57811,5.0,2
57812,4.0,1
57814,4.333333333333333,3
57815,5.0,1
57816,4.0,1
57826,4.0,2
57827,1.0,1
57828,3.0,1
57831,5.0,1
57832,5.0,1
57834,5.0,1
57835,5.0,1
57837,5.0,1
57840,5.0,1
57841,5.0,1
57842,4.5,2
57843,5.0,1
57845,5.0,2
57846,5.0,1
57847,5.0,2
57848,4.75,4
57850,5.0,1
57851,4.0,1
57852,5.0,1
57856,5.0,1
57857,4.0,2
57863,4.25,4
57865,5.0,2
57870,4.571428571428571,7
57871,2.0,1
57876,2.0,2
57879,5.0,2
57881,4.0,1
57882,5.0,1
57884,5.0,1
57885,5.0,1
57888,5.0,1
57889,5.0,1
57891,5.0,1
57892,4.0,1
57893,4.0,1
57895,4.0,1
57896,4.0,2
57897,4.0,1
57898,4.5,2
57899,4.0,1
57903,3.0,1
57907,5.0,1
57910,4.0,1
57913,4.0,1
57915,5.0,1
57917,5.0,1
57918,2.0,4
57922,5.0,1
57923,5.0,1
57924,3.0,3
57927,3.0,1
57928,5.0,2
57929,4.5,2
57930,3.5,2
57936,5.0,1
57937,4.0,1
57938,5.0,1
57949,5.0,3
57950,4.0,1
57952,5.0,2
57954,5.0,1
57960,5.0,2
57963,5.0,2
57965,4.0,1
57971,5.0,1
57972,5.0,2
57981,3.0,1
57983,1.0,1
57984,4.0,1
57985,5.0,3
57986,5.0,1
57988,5.0,1
57990,3.0,1
57991,4.0,1
57992,5.0,1
57996,4.0,1
58001,4.0,1
58003,5.0,1
58004,3.0,3
58005,4.0,2
58009,5.0,1
58011,4.0,2
58012,3.0,1
58013,3.3333333333333335,3
58015,4.0,1
58017,5.0,1
58021,3.0,1
58023,5.0,1
58024,5.0,1
58025,4.0,1
58028,5.0,1
58031,5.0,1
58033,5.0,1
58037,5.0,1
58040,2.0,1
58044,4.0,2
58045,5.0,1
58046,4.5,2
58047,5.0,1
58048,1.0,1
58051,3.0,1
58057,5.0,1
58060,5.0,1
58063,4.0,1
58065,5.0,1
58067,5.0,1
58069,4.0,1
58074,3.0,4
58075,5.0,1
58079,3.0,1
58082,3.5,2
58087,2.0,1
58088,4.0,1
58095,5.0,1
58096,4.0,1
58097,4.5,2
58098,1.0,1
58099,3.0,1
58100,4.5,2
58101,5.0,1
58102,3.6666666666666665,6
58104,4.0,1
58105,5.0,1
58106,5.0,1
58107,5.0,1
58110,3.0,1
58111,5.0,2
58113,4.0,1
58114,1.0,1
58115,5.0,1
58116,1.0,1
58117,5.0,1
58118,4.0,1
58119,5.0,1
58121,5.0,1
58123,3.0,2
58126,5.0,2
58129,5.0,1
58136,5.0,1
58139,5.0,1
58140,5.0,1
58141,5.0,3
58142,4.0,5
58149,5.0,1
58150,3.0,2
58155,3.0,1
58156,4.0,1
58159,5.0,1
58163,3.0,1
58164,5.0,1
58165,5.0,1
58166,5.0,1
58169,5.0,1
58172,5.0,1
58174,5.0,1
58176,5.0,1
58177,4.0,3
58178,3.0,2
58179,5.0,1
58181,4.0,1
58182,5.0,1
58186,5.0,1
58187,4.0,1
58192,4.0,1
58194,5.0,1
58195,5.0,2
58197,3.0,2
58198,5.0,1
58207,5.0,1
58208,4.5,2
58217,5.0,1
58221,5.0,1
58222,3.0,1
58223,4.0,1
58224,4.5,2
58225,5.0,1
58227,4.0,1
58230,5.0,1
58233,3.0,2
58235,5.0,1
58236,5.0,1
58237,4.5,2
58238,3.0,1
58239,1.0,1
58243,5.0,1
58244,5.0,1
58245,3.0,1
58254,5.0,1
58256,3.5,2
58259,4.333333333333333,3
58260,4.333333333333333,3
58262,1.0,1
58264,5.0,1
58269,4.5,2
58272,4.0,1
58273,5.0,1
58277,5.0,6
58278,5.0,1
58281,2.0,1
58282,4.0,2
58285,5.0,2
58289,5.0,1
58290,4.5,2
58291,4.5,2
58294,4.5,2
58302,5.0,2
58304,4.0,1
58309,4.0,2
58317,5.0,1
58318,4.0,1
58320,4.666666666666667,6
58322,4.5,2
58328,5.0,1
58329,5.0,1
58332,3.6666666666666665,3
58333,5.0,1
58334,5.0,1
58342,4.0,2
58346,3.0,1
58348,5.0,1
58349,4.5,2
58350,5.0,2
58351,4.0,1
58352,3.8,5
58354,5.0,1
58361,5.0,1
58366,4.0,1
58368,3.0,1
58369,4.0,2
58373,5.0,1
58374,4.888888888888889,9
58377,5.0,1
58378,2.6666666666666665,3
58379,3.0,1
58386,5.0,1
58389,2.0,1
58394,3.4,5
58395,5.0,1
58396,5.0,2
58397,5.0,2
58398,5.0,1
58404,1.0,1
58405,1.0,1
58408,5.0,1
58411,4.0,1
58414,5.0,1
58417,5.0,1
58419,5.0,1
58426,5.0,1
58427,3.0,1
58429,4.0,1
58431,4.0,1
58434,4.333333333333333,3
58437,2.0,1
58439,3.0,1
58441,5.0,1
58442,4.0,1
58443,4.0,1
58445,4.0,1
58446,3.0,2
58448,4.0,2
58452,3.3333333333333335,3
58454,4.0,1
58459,4.0,1
58461,4.0,2
58462,5.0,1
58466,2.0,1
58467,5.0,1
58468,5.0,1
58470,5.0,1
58475,5.0,1
58477,5.0,1
58482,4.5,2
58484,1.0,1
58488,5.0,1
58490,3.5,2
58492,3.0,1
58493,4.0,1
58494,4.0,1
58495,4.0,1
58498,4.5,2
58500,5.0,1
58505,5.0,1
58508,4.666666666666667,3
58509,5.0,1
58510,4.5,2
58512,5.0,1
58516,5.0,1
58523,5.0,1
58525,4.0,2
58526,5.0,2
58527,4.333333333333333,3
58529,3.5,2
58531,3.3333333333333335,3
58532,5.0,1
58538,4.0,1
58543,4.0,1
58545,3.5,2
58547,1.0,1
58549,3.0,1
58550,4.0,1
58551,4.0,5
58552,4.2,5
58553,3.0,3
58555,4.5,2
58565,3.0,1
58566,5.0,2
58569,5.0,1
58572,5.0,1
58575,5.0,1
58578,1.0,1
58580,3.0,1
58583,3.6666666666666665,3
58584,4.0,2
58585,3.5,2
58587,5.0,1
58588,5.0,1
58591,5.0,2
58593,3.0,1
58596,3.5,2
58597,4.5,2
58601,4.0,1
58607,3.0,1
58610,4.5,2
58614,4.0,1
58616,5.0,1
58619,4.0,1
58626,4.0,1
58627,5.0,1
58628,3.0,1
58629,5.0,1
58631,5.0,1
58632,3.5,2
58637,3.857142857142857,7
58640,3.0,1
58642,4.5,2
58644,5.0,1
58645,4.0,1
58647,4.0,1
58649,4.5,2
58650,4.0,1
58653,5.0,1
58655,4.0,2
58656,5.0,1
58657,3.0,1
58659,4.0,2
58662,2.5,2
58664,3.0,1
58666,2.0,1
58668,5.0,2
58669,5.0,1
58671,3.5,2
58672,5.0,1
58673,4.6,5
58674,3.0,1
58681,5.0,1
58683,4.0,2
58684,5.0,2
58686,3.0,1
58690,4.0,1
58691,4.2,15
58693,4.0,2
58696,4.0,1
58697,5.0,1
58699,3.0,1
58700,5.0,1
58701,5.0,1
58705,4.0,1
58711,4.5,2
58713,4.0,1
58714,5.0,1
58716,3.0,1
58720,4.5,2
58721,3.5,2
58722,3.0,1
58724,4.0,1
58725,4.0,1
58727,5.0,1
58730,5.0,1
58734,3.0,3
58739,3.0,1
58740,2.5,2
58743,4.0,1
58744,4.0,1
58747,4.0,2
58750,5.0,1
58753,4.0,1
58754,5.0,1
58760,4.0,2
58764,5.0,1
58768,5.0,1
58769,5.0,1
58772,5.0,1
58773,5.0,1
58774,4.25,4
58777,5.0,1
58778,5.0,1
58780,4.0,3
58781,5.0,1
58782,4.0,1
58783,4.0,2
58789,3.0,1
58794,3.0,1
58795,4.8,5
58796,4.0,1
58797,4.333333333333333,3
58804,5.0,1
58807,4.0,1
58809,3.5,2
58815,3.5714285714285716,7
58816,5.0,1
58817,5.0,1
58824,5.0,1
58825,5.0,2
58826,4.0,1
58827,5.0,1
58828,2.0,2
58829,5.0,1
58831,2.0,1
58833,4.0,1
58838,4.0,1
58841,5.0,1
58842,2.0,1
58843,3.5,2
58845,4.0,2
58846,5.0,1
58848,4.0,1
58850,5.0,1
58852,4.0,1
58854,4.0,1
58855,4.0,1
58861,4.0,1
58862,3.0,1
58865,5.0,1
58866,4.0,2
58867,4.0,1
58868,4.0,1
58874,5.0,1
58878,4.5,2
58880,3.5,2
58881,5.0,1
58886,5.0,1
58888,3.1666666666666665,6
58889,5.0,2
58891,1.0,1
58896,4.0,1
58898,3.0,1
58899,3.8,5
58900,5.0,1
58901,4.0,1
58903,4.0,1
58904,1.0,1
58908,5.0,1
58909,4.0,1
58911,4.0,1
58913,5.0,1
58917,4.0,1
58919,4.0,2
58920,2.75,4
58921,5.0,1
58922,5.0,1
58924,4.0,2
58927,5.0,2
58931,5.0,1
58932,5.0,2
58938,3.0,2
58940,4.0,1
58941,5.0,1
58942,5.0,1
58947,5.0,1
58950,4.0,1
58951,4.0,1
58952,5.0,1
58953,4.0,1
58960,5.0,1
58962,4.0,1
58963,5.0,1
58965,5.0,2
58966,5.0,1
58967,4.0,1
58969,4.0,1
58971,4.0,2
58975,3.0,1
58976,5.0,1
58980,4.0,1
58982,5.0,1
58984,5.0,1
58985,4.285714285714286,7
58986,4.0,1
58988,4.0,1
58990,5.0,1
58993,5.0,1
58994,3.0,1
58995,5.0,2
58996,4.0,2
58999,4.0,1
59001,5.0,1
59003,5.0,2
59004,3.5,2
59008,4.0,2
59009,4.0,1
59015,4.0,1
59019,5.0,1
59024,3.6666666666666665,3
59026,4.0,2
59030,5.0,1
59033,3.0,1
59034,3.0,1
59037,3.0,1
59044,5.0,1
59045,4.0,1
59046,5.0,1
59048,5.0,1
59055,3.0,1
59057,5.0,1
59058,5.0,1
59059,5.0,1
59060,2.0,1
59062,5.0,1
59063,4.0,1
59065,5.0,1
59066,5.0,1
59067,3.0,1
59069,4.0,1
59074,3.0,1
59076,3.0,1
59078,3.0,1
59079,3.3333333333333335,3
59080,3.0,1
59081,4.0,1
59082,4.0,1
59084,4.333333333333333,3
59085,5.0,1
59087,5.0,1
59089,5.0,1
59090,5.0,1
59093,4.5,2
59096,4.5,2
59099,5.0,2
59101,4.0,1
59102,3.5,2
59103,4.125,8
59107,5.0,1
59111,5.0,1
59115,4.5,2
59117,1.0,1
59118,4.666666666666667,3
59119,3.0,1
59122,5.0,1
59125,5.0,1
59130,4.0,1
59132,5.0,1
59134,5.0,1
59135,4.666666666666667,3
59137,5.0,1
59138,4.0,1
59139,5.0,1
59146,1.0,1
59148,4.0,1
59149,5.0,1
59152,5.0,1
59154,3.0,1
59159,5.0,4
59165,4.333333333333333,3
59171,3.0,1
59172,4.0,1
59173,4.0,1
59174,5.0,1
59177,5.0,1
59178,4.75,4
59179,5.0,1
59180,4.0,1
59181,5.0,1
59182,5.0,1
59188,4.0,2
59190,4.0,1
59191,4.0,1
59192,4.0,1
59193,3.0,1
59196,4.0,1
59197,4.0,1
59198,4.0,2
59202,4.0,1
59203,5.0,1
59207,2.5,2
59208,5.0,1
59213,4.0,1
59214,5.0,3
59215,4.0,1
59217,5.0,1
59224,5.0,1
59225,5.0,1
59229,4.0,1
59230,5.0,1
59231,5.0,1
59234,4.0,1
59235,4.0,1
59236,4.0,1
59237,5.0,1
59238,5.0,1
59241,3.75,4
59242,5.0,1
59244,4.333333333333333,3
59247,4.0,1
59249,4.5,2
59252,4.0,1
59254,4.0,2
59258,5.0,1
59259,4.0,1
59260,5.0,1
59261,3.0,1
59262,4.0,1
59264,5.0,1
59265,5.0,1
59267,3.0,1
59268,3.0,1
59269,5.0,1
59271,5.0,1
59275,4.0,1
59276,4.0,1
59277,3.0,1
59279,4.0,1
59281,3.0,1
59285,4.0,1
59287,3.1666666666666665,6
59288,4.0,1
59289,4.0,1
59291,5.0,1
59292,4.0,1
59293,5.0,1
59297,5.0,1
59305,5.0,1
59309,4.0,1
59310,5.0,1
59312,4.0,1
59315,4.0,1
59317,5.0,1
59319,4.0,1
59320,4.0,1
59322,3.5,2
59324,5.0,1
59325,3.0,1
59326,5.0,1
59327,5.0,1
59328,4.0,1
59330,5.0,4
59332,5.0,1
59334,5.0,1
59336,5.0,1
59340,3.0,1
59343,3.0,1
59349,5.0,1
59350,3.75,4
59353,4.333333333333333,3
59355,5.0,2
59356,5.0,1
59357,5.0,1
59358,4.0,1
59359,5.0,1
59360,5.0,1
59364,4.0,2
59369,3.5,4
59371,5.0,2
59372,4.75,4
59373,4.0,2
59374,3.0,1
59375,4.0,1
59377,3.0,1
59378,4.0,2
59379,4.0,1
59380,5.0,1
59388,5.0,2
59389,3.5,2
59390,4.0,2
59394,4.333333333333333,3
59395,4.0,1
59396,4.0,1
59397,5.0,1
59398,4.5,4
59400,2.0,1
59401,1.0,1
59407,4.0,1
59408,1.0,1
59409,4.0,2
59410,3.0,3
59411,5.0,1
59417,4.75,4
59420,5.0,1
59424,5.0,2
59425,4.0,1
59428,5.0,1
59430,5.0,2
59436,4.0,1
59441,4.0,1
59442,4.0,1
59448,3.0,1
59453,4.0,1
59454,5.0,1
59458,5.0,1
59459,2.0,1
59460,5.0,2
59461,5.0,1
59463,5.0,1
59464,4.0,1
59466,3.0,1
59468,4.0,1
59469,3.0,1
59472,4.0,2
59479,4.0,3
59480,4.0,1
59481,3.0,1
59482,5.0,1
59485,5.0,1
59486,4.0,1
59487,3.25,4
59489,4.0,1
59491,4.5,2
59493,5.0,1
59498,3.5,2
59499,4.0,1
59500,4.0,1
59504,5.0,1
59507,5.0,1
59511,3.0,1
59513,5.0,1
59514,4.0,2
59515,5.0,1
59516,5.0,1
59517,4.0,2
59523,4.0,2
59524,4.666666666666667,3
59527,4.0,3
59531,5.0,1
59532,4.0,1
59534,5.0,1
59538,4.0,1
59540,4.0,3
59541,5.0,2
59542,4.8,5
59543,1.0,1
59544,3.0,1
59547,4.0,2
59549,3.0,2
59550,4.0,1
59551,4.0,1
59554,4.6,5
59557,3.2857142857142856,7
59558,4.0,1
59561,3.0,2
59562,5.0,1
59563,3.0,1
59567,3.0,1
59572,5.0,1
59575,4.0,1
59576,5.0,1
59578,5.0,1
59579,5.0,1
59585,5.0,1
59592,4.2,5
59594,3.75,4
59598,5.0,1
59600,5.0,1
59603,4.0,1
59604,4.0,1
59605,5.0,2
59611,2.0,3
59613,4.0,1
59615,2.6666666666666665,3
59616,5.0,1
59617,3.5,2
59619,3.0,1
59620,5.0,1
59622,4.0,1
59629,4.0,1
59634,4.0,1
59638,2.0,1
59639,5.0,1
59640,5.0,1
59641,5.0,2
59643,4.0,2
59648,4.0,1
59651,3.0,1
59659,5.0,1
59662,5.0,1
59663,3.3333333333333335,3
59666,5.0,1
59667,5.0,1
59669,5.0,1
59670,5.0,2
59672,5.0,1
59675,4.0,1
59678,5.0,1
59679,3.0,2
59681,5.0,1
59685,5.0,1
59687,4.0,1
59690,3.0,1
59692,5.0,1
59693,5.0,1
59694,5.0,1
59696,4.0,9
59699,5.0,1
59703,4.0,1
59705,5.0,2
59710,5.0,1
59711,3.0,1
59712,2.6666666666666665,3
59717,5.0,1
59719,5.0,1
59720,4.0,1
59725,4.0,1
59728,5.0,1
59735,2.0,1
59740,4.0,1
59742,4.25,4
59746,4.666666666666667,3
59747,5.0,1
59751,3.0,1
59752,3.0,1
59757,4.4,5
59759,4.0,1
59766,4.0,2
59770,3.5,2
59773,4.0,1
59774,3.6666666666666665,3
59776,4.5,2
59779,5.0,1
59782,4.083333333333333,12
59784,5.0,1
59785,3.5,2
59788,5.0,1
59789,5.0,1
59790,5.0,1
59791,5.0,1
59795,2.0,1
59796,4.0,1
59798,5.0,1
59800,4.0,1
59801,4.0,1
59802,4.571428571428571,7
59805,5.0,2
59806,5.0,4
59808,5.0,2
59809,4.0,4
59810,4.0,1
59811,5.0,2
59812,2.0,1
59815,4.666666666666667,3
59818,4.0,2
59819,4.0,1
59821,4.0,1
59822,4.5,2
59825,3.5,2
59827,5.0,1
59828,5.0,1
59829,5.0,1
59830,3.5,2
59832,5.0,2
59833,4.0,1
59834,5.0,1
59837,4.333333333333333,3
59840,5.0,2
59841,3.0,1
59842,3.0,1
59844,1.0,1
59845,4.333333333333333,3
59846,4.6,5
59847,2.0,1
59849,3.0,4
59851,4.0,1
59860,3.0,1
59861,4.0,1
59862,4.0,1
59863,4.0,1
59864,4.0,1
59865,5.0,1
59868,5.0,1
59869,4.5,2
59870,5.0,1
59872,5.0,1
59874,1.0,1
59875,5.0,1
59876,4.0,2
59881,4.5,2
59882,4.0,1
59886,4.0,2
59887,5.0,1
59889,4.0,1
59890,5.0,2
59892,5.0,1
59896,5.0,2
59901,5.0,1
59904,5.0,1
59905,4.5,2
59913,5.0,1
59914,5.0,1
59918,3.0,1
59925,5.0,1
59931,4.0,3
59932,3.0,1
59934,5.0,6
59938,4.0,1
59939,5.0,1
59941,4.0,1
59943,5.0,2
59950,4.0,1
59951,4.0,1
59953,5.0,1
59957,5.0,1
59961,4.0,1
59962,5.0,1
59963,5.0,1
59967,5.0,1
59968,4.0,1
59973,5.0,1
59976,5.0,1
59977,5.0,1
59980,5.0,3
59983,3.0,1
59985,2.5,2
59987,5.0,1
59988,3.0,5
59993,3.0,1
59998,5.0,2
60005,3.0,1
60007,5.0,1
60010,5.0,1
60012,4.0,1
60014,5.0,2
60015,4.0,1
60026,3.5,2
60027,4.0,1
60031,4.0,1
60033,4.0,1
60034,3.25,4
60037,4.25,4
60046,3.6666666666666665,3
60047,4.0,1
60048,4.0,1
60049,5.0,1
60050,4.0,1
60051,5.0,1
60052,4.0,1
60055,2.0,1
60058,4.0,2
60059,5.0,1
60064,5.0,1
60065,5.0,2
60070,4.0,2
60071,4.5,4
60074,5.0,1
60075,3.0,2
60076,4.0,1
60082,3.5,2
60086,4.5,2
60088,5.0,1
60091,4.0,2
60095,1.0,1
60099,5.0,1
60103,5.0,1
60106,4.0,1
60110,5.0,2
60111,4.0,1
60113,1.0,1
60114,5.0,3
60115,5.0,1
60128,3.0,1
60132,5.0,1
60139,5.0,1
60140,3.0,1
60141,5.0,1
60144,5.0,1
60145,5.0,1
60150,4.0,1
60151,4.0,1
60153,3.0,1
60156,5.0,1
60159,2.0,1
60160,3.0,1
60162,4.0,1
60163,5.0,1
60168,4.0,2
60170,5.0,1
60172,4.0,1
60174,5.0,1
60175,4.0,1
60176,4.0,1
60177,4.0,1
60178,3.0,1
60179,5.0,2
60180,4.0,1
60182,5.0,1
60183,5.0,2
60191,5.0,2
60192,5.0,1
60196,5.0,1
60201,4.0,1
60203,5.0,1
60209,5.0,1
60210,3.0,1
60212,4.0,2
60213,3.0,1
60220,3.0,1
60222,4.0,2
60227,4.0,2
60231,5.0,1
60233,4.0,1
60244,4.0,1
60245,3.0,1
60246,5.0,1
60252,5.0,1
60255,5.0,1
60257,5.0,2
60259,5.0,1
60265,3.0,1
60266,5.0,1
60268,4.0,1
60270,5.0,1
60278,4.0,1
60279,4.0,1
60280,5.0,1
60281,3.6666666666666665,3
60284,5.0,2
60285,5.0,1
60286,4.0,2
60287,5.0,2
60290,4.0,2
60293,5.0,5
60295,5.0,2
60299,5.0,1
60300,3.5,2
60301,5.0,1
60308,5.0,1
60310,5.0,1
60314,5.0,1
60315,5.0,3
60317,4.5,2
60318,3.0,1
60320,1.0,1
60321,3.0,1
60323,4.5,2
60324,5.0,1
60328,5.0,1
60329,5.0,1
60331,5.0,1
60333,3.0,1
60336,4.666666666666667,3
60338,5.0,1
60339,4.5,2
60343,5.0,1
60344,4.0,4
60346,3.0,3
60348,5.0,1
60352,4.0,1
60357,5.0,1
60358,5.0,1
60360,4.0,1
60361,5.0,1
60362,5.0,1
60363,4.6,5
60364,4.0,1
60367,5.0,1
60371,3.875,8
60374,5.0,1
60375,3.0,1
60376,5.0,1
60377,4.0,1
60379,5.0,1
60381,4.0,2
60383,5.0,1
60385,5.0,1
60386,4.0,1
60387,4.5,2
60388,5.0,1
60393,5.0,1
60398,5.0,1
60400,5.0,2
60403,1.0,1
60404,3.5,2
60406,4.0,1
60407,5.0,1
60409,5.0,1
60411,5.0,1
60412,4.5,4
60413,5.0,1
60418,3.0,1
60421,3.0,2
60422,4.666666666666667,3
60425,4.75,4
60428,5.0,1
60430,5.0,1
60432,3.0,1
60434,4.666666666666667,3
60435,4.0,1
60437,1.0,1
60440,4.0,2
60442,3.0,1
60443,4.333333333333333,3
60447,5.0,1
60454,3.6666666666666665,3
60455,5.0,1
60458,1.5,2
60459,5.0,1
60461,3.0,1
60463,5.0,1
60465,4.5,2
60467,3.0,1
60468,4.0,1
60474,5.0,1
60478,5.0,1
60481,5.0,1
60482,4.0,2
60483,5.0,1
60490,5.0,1
60491,5.0,2
60492,4.0,1
60494,4.0,1
60504,5.0,1
60506,5.0,2
60512,4.0,1
60515,5.0,1
60516,5.0,1
60519,3.5,2
60520,4.0,1
60522,4.5,2
60523,4.5,2
60525,4.0,1
60526,4.0,2
60527,3.0,1
60529,5.0,1
60531,3.0,1
60532,4.0,1
60533,3.0,1
60535,5.0,1
60538,5.0,2
60541,5.0,1
60542,3.0,2
60543,5.0,1
60546,5.0,1
60549,5.0,1
60550,5.0,2
60552,5.0,1
60554,4.0,1
60555,2.0,1
60559,5.0,1
60563,5.0,1
60564,4.0,2
60566,4.0,4
60567,4.666666666666667,3
60569,2.0,1
60570,3.0,1
60572,4.5,2
60573,3.0,1
60575,5.0,2
60578,3.0,2
60580,3.75,4
60589,5.0,1
60590,3.0,1
60591,5.0,1
60594,4.0,1
60599,5.0,1
60600,5.0,1
60603,5.0,1
60605,3.5,2
60606,5.0,1
60609,4.0,1
60611,4.0,1
60614,5.0,2
60615,4.4,5
60621,4.0,1
60623,5.0,1
60632,5.0,1
60636,4.0,1
60637,4.0,1
60643,5.0,1
60647,3.0,1
60648,4.333333333333333,3
60649,4.0,1
60650,5.0,2
60652,5.0,1
60653,3.0,1
60654,2.0,1
60655,4.0,2
60659,5.0,1
60661,4.0,1
60668,4.0,1
60669,5.0,2
60670,3.0,1
60673,4.0,1
60675,5.0,1
60677,4.0,1
60679,4.0,1
60687,3.4,5
60692,5.0,1
60695,4.0,1
60696,3.0,1
60697,2.0,1
60700,2.0,1
60702,5.0,1
60704,5.0,4
60714,5.0,2
60717,5.0,1
60721,4.0,1
60725,4.0,1
60726,5.0,1
60727,3.75,4
60733,3.0,2
60734,5.0,1
60735,4.666666666666667,3
60737,5.0,1
60738,4.5,2
60741,2.0,1
60742,1.0,2
60743,3.5,2
60745,5.0,1
60746,4.666666666666667,3
60747,4.0,1
60748,4.5,2
60751,3.0,1
60752,5.0,1
60754,4.0,1
60760,4.5,2
60761,5.0,3
60763,4.0,1
60764,4.4,5
60766,3.0,1
60767,2.0,2
60768,4.0,3
60774,5.0,1
60779,3.0,1
60780,4.0,1
60782,4.0,1
60786,4.0,1
60787,3.0,1
60790,4.0,2
60797,5.0,1
60799,3.4745762711864407,59
60802,3.0,1
60805,5.0,1
60806,5.0,1
60807,4.0,1
60808,4.0,1
60811,4.0,1
60812,5.0,2
60815,3.0,2
60819,4.0,1
60820,2.0,1
60822,2.0,1
60829,4.5,2
60831,5.0,1
60835,5.0,1
60837,4.0,1
60838,3.5,2
60842,3.0,2
60848,3.0,1
60849,3.0,1
60850,5.0,1
60852,3.3333333333333335,3
60853,4.0,2
60859,5.0,1
60860,5.0,1
60863,5.0,3
60871,4.888888888888889,9
60873,4.0,1
60876,5.0,1
60880,4.0,2
60884,4.0,1
60885,5.0,1
60886,4.0,1
60895,5.0,2
60896,3.0,1
60899,4.5,4
60901,5.0,2
60902,4.0,1
60903,4.0,1
60907,3.0,2
60909,5.0,1
60910,5.0,1
60911,5.0,1
60912,5.0,2
60925,4.0,1
60926,5.0,1
60927,3.0,1
60935,4.0,2
60946,4.0,1
60947,5.0,1
60948,5.0,1
60949,3.0,1
60955,5.0,1
60957,4.0,1
60961,1.0,1
60963,4.0,1
60964,5.0,2
60967,5.0,1
60971,4.0,1
60972,5.0,1
60974,3.5,2
60975,2.0,1
60976,5.0,1
60981,4.0,1
60986,5.0,2
60989,5.0,1
60991,4.0,1
60993,5.0,1
60994,4.0,1
60995,1.0,1
60996,4.0,1
61001,5.0,1
61005,5.0,1
61008,5.0,2
61009,3.5,2
61010,4.0,1
61015,3.5,2
61016,5.0,1
61017,4.0,1
61024,5.0,1
61025,3.0,1
61026,4.0,1
61033,4.0,1
61047,3.5,2
61049,4.0,1
61051,3.0,1
61052,4.0,1
61054,4.0,1
61057,5.0,2
61060,5.0,1
61062,5.0,1
61064,4.333333333333333,3
61066,5.0,1
61067,4.0,1
61073,5.0,1
61074,1.0,1
61075,5.0,1
61076,2.0,1
61078,4.0,1
61080,4.0,1
61084,5.0,2
61086,5.0,1
61089,3.0,1
61090,4.0,1
61092,3.0,1
61094,5.0,1
61095,5.0,1
61099,3.0,1
61100,5.0,1
61102,3.0,1
61103,4.0,1
61107,4.0,1
61108,4.0,2
61110,4.5,4
61111,2.6666666666666665,3
61113,5.0,1
61114,5.0,2
61117,5.0,1
61118,5.0,1
61123,4.0,1
61124,5.0,1
61125,1.0,1
61126,5.0,1
61128,4.0,1
61131,4.0,1
61134,4.0,1
61137,5.0,1
61138,5.0,1
61139,5.0,3
61140,5.0,2
61141,5.0,2
61142,2.0,2
61144,5.0,1
61145,5.0,1
61150,4.0,2
61153,4.0,2
61158,4.0,1
61159,4.0,1
61160,4.0,2
61162,2.0,1
61163,5.0,1
61164,4.0,1
61165,5.0,1
61166,4.0,2
61167,4.0,1
61169,1.0,1
61171,4.666666666666667,3
61174,3.5,4
61175,5.0,2
61177,3.6666666666666665,3
61180,5.0,1
61181,4.0,2
61182,4.428571428571429,7
61184,5.0,2
61185,4.0,1
61186,5.0,1
61189,4.0,1
61190,4.0,1
61193,5.0,1
61194,4.0,1
61195,5.0,1
61205,4.5,2
61208,3.0,1
61210,4.0,2
61211,4.0,1
61212,3.4,5
61214,5.0,1
61215,5.0,1
61216,1.5,2
61217,5.0,1
61222,5.0,2
61223,4.0,2
61232,5.0,1
61233,3.5,2
61236,5.0,1
61237,5.0,1
61238,4.0,1
61239,5.0,1
61244,5.0,2
61250,5.0,1
61252,4.666666666666667,3
61253,4.666666666666667,3
61254,3.3333333333333335,3
61255,5.0,2
61256,3.0,1
61257,4.0,1
61262,4.5,2
61263,4.0,1
61264,4.5,2
61267,5.0,1
61272,4.0,1
61275,4.0,1
61276,5.0,1
61278,4.0,1
61280,5.0,1
61281,4.0,1
61284,3.0,1
61287,5.0,1
61290,5.0,1
61293,2.6666666666666665,3
61297,5.0,1
61298,4.0,2
61300,5.0,2
61301,3.0,1
61304,4.0,1
61307,5.0,1
61308,4.0,3
61311,3.0,1
61318,5.0,2
61321,3.5,2
61329,4.75,4
61330,5.0,1
61332,5.0,1
61335,5.0,1
61337,5.0,2
61340,5.0,1
61341,4.0,2
61343,5.0,1
61344,4.25,4
61346,4.0,1
61347,4.333333333333333,3
61349,4.0,2
61350,3.0,2
61351,5.0,2
61353,2.3333333333333335,3
61354,3.0,2
61356,3.0,2
61357,5.0,1
61358,4.5,2
61361,5.0,1
61364,4.333333333333333,3
61367,5.0,1
61373,5.0,1
61378,5.0,1
61379,4.75,4
61380,5.0,1
61381,4.0,1
61382,1.0,1
61383,3.0,1
61393,2.0,1
61394,5.0,1
61402,5.0,1
61404,5.0,1
61406,5.0,2
61407,5.0,2
61408,5.0,2
61415,3.6666666666666665,3
61416,4.0,1
61417,5.0,1
61419,4.0,1
61424,3.75,4
61429,5.0,2
61435,5.0,1
61437,5.0,1
61438,4.0,1
61440,5.0,1
61447,4.0,1
61453,5.0,1
61455,4.75,4
61459,4.0,3
61460,3.0,1
61467,4.0,1
61469,5.0,1
61470,5.0,3
61472,4.0,1
61473,5.0,1
61482,3.0,1
61484,4.0,1
61494,5.0,1
61495,2.5,2
61497,5.0,2
61499,5.0,2
61505,5.0,1
61507,1.0,1
61508,5.0,1
61509,4.0,1
61512,4.5,2
61514,5.0,1
61516,5.0,1
61517,4.0,2
61521,5.0,1
61525,5.0,1
61526,3.5,2
61527,5.0,1
61529,3.0,1
61530,3.0,1
61536,4.5,4
61539,3.0,1
61540,3.0,1
61542,3.0,1
61544,5.0,1
61548,5.0,1
61550,5.0,1
61551,5.0,2
61552,3.0,1
61558,2.5,2
61559,5.0,1
61560,3.5,2
61561,5.0,2
61568,4.0,1
61569,3.0,1
61570,5.0,1
61574,3.0,1
61576,3.0,1
61581,4.5,2
61582,5.0,1
61588,5.0,1
61590,3.0,5
61591,5.0,1
61592,4.0,1
61593,5.0,1
61597,5.0,1
61598,4.0,1
61599,4.0,1
61607,5.0,1
61610,5.0,1
61613,4.0,1
61615,4.0,1
61617,5.0,2
61619,3.0,1
61620,3.0,1
61621,5.0,1
61622,5.0,1
61623,3.6666666666666665,3
61635,3.0,1
61637,3.0,1
61639,5.0,1
61643,4.0,1
61653,3.0,1
61657,5.0,1
61660,5.0,1
61661,5.0,1
61662,1.0,1
61665,5.0,1
61666,5.0,1
61668,4.0,1
61671,4.0,3
61675,5.0,1
61679,5.0,1
61680,4.0,1
61681,4.0,1
61682,3.5,2
61687,4.0,3
61691,3.3333333333333335,6
61692,5.0,3
61693,4.0,1
61694,3.0,1
61695,5.0,1
61696,4.0,1
61697,5.0,1
61698,4.0,1
61702,5.0,2
61706,3.0,1
61709,5.0,2
61714,4.0,2
61715,3.3333333333333335,3
61721,4.0,1
61722,4.0,1
61723,4.0,1
61724,5.0,3
61725,4.0,1
61726,4.0,1
61727,4.0,1
61728,3.0,1
61729,4.0,1
61730,5.0,1
61731,4.0,1
61736,4.25,4
61740,3.0,1
61741,4.0,1
61743,5.0,1
61746,4.0,1
61747,5.0,3
61749,5.0,2
61753,4.0,1
61761,3.0,1
61762,5.0,1
61763,4.333333333333333,3
61765,4.0,1
61767,4.666666666666667,3
61768,3.5,2
61769,3.0,1
61770,3.0,1
61780,4.0,1
61782,3.0,1
61785,4.0,2
61786,4.5,2
61791,3.0,1
61792,4.5,2
61796,4.0,1
61800,4.0,1
61802,1.0,1
61803,5.0,1
61805,5.0,1
61808,5.0,1
61809,3.5,2
61810,5.0,1
61812,3.0,2
61813,3.0,1
61814,4.0,1
61816,5.0,1
61826,4.0,1
61831,3.0,2
61836,4.0,1
61837,3.0,1
61838,4.0,1
61840,4.0,1
61845,4.0,2
61846,4.0,1
61847,4.0,1
61848,4.0,2
61849,4.0,1
61850,3.5,2
61858,4.4,5
61863,5.0,1
61864,5.0,1
61865,4.0,1
61866,4.0,1
61868,4.0,1
61874,5.0,1
61876,5.0,1
61878,5.0,1
61881,5.0,1
61882,5.0,1
61883,4.5,2
61884,4.0,1
61886,5.0,1
61892,4.0,1
61894,2.0,1
61898,5.0,1
61903,4.0,1
61905,4.0,3
61906,1.0,1
61907,5.0,2
61915,4.0,1
61916,3.0,1
61917,5.0,1
61918,3.0,1
61927,5.0,1
61930,5.0,1
61931,4.0,1
61932,4.0,1
61933,4.0,1
61934,2.0,1
61936,5.0,1
61938,5.0,1
61941,4.0,1
61942,4.666666666666667,3
61943,3.5,4
61947,5.0,1
61949,3.0,1
61950,5.0,1
61952,3.0,3
61956,4.0,1
61959,4.0,1
61960,5.0,2
61962,5.0,1
61966,3.0,2
61967,5.0,1
61968,5.0,1
61969,5.0,1
61971,5.0,1
61973,5.0,1
61977,5.0,2
61986,3.0,1
61991,5.0,1
61992,4.5,2
61993,5.0,3
61994,3.0,1
61995,2.0,2
61998,4.0,1
61999,4.0,1
62004,4.0,2
62006,4.666666666666667,3
62008,4.0,1
62011,4.0,3
62012,3.0,1
62016,1.5,2
62021,4.0,1
62026,1.0,1
62032,5.0,1
62035,4.0,1
62036,4.5,4
62037,4.0,1
62038,3.0,1
62041,5.0,1
62042,4.0,3
62045,4.0,1
62046,4.5,2
62050,5.0,1
62052,4.0,1
62053,3.0,1
62054,3.6666666666666665,3
62056,5.0,2
62059,4.0,1
62063,2.0,1
62070,4.5,2
62072,4.0,2
62073,5.0,1
62076,3.0,1
62081,5.0,1
62083,5.0,1
62087,3.0,1
62090,5.0,1
62091,5.0,1
62094,5.0,1
62097,5.0,1
62104,4.0,1
62106,4.0,7
62108,5.0,2
62112,5.0,2
62116,3.0,1
62119,5.0,1
62121,4.666666666666667,6
62124,4.0,1
62125,2.0,1
62128,3.5,2
62129,3.0,2
62130,4.666666666666667,3
62131,5.0,1
62136,3.0,1
62139,4.0,1
62141,5.0,1
62142,5.0,1
62146,5.0,1
62147,3.0,1
62148,5.0,1
62153,5.0,1
62156,4.0,1
62158,5.0,1
62161,4.0,3
62162,3.0,1
62165,4.0,1
62169,4.888888888888889,9
62170,5.0,1
62171,4.0,1
62174,5.0,1
62177,5.0,1
62180,3.5,4
62181,5.0,2
62182,4.0,1
62185,5.0,1
62188,5.0,1
62190,2.0,1
62192,4.0,1
62193,5.0,1
62204,5.0,1
62210,4.0,2
62212,5.0,1
62213,4.0,1
62217,5.0,1
62218,4.0,1
62219,4.0,1
62220,3.6666666666666665,3
62221,5.0,1
62222,5.0,1
62223,3.0,2
62224,5.0,1
62226,4.0,1
62230,4.0,1
62234,3.0,1
62235,3.6666666666666665,3
62237,5.0,1
62239,4.0,1
62240,4.666666666666667,3
62249,4.0,2
62251,5.0,1
62252,4.0,3
62258,5.0,1
62263,4.0,1
62268,5.0,1
62271,5.0,1
62272,4.0,1
62274,4.0,1
62275,4.0,1
62277,4.5,2
62284,5.0,1
62287,4.0,1
62288,4.333333333333333,3
62290,4.0,1
62291,5.0,4
62293,4.666666666666667,3
62306,4.0,2
62309,4.5,4
62319,3.5,2
62320,4.0,1
62321,5.0,2
62324,5.0,1
62327,1.0,1
62333,4.0,1
62334,5.0,1
62338,5.0,1
62341,5.0,1
62342,3.5,2
62344,5.0,1
62345,1.0,1
62346,5.0,1
62348,3.0,1
62352,4.0,1
62354,5.0,1
62355,5.0,2
62356,1.0,1
62357,3.25,4
62359,4.0,1
62361,4.0,1
62370,4.0,1
62376,4.666666666666667,3
62378,4.0,1
62380,3.0,2
62382,5.0,1
62383,3.0,1
62385,4.0,1
62386,3.0,1
62387,2.0,1
62393,5.0,1
62394,5.0,1
62400,4.5,2
62404,3.5,2
62406,4.0,3
62407,4.0,1
62408,4.5,2
62410,3.6666666666666665,3
62411,2.0,1
62412,3.1538461538461537,13
62414,5.0,1
62415,4.0,1
62416,4.0,1
62420,5.0,2
62421,5.0,1
62428,5.0,2
62432,4.0,1
62433,4.0,1
62436,4.0,1
62438,3.0,1
62441,4.0,1
62442,5.0,1
62447,3.5,2
62450,4.0,1
62454,3.0,1
62455,5.0,1
62456,5.0,1
62461,4.0,1
62463,4.0,1
62466,3.6666666666666665,3
62467,5.0,1
62469,5.0,2
62477,4.0,1
62479,4.0,1
62481,5.0,1
62482,5.0,1
62483,4.0,9
62485,5.0,1
62486,4.5,2
62487,4.0,1
62490,5.0,2
62496,5.0,1
62497,4.5,2
62498,4.0,3
62502,5.0,2
62503,2.6666666666666665,3
62505,4.0,1
62506,1.0,1
62509,5.0,1
62512,5.0,1
62515,5.0,2
62518,5.0,1
62520,5.0,2
62522,3.5,2
62530,3.0,1
62531,4.0,1
62534,3.0,1
62535,4.0,1
62536,4.0,1
62537,5.0,1
62538,3.0,1
62540,3.0,1
62543,4.0,1
62544,5.0,1
62546,4.0,1
62550,3.0,1
62553,2.0,1
62554,4.0,1
62557,3.0,1
62559,4.0,1
62563,4.0,2
62569,5.0,1
62570,1.0,1
62584,5.0,1
62587,4.5,2
62588,4.0,1
62590,5.0,1
62591,3.0,1
62592,2.0,2
62594,4.0,1
62595,4.0,1
62600,5.0,1
62604,4.0,1
62605,2.3333333333333335,3
62610,4.0,1
62611,4.0,1
62612,5.0,1
62616,5.0,1
62618,4.0,2
62622,4.0,1
62623,4.0,1
62624,3.0,1
62628,3.0,1
62629,4.5,2
62633,5.0,1
62634,5.0,1
62635,5.0,3
62636,4.5,8
62637,4.333333333333333,3
62645,5.0,1
62646,3.4285714285714284,7
62649,4.0,2
62650,5.0,2
62652,4.0,1
62653,4.0,4
62661,3.2,5
62665,4.461538461538462,13
62667,4.0,1
62669,4.666666666666667,6
62671,5.0,1
62673,4.0,1
62674,3.0,1
62679,5.0,1
62684,5.0,1
62686,4.0,1
62689,4.75,4
62694,5.0,1
62696,3.0,1
62701,3.0,1
62703,5.0,1
62704,4.0,1
62705,5.0,1
62712,3.0,1
62716,5.0,1
62717,5.0,2
62718,4.5,2
62719,4.666666666666667,3
62728,5.0,1
62731,4.0,1
62732,4.0,1
62733,5.0,1
62735,5.0,1
62738,4.0,1
62739,5.0,1
62742,4.0,1
62749,3.0,1
62753,5.0,1
62754,3.0,1
62755,5.0,2
62762,3.0,1
62770,3.0,1
62773,5.0,2
62775,4.0,1
62776,4.0,1
62782,5.0,1
62783,3.0,2
62789,4.0,1
62791,3.8333333333333335,6
62792,3.0,1
62793,4.4,5
62795,3.0,1
62796,3.0,1
62797,1.0,1
62799,5.0,1
62800,3.0,1
62801,4.0,1
62802,5.0,2
62803,5.0,1
62805,5.0,1
62806,5.0,1
62808,2.0,1
62809,5.0,1
62811,4.0,1
62812,5.0,1
62813,4.0,1
62814,3.0,1
62815,4.0,1
62819,4.0,1
62821,5.0,1
62825,4.5,2
62829,3.0,1
62830,4.0,1
62831,5.0,1
62832,4.5,2
62833,4.0,3
62835,4.5,8
62838,5.0,1
62839,4.6,5
62841,4.0,1
62844,3.0,1
62851,5.0,1
62852,1.0,1
62855,4.0,1
62857,3.0,1
62859,3.0,1
62861,5.0,1
62863,5.0,1
62864,5.0,1
62867,4.0,1
62874,4.0,1
62875,5.0,2
62876,3.0,1
62879,5.0,1
62881,4.333333333333333,3
62884,4.0,1
62885,5.0,2
62887,5.0,1
62889,2.0,1
62892,3.0,1
62893,3.0,1
62894,4.0,1
62896,3.0,2
62900,4.0,1
62901,4.0,2
62902,4.6,5
62904,3.6666666666666665,3
62906,4.5,2
62907,3.9285714285714284,14
62914,5.0,3
62916,4.0,2
62919,5.0,1
62921,4.0,1
62923,4.333333333333333,3
62925,4.666666666666667,3
62928,2.0,1
62930,5.0,1
62932,4.0,2
62937,5.0,1
62938,4.222222222222222,9
62939,5.0,1
62942,5.0,1
62943,4.5,2
62946,4.0,1
62947,5.0,1
62952,4.5,2
62959,2.3333333333333335,3
62961,4.666666666666667,3
62962,4.0,2
62963,4.0,1
62964,3.0,1
62966,4.5,2
62970,5.0,1
62971,3.0,1
62973,5.0,2
62975,4.0,1
62976,3.0,1
62977,4.0,3
62978,5.0,2
62979,5.0,1
62981,5.0,1
62985,4.0,1
62988,5.0,1
62990,3.0,1
62992,4.0,1
62999,5.0,1
63003,3.0,1
63007,4.0,2
63011,5.0,1
63012,5.0,1
63014,1.0,1
63020,3.0,1
63021,3.0,2
63024,4.0,1
63025,3.0,1
63028,3.0,1
63031,4.5,2
63033,5.0,2
63034,4.0,1
63035,5.0,1
63038,5.0,1
63039,5.0,1
63040,4.0,1
63042,4.75,4
63046,5.0,2
63047,4.0,1
63052,5.0,1
63055,4.0,4
63056,3.0,1
63058,5.0,1
63061,4.0,1
63062,4.0,1
63065,4.0,1
63067,4.0,1
63069,4.0,1
63070,1.0,1
63072,4.0,1
63076,4.0,1
63077,4.5,2
63078,5.0,2
63079,5.0,2
63083,5.0,1
63086,3.0,1
63092,5.0,1
63097,3.0,2
63101,5.0,1
63103,3.0,1
63104,5.0,1
63109,5.0,1
63110,4.5,2
63114,4.0,1
63115,4.0,1
63116,4.0,1
63118,5.0,2
63124,3.5,4
63126,5.0,1
63129,5.0,1
63132,4.5,2
63134,5.0,1
63135,4.25,4
63138,4.071428571428571,14
63140,4.0,1
63141,5.0,1
63142,5.0,3
63144,4.5,2
63147,4.0,2
63149,2.6,5
63150,4.0,3
63154,5.0,1
63155,5.0,1
63156,5.0,1
63157,5.0,1
63158,5.0,1
63161,5.0,1
63162,5.0,1
63163,4.0,1
63164,4.5,2
63165,4.5,2
63166,1.0,1
63167,3.0,1
63169,3.5,2
63172,5.0,1
63178,4.0,1
63182,5.0,1
63183,5.0,2
63184,4.0,1
63185,4.5,2
63186,4.0,1
63189,4.0,1
63190,2.0,1
63193,4.0,1
63197,3.888888888888889,9
63204,4.0,1
63206,3.5,2
63208,5.0,1
63209,4.0,1
63211,4.0,1
63219,4.0,1
63220,4.0,1
63221,3.0,2
63223,4.0,1
63224,2.0,1
63227,4.0,2
63228,1.0,1
63236,5.0,1
63238,4.75,4
63239,4.0,1
63241,4.0,2
63242,2.0,1
63243,3.0,1
63246,5.0,1
63247,3.0,1
63248,5.0,1
63251,5.0,1
63252,4.333333333333333,3
63256,4.0,1
63259,5.0,1
63260,5.0,1
63262,4.0,1
63264,4.5,4
63265,5.0,1
63266,2.0,1
63267,5.0,1
63270,4.0,1
63271,2.0,1
63276,5.0,1
63280,2.0,2
63281,3.0,1
63287,5.0,1
63290,4.0,1
63293,3.0,1
63299,2.0,1
63302,3.0,2
63306,5.0,1
63309,5.0,1
63310,5.0,2
63311,4.0,1
63315,4.0,2
63321,5.0,1
63323,5.0,1
63326,3.0,1
63328,4.0,2
63329,5.0,1
63333,5.0,1
63340,3.0,1
63344,5.0,1
63349,5.0,2
63352,5.0,1
63355,5.0,1
63356,2.0,1
63359,3.0,1
63362,4.0,1
63364,5.0,1
63365,4.0,1
63369,3.0,1
63370,4.5,2
63373,4.0,1
63374,3.0,1
63377,5.0,1
63379,3.0,1
63383,3.0,1
63392,4.0,1
63395,5.0,2
63398,5.0,1
63401,4.0,1
63403,4.0,1
63407,5.0,1
63410,4.0,2
63412,4.0,1
63414,2.0,1
63415,5.0,1
63416,5.0,1
63429,5.0,1
63431,4.0,1
63432,4.0,1
63433,4.0,1
63436,4.666666666666667,3
63440,5.0,2
63441,2.0,1
63442,5.0,1
63444,4.0,2
63449,4.0,1
63453,4.666666666666667,3
63457,5.0,1
63459,5.0,1
63460,5.0,1
63461,4.0,3
63463,4.5,2
63464,4.0,2
63465,5.0,1
63466,4.5,2
63469,4.0,1
63472,2.0,1
63473,2.0,1
63475,4.0,1
63478,4.0,1
63480,5.0,1
63488,5.0,1
63489,2.0,1
63490,3.25,4
63491,4.0,1
63493,4.0,4
63497,5.0,1
63499,5.0,1
63500,4.0,1
63502,4.0,1
63504,4.5,4
63505,3.5,2
63509,5.0,1
63510,1.0,1
63511,5.0,1
63513,3.0,1
63515,4.5,2
63518,5.0,1
63520,3.0,1
63521,4.0,2
63528,5.0,1
63531,4.0,3
63533,4.5,2
63534,4.0,1
63535,4.0,1
63536,4.0,1
63537,5.0,1
63542,4.0,1
63543,5.0,1
63546,4.0,1
63547,4.0,3
63549,5.0,1
63551,3.5,2
63552,4.0,2
63553,4.0,1
63555,4.333333333333333,3
63558,2.5,2
63560,4.8,5
63562,4.0,1
63563,5.0,1
63564,5.0,1
63566,3.6666666666666665,3
63568,4.0,1
63570,5.0,1
63576,3.0,2
63579,5.0,1
63580,3.0,1
63581,3.8,5
63582,5.0,2
63584,5.0,1
63586,3.0,1
63587,5.0,1
63588,5.0,1
63589,5.0,1
63592,3.0,1
63595,5.0,1
63596,2.0,1
63597,5.0,1
63599,2.0,1
63602,4.5,2
63603,3.0,1
63605,4.666666666666667,3
63610,3.0,1
63611,4.5,2
63615,4.333333333333333,3
63618,2.5,2
63619,4.0,1
63620,4.0,1
63621,4.0,1
63622,5.0,4
63624,5.0,1
63625,4.0,1
63629,2.6666666666666665,3
63630,4.0,1
63632,5.0,1
63634,5.0,1
63635,3.3333333333333335,3
63637,4.0,1
63638,5.0,2
63639,5.0,2
63641,5.0,2
63645,4.0,1
63647,4.333333333333333,3
63648,5.0,2
63656,4.0,2
63661,4.0,1
63663,5.0,2
63664,3.0,2
63665,5.0,2
63669,4.0,3
63670,5.0,2
63671,4.0,1
63674,3.0,1
63675,5.0,1
63676,5.0,1
63677,5.0,3
63680,4.0,1
63693,4.0,1
63694,3.0,2
63695,3.0,1
63699,4.75,4
63700,4.333333333333333,3
63701,4.0,1
63702,5.0,2
63703,4.5,2
63705,4.333333333333333,3
63707,1.0,1
63708,5.0,1
63712,4.5,2
63714,4.0,1
63717,5.0,1
63718,5.0,1
63722,5.0,1
63729,5.0,3
63730,5.0,2
63735,3.5,2
63736,5.0,1
63737,5.0,2
63738,4.0,1
63740,5.0,1
63741,4.5,2
63745,5.0,3
63748,4.25,4
63749,4.0,5
63750,3.5,2
63755,5.0,2
63758,5.0,2
63759,3.0,1
63760,4.0,1
63763,4.0,1
63764,5.0,1
63766,4.0,1
63767,4.0,1
63768,5.0,1
63778,5.0,1
63783,4.0,1
63785,5.0,2
63786,4.125,8
63787,4.5,2
63788,4.0,2
63792,4.0,1
63794,4.0,1
63795,2.0,1
63796,5.0,1
63801,4.0,1
63803,5.0,2
63804,4.0,1
63814,5.0,1
63818,4.0,3
63821,4.0,1
63822,3.75,4
63825,5.0,2
63832,3.0,1
63835,4.5,2
63838,3.75,4
63841,3.5,2
63842,4.0,1
63844,4.0,1
63845,4.0,1
63851,5.0,2
63852,3.0,1
63854,5.0,1
63861,3.0,1
63862,3.0,4
63863,5.0,3
63864,5.0,1
63866,5.0,2
63868,4.0,1
63873,3.0,1
63874,4.5,2
63887,5.0,1
63889,4.0,1
63890,3.0,1
63897,4.0,1
63898,4.0,1
63899,5.0,1
63907,5.0,1
63908,4.0,1
63915,3.0,1
63917,2.0,2
63921,4.0,2
63922,4.0,1
63923,2.3333333333333335,3
63924,4.0,2
63925,3.0,1
63926,4.0,1
63928,5.0,1
63930,3.0,1
63931,4.0,1
63933,5.0,1
63937,3.0,1
63939,3.0,1
63940,5.0,1
63941,4.0,1
63942,5.0,1
63944,3.0,1
63945,4.0,1
63947,4.0,3
63948,3.0,1
63952,5.0,1
63958,5.0,1
63963,5.0,1
63967,4.0,2
63975,4.0,1
63976,4.0,2
63981,4.0,1
63983,4.0,1
63984,4.0,1
63986,2.0,1
63987,5.0,1
63988,5.0,1
63989,5.0,1
63990,4.0,1
63995,4.0,3
63996,3.0,1
64002,4.0,1
64003,5.0,1
64005,5.0,1
64006,4.0,1
64011,4.0,1
64015,5.0,1
64016,2.0,1
64021,5.0,1
64023,5.0,2
64028,2.0,1
64029,3.0,1
64031,5.0,1
64033,5.0,1
64038,5.0,1
64040,3.0,1
64042,5.0,2
64043,5.0,1
64049,3.0,2
64057,3.0,2
64060,5.0,2
64065,3.0,1
64066,4.0,2
64069,3.0,1
64070,4.0,1
64071,4.0,1
64074,5.0,1
64075,5.0,1
64077,5.0,1
64078,4.0,1
64087,4.5,2
64090,3.0,1
64099,4.0,1
64100,4.5,2
64105,4.5,2
64106,5.0,1
64107,5.0,1
64108,5.0,1
64109,5.0,1
64111,4.0,1
64117,5.0,1
64118,4.0,1
64122,4.0,1
64125,4.666666666666667,3
64126,5.0,1
64129,4.0,1
64130,5.0,1
64138,2.5,2
64141,5.0,2
64143,4.0,6
64148,5.0,1
64149,2.5,2
64152,4.0,1
64154,4.25,4
64155,4.0,2
64161,4.090909090909091,11
64162,5.0,1
64163,5.0,2
64164,5.0,1
64166,5.0,1
64169,5.0,1
64170,4.0,1
64172,4.0,1
64173,2.75,4
64174,5.0,2
64175,5.0,2
64177,4.0,1
64181,5.0,1
64182,4.0,1
64183,4.0,1
64188,5.0,1
64190,5.0,1
64196,5.0,1
64198,3.0,1
64199,4.0,1
64200,5.0,2
64203,3.0,1
64205,2.0,1
64209,4.666666666666667,3
64211,4.0,1
64214,3.0,1
64216,1.0,1
64218,3.0,1
64222,3.7142857142857144,7
64224,5.0,1
64226,5.0,1
64229,2.0,2
64230,4.5,4
64231,4.0,1
64232,4.5,2
64234,5.0,2
64240,3.857142857142857,14
64241,3.0,1
64242,4.0,1
64243,4.0,3
64246,5.0,1
64249,5.0,1
64252,4.0,1
64253,4.0,4
64256,3.0,1
64258,5.0,2
64259,2.0,1
64260,4.666666666666667,3
64261,5.0,1
64262,5.0,1
64264,1.0,1
64265,5.0,1
64267,5.0,1
64268,5.0,2
64269,4.0,2
64272,5.0,2
64274,5.0,1
64275,4.0,1
64276,5.0,1
64282,4.0,1
64283,4.0,2
64286,5.0,1
64289,4.0,1
64294,3.3333333333333335,3
64296,3.857142857142857,7
64300,2.0,1
64301,4.0,1
64302,5.0,1
64304,5.0,1
64305,3.0,1
64308,4.0,9
64313,4.0,1
64317,4.0,1
64318,3.0,1
64320,3.6666666666666665,3
64321,4.2,10
64323,3.0,1
64327,4.0,1
64330,5.0,1
64333,3.0,1
64334,5.0,1
64335,4.5,2
64337,4.0,1
64340,5.0,3
64344,4.0,1
64345,4.0,1
64348,4.0,1
64349,5.0,1
64350,3.5,2
64352,2.0,1
64353,4.666666666666667,3
64354,3.0,1
64356,5.0,1
64357,5.0,2
64358,5.0,1
64362,4.285714285714286,7
64367,3.0,1
64368,5.0,1
64369,4.0,1
64371,4.0,12
64372,5.0,2
64373,5.0,1
64374,4.0,3
64375,5.0,1
64376,4.0,1
64381,2.0,1
64382,4.0,1
64386,5.0,1
64387,4.428571428571429,7
64388,5.0,1
64389,5.0,1
64390,4.0,1
64391,5.0,1
64392,4.75,8
64393,5.0,1
64394,4.0,10
64395,4.0,1
64398,5.0,1
64399,4.0,1
64401,5.0,1
64405,3.3333333333333335,3
64407,5.0,1
64411,3.5,2
64413,3.0,1
64415,5.0,1
64417,5.0,2
64421,4.0,1
64422,4.0,1
64423,4.6,5
64424,4.5,2
64425,4.0,1
64427,4.0,1
64430,5.0,1
64431,4.0,1
64434,4.333333333333333,3
64435,4.0,1
64440,3.6666666666666665,3
64442,5.0,1
64444,4.0,1
64445,4.0,1
64446,1.0,1
64448,5.0,1
64450,5.0,1
64452,5.0,1
64453,4.0,2
64455,5.0,1
64456,4.333333333333333,3
64457,5.0,1
64458,5.0,2
64459,3.0,1
64460,4.0,1
64462,5.0,1
64468,5.0,1
64481,3.4,5
64482,1.0,1
64483,4.0,1
64484,3.0,1
64485,1.0,1
64488,4.0,1
64489,5.0,1
64490,5.0,1
64492,2.5,2
64495,3.6666666666666665,3
64500,2.3333333333333335,3
64503,4.0,1
64505,5.0,1
64507,4.333333333333333,3
64512,4.0,1
64514,4.0,1
64516,1.0,1
64517,4.0,1
64519,5.0,1
64524,4.0,1
64526,5.0,1
64527,3.0,1
64529,2.0,1
64532,5.0,1
64539,3.3333333333333335,3
64540,3.0,1
64541,4.333333333333333,3
64542,5.0,1
64543,5.0,1
64545,4.0,3
64546,5.0,1
64547,5.0,1
64548,4.0,1
64549,5.0,1
64552,5.0,1
64553,5.0,3
64561,1.0,1
64566,5.0,1
64571,5.0,2
64581,5.0,1
64583,4.0,1
64585,4.0,1
64592,5.0,1
64593,4.0,3
64594,3.0,1
64595,4.0,1
64596,5.0,1
64599,1.0,1
64601,5.0,1
64603,5.0,1
64606,3.0,1
64611,5.0,1
64613,5.0,1
64619,5.0,1
64620,5.0,1
64622,3.0,1
64626,5.0,1
64631,5.0,1
64633,3.0,2
64635,5.0,1
64636,5.0,1
64637,4.0,1
64638,4.0,1
64640,3.3333333333333335,3
64643,3.6666666666666665,3
64646,5.0,2
64655,1.0,1
64657,5.0,1
64658,3.0,2
64660,4.0,3
64663,4.5,2
64664,5.0,1
64666,5.0,2
64667,4.0,1
64671,5.0,1
64674,2.5,2
64679,3.0,1
64680,4.0,1
64681,4.0,1
64689,4.0,1
64690,5.0,1
64691,4.0,2
64693,4.0,1
64698,2.0,1
64700,2.0,1
64701,3.0,1
64702,5.0,1
64706,5.0,1
64707,4.0,2
64708,4.5,2
64710,4.0,1
64714,3.0,1
64721,4.5,4
64727,5.0,1
64728,5.0,1
64734,4.0,1
64735,3.3333333333333335,3
64736,5.0,1
64738,5.0,1
64743,5.0,1
64745,3.0,1
64748,4.0,1
64755,5.0,2
64760,5.0,1
64763,4.0,1
64766,3.0,1
64768,2.0,1
64771,4.0,1
64773,5.0,1
64776,5.0,1
64777,4.0,2
64779,4.0,1
64782,5.0,2
64784,5.0,1
64786,3.6666666666666665,3
64787,4.5,2
64788,1.0,1
64793,4.0,1
64798,4.0,1
64802,5.0,3
64805,5.0,1
64806,4.0,1
64810,4.0,1
64811,5.0,1
64821,4.0,1
64831,4.0,2
64832,5.0,1
64833,5.0,1
64839,4.25,4
64840,4.0,1
64843,4.0,2
64845,4.0,1
64846,5.0,2
64848,4.0,1
64849,2.0,1
64855,4.0,2
64856,4.0,1
64859,3.0,1
64861,4.0,1
64862,4.333333333333333,3
64863,5.0,2
64864,5.0,1
64865,4.5,2
64866,4.166666666666667,6
64867,4.0,1
64869,4.0,1
64870,5.0,1
64872,4.0,1
64873,4.0,1
64879,2.0,1
64881,3.0,1
64890,4.666666666666667,3
64892,4.0,1
64894,5.0,1
64896,4.0,1
64898,2.0,2
64900,4.0,2
64901,5.0,1
64907,2.0,1
64913,4.0,2
64914,4.6,5
64916,4.0,1
64918,3.0,2
64920,4.142857142857143,7
64921,4.0,1
64922,5.0,1
64923,4.6,5
64924,2.0,1
64925,3.5,2
64927,1.0,1
64931,1.0,1
64932,3.0,1
64935,3.0,1
64936,2.0,1
64938,5.0,2
64939,5.0,2
64940,4.0,1
64942,4.0,2
64948,3.0,2
64950,3.5,2
64952,4.5,2
64955,3.6666666666666665,3
64959,3.75,4
64962,4.0,1
64963,5.0,1
64964,1.0,1
64965,4.0,1
64966,4.5,2
64968,2.0,1
64970,2.0,1
64976,5.0,1
64980,5.0,1
64983,5.0,1
64984,4.5,4
64987,3.6666666666666665,3
64988,4.25,4
64993,5.0,2
64998,3.0,1
65000,3.0,2
65004,4.0,1
65007,4.0,1
65027,4.0,1
65029,5.0,2
65032,5.0,1
65033,4.0,1
65035,5.0,2
65036,4.0,1
65039,3.6666666666666665,3
65041,5.0,1
65042,3.3333333333333335,3
65044,4.0,2
65046,3.0,1
65047,4.0,1
65049,4.0,1
65051,4.333333333333333,3
65052,3.0,1
65056,4.0,1
65062,5.0,1
65069,5.0,3
65070,5.0,1
65071,5.0,1
65072,5.0,1
65074,4.0,1
65076,4.0,1
65077,4.0,1
65080,5.0,1
65082,5.0,1
65089,4.5,2
65091,5.0,1
65092,4.0,1
65094,5.0,1
65096,5.0,1
65097,2.0,1
65101,5.0,1
65102,5.0,1
65103,5.0,1
65104,2.0,1
65105,5.0,1
65106,5.0,2
65111,3.0,1
65113,4.0,1
65116,5.0,3
65117,4.0,1
65124,3.3333333333333335,3
65126,4.0,2
65127,2.0,2
65128,4.0,1
65130,3.0,1
65131,5.0,1
65133,5.0,1
65134,4.0,2
65138,4.0,1
65139,3.0,3
65144,3.0,1
65145,5.0,1
65146,3.0,1
65147,5.0,1
65150,5.0,1
65151,5.0,2
65152,5.0,1
65153,3.5,2
65159,3.3333333333333335,3
65160,4.0,1
65162,4.333333333333333,3
65163,5.0,1
65164,4.0,1
65168,4.0,4
65169,4.0,1
65170,5.0,1
65171,5.0,1
65174,5.0,1
65176,5.0,3
65182,4.5,2
65184,4.0,1
65188,1.0,1
65196,4.0,1
65199,3.3333333333333335,3
65201,4.5,2
65202,4.0,1
65205,3.5,2
65211,5.0,1
65212,5.0,3
65221,4.0,1
65222,5.0,1
65224,4.0,1
65227,4.0,1
65228,4.0,1
65229,1.0,1
65232,4.0,1
65233,3.5,2
65234,4.0,2
65235,5.0,1
65236,4.0,1
65237,5.0,1
65240,1.0,1
65242,4.0,1
65243,4.0,1
65245,4.5,2
65246,5.0,1
65247,5.0,2
65252,4.0,1
65256,2.0,1
65263,1.0,2
65267,5.0,1
65270,5.0,1
65271,5.0,1
65275,5.0,1
65276,1.0,1
65280,5.0,1
65285,4.5,2
65289,4.0,4
65291,3.0,1
65294,5.0,2
65295,5.0,1
65297,3.0,3
65298,5.0,1
65301,4.0,2
65303,4.0,1
65304,4.25,4
65311,3.0,1
65312,4.5,2
65313,4.0,1
65314,5.0,1
65321,5.0,1
65326,3.5714285714285716,7
65327,3.0,1
65330,4.0,1
65331,4.0,1
65334,4.0,2
65338,5.0,3
65344,5.0,1
65356,5.0,1
65357,5.0,1
65364,5.0,1
65366,3.0,1
65369,4.0,1
65371,4.0,1
65375,1.0,1
65376,3.0,1
65379,4.0,1
65382,4.333333333333333,3
65386,2.5,2
65388,5.0,1
65389,3.6666666666666665,3
65391,4.5,2
65393,5.0,1
65394,5.0,1
65405,5.0,1
65406,4.0,1
65411,5.0,1
65412,5.0,1
65413,5.0,1
65419,3.0,1
65421,4.0,1
65424,3.0,1
65427,4.0,1
65428,3.0,1
65429,5.0,1
65432,3.0,1
65433,5.0,1
65434,2.0,1
65435,5.0,1
65437,5.0,1
65438,4.0,1
65444,3.5,2
65447,3.8,5
65448,5.0,1
65450,3.0,1
65453,5.0,2
65458,5.0,1
65460,4.5,2
65461,3.3333333333333335,3
65465,3.6666666666666665,3
65466,4.0,3
65472,4.0,1
65473,3.5,2
65476,4.0,1
65477,3.5,2
65478,4.0,1
65483,4.0,1
65484,5.0,1
65485,5.0,1
65487,3.0,2
65488,5.0,3
65489,5.0,1
65491,5.0,1
65493,5.0,1
65496,4.0,1
65497,4.25,4
65500,5.0,1
65504,5.0,1
65508,4.0,4
65512,3.0,2
65516,4.25,4
65517,4.0,1
65522,5.0,2
65524,4.5,2
65527,2.0,1
65529,5.0,1
65532,4.5,2
65533,5.0,1
65540,3.0,1
65542,4.333333333333333,3
65547,5.0,1
65549,3.0,1
65552,3.0,1
65557,5.0,1
65560,3.0,1
65562,3.0,1
65563,5.0,1
65564,4.0,1
65568,4.181818181818182,22
65569,4.0,1
65572,4.0,1
65573,5.0,1
65577,3.5,2
65582,5.0,1
65583,4.5,2
65586,4.0,1
65587,5.0,1
65588,4.0,1
65589,5.0,1
65590,4.0,1
65591,4.5,2
65593,5.0,1
65599,5.0,1
65600,3.0,1
65604,3.0,6
65607,5.0,1
65610,5.0,1
65611,4.0,1
65614,5.0,1
65615,4.0,1
65617,1.0,1
65619,3.6666666666666665,3
65620,4.0,3
65622,5.0,1
65623,5.0,1
65624,3.0,1
65627,4.0,4
65628,5.0,1
65630,3.0,1
65634,4.0,1
65635,4.0,1
65640,4.0,2
65651,4.333333333333333,3
65654,4.0,1
65655,5.0,1
65658,5.0,2
65659,5.0,1
65661,4.5,2
65662,1.0,1
65665,4.0,1
65666,5.0,1
65668,4.0,1
65669,4.0,1
65670,2.0,1
65671,3.75,4
65673,5.0,1
65678,3.5,2
65680,2.0,2
65681,3.3333333333333335,3
65685,2.0,1
65686,4.666666666666667,3
65687,5.0,1
65688,5.0,1
65691,5.0,1
65693,4.5,4
65694,5.0,1
65696,3.5,2
65698,5.0,1
65699,4.0,1
65703,5.0,1
65706,4.0,2
65707,4.25,4
65709,5.0,2
65712,1.0,1
65715,4.0,4
65716,5.0,1
65720,5.0,1
65723,3.5,2
65724,4.25,4
65726,4.0,1
65727,4.0,1
65731,4.0,2
65732,4.0,1
65733,4.0,1
65736,3.0,1
65739,4.0,1
65741,4.0,1
65742,4.0,2
65747,3.0,1
65748,2.0,1
65750,3.3333333333333335,3
65755,3.0,1
65756,5.0,1
65760,3.0,1
65762,4.0,1
65763,5.0,1
65764,4.0,1
65768,4.0,9
65769,5.0,1
65770,4.0,2
65771,4.0,2
65773,4.0,1
65774,3.0,2
65779,4.0,1
65782,3.0,2
65783,5.0,1
65785,5.0,1
65788,4.0,1
65790,5.0,1
65793,4.0,1
65794,5.0,1
65802,3.0,1
65804,4.0,2
65809,3.0,1
65810,5.0,3
65812,2.0,1
65815,3.0,1
65816,4.0,5
65817,5.0,1
65818,5.0,1
65819,4.111111111111111,9
65820,5.0,1
65825,5.0,1
65826,4.0,1
65828,4.0,1
65829,5.0,1
65831,4.0,1
65833,3.5,2
65835,5.0,1
65840,4.0,2
65841,5.0,1
65842,4.0,1
65843,4.0,1
65844,4.0,1
65851,3.0,1
65854,4.0,2
65855,2.0,1
65860,4.0,1
65867,5.0,3
65868,1.0,1
65871,3.5,4
65874,3.25,4
65877,4.0,1
65880,5.0,1
65881,4.0,1
65883,4.0,1
65885,5.0,2
65889,5.0,1
65892,5.0,3
65895,4.0,1
65896,4.0,1
65898,3.0,2
65903,5.0,1
65905,4.0,2
65914,4.333333333333333,3
65915,5.0,1
65916,3.0,1
65919,5.0,1
65922,5.0,1
65924,1.0,1
65926,5.0,1
65930,3.0,2
65931,3.5,2
65932,1.0,1
65934,4.0,2
65939,3.5,4
65941,5.0,1
65946,3.5,2
65949,4.0,1
65950,5.0,1
65952,5.0,1
65953,4.0,1
65960,5.0,1
65964,3.0,1
65965,5.0,2
65966,4.0,2
65967,3.0,1
65969,5.0,1
65970,4.0,1
65975,5.0,1
65981,4.0,1
65982,1.0,1
65985,5.0,1
65990,4.0,1
65994,3.0,3
65996,5.0,1
66000,3.5,2
66001,5.0,1
66002,5.0,1
66003,4.0,4
66004,4.0,1
66006,4.0,1
66007,4.0,1
66008,3.3333333333333335,3
66011,4.0,2
66012,3.0,1
66014,5.0,1
66015,1.0,1
66017,5.0,1
66018,5.0,1
66019,5.0,2
66024,4.0,2
66028,3.0,1
66029,5.0,1
66032,5.0,1
66036,5.0,1
66038,5.0,1
66039,5.0,1
66041,4.0,1
66046,4.5,2
66050,5.0,1
66058,4.333333333333333,3
66059,3.0,4
66061,3.0,3
66070,4.0,1
66074,4.0,2
66080,2.0,1
66082,2.0,2
66083,4.0,1
66086,3.6666666666666665,3
66087,4.454545454545454,11
66088,4.6,5
66089,2.6666666666666665,3
66093,4.0,1
66094,5.0,1
66096,5.0,1
66099,4.0,1
66100,4.0,1
66110,3.0,1
66111,4.0,1
66116,5.0,1
66119,4.0,1
66127,5.0,1
66128,4.0,1
66133,4.0,1
66134,4.0,1
66135,5.0,2
66140,5.0,1
66141,4.0,1
66142,1.0,1
66145,5.0,1
66152,5.0,1
66159,5.0,1
66164,5.0,1
66168,5.0,1
66171,5.0,1
66172,5.0,2
66175,5.0,1
66178,4.0,1
66185,5.0,1
66188,5.0,4
66189,4.0,3
66191,4.0,2
66192,5.0,1
66194,5.0,1
66196,1.0,1
66198,5.0,1
66200,5.0,1
66210,3.3333333333333335,3
66211,4.5,2
66214,4.75,4
66221,4.0,3
66222,5.0,1
66223,4.5,2
66225,5.0,1
66227,4.0,1
66235,4.0,1
66237,5.0,1
66243,4.0,1
66244,3.0,1
66249,3.0,1
66251,1.0,1
66252,5.0,1
66257,2.0,1
66258,5.0,1
66259,5.0,1
66262,4.0,1
66263,5.0,1
66268,3.5,2
66270,5.0,1
66274,5.0,1
66275,4.0,1
66281,4.5,2
66283,4.0,1
66284,4.333333333333333,3
66286,5.0,1
66287,5.0,1
66293,5.0,1
66295,3.5,2
66299,4.0,1
66302,4.0,1
66307,5.0,1
66310,5.0,1
66311,3.75,4
66312,5.0,1
66316,4.0,1
66318,5.0,1
66321,5.0,1
66322,4.666666666666667,3
66323,5.0,1
66324,4.666666666666667,6
66325,3.0,1
66326,5.0,1
66328,4.6,5
66330,4.0,2
66333,5.0,2
66335,3.5,2
66338,5.0,1
66341,3.0,1
66343,4.333333333333333,3
66348,5.0,1
66350,5.0,1
66351,3.5,2
66352,5.0,1
66354,4.5,2
66355,5.0,2
66359,4.0,1
66360,3.0,4
66361,5.0,1
66366,5.0,1
66369,5.0,1
66372,5.0,1
66374,5.0,1
66376,4.0,2
66378,4.0,9
66379,5.0,1
66380,5.0,1
66381,1.0,1
66382,4.0,2
66383,3.0,1
66390,4.0,1
66393,4.666666666666667,3
66395,5.0,1
66397,5.0,1
66400,5.0,1
66403,5.0,1
66406,5.0,1
66408,5.0,1
66411,4.0,1
66412,4.0,1
66413,3.0,1
66415,4.0,1
66417,4.0,1
66424,4.0,3
66435,4.0,3
66438,3.0,2
66441,5.0,1
66444,4.0,2
66445,5.0,1
66446,5.0,1
66449,5.0,1
66452,5.0,1
66453,4.666666666666667,3
66454,3.5714285714285716,7
66458,5.0,2
66462,3.0,1
66464,5.0,1
66466,4.0,1
66472,2.0,1
66473,5.0,1
66474,5.0,1
66475,4.0,1
66477,4.333333333333333,3
66479,4.5,2
66481,5.0,1
66484,2.0,1
66488,5.0,1
66490,4.0,1
66491,5.0,1
66494,4.0,1
66499,2.5,2
66501,5.0,1
66507,4.0,1
66508,5.0,1
66510,4.0,1
66513,3.3333333333333335,3
66515,5.0,1
66523,4.0,2
66525,3.0,1
66532,3.5,2
66533,2.0,1
66536,5.0,1
66537,3.0,1
66538,5.0,1
66540,3.6666666666666665,3
66541,2.0,1
66547,3.0,2
66555,5.0,1
66556,3.0,1
66558,5.0,1
66560,5.0,1
66561,3.0,1
66563,3.0,1
66572,5.0,1
66573,5.0,1
66578,5.0,1
66579,5.0,2
66593,5.0,1
66597,5.0,1
66599,5.0,4
66608,5.0,1
66610,5.0,1
66614,3.0,1
66618,4.666666666666667,3
66619,4.0,1
66621,4.0,1
66622,5.0,1
66628,3.0,2
66632,3.0,1
66633,5.0,1
66634,5.0,1
66637,4.0,2
66638,5.0,2
66641,4.0,1
66646,5.0,1
66647,4.0,1
66649,5.0,1
66650,4.0,2
66652,4.0,3
66653,3.0,4
66657,5.0,1
66661,4.0,1
66664,2.0,1
66668,2.0,1
66671,1.0,1
66673,4.0,3
66674,5.0,1
66675,4.75,4
66681,5.0,1
66683,5.0,1
66684,4.285714285714286,7
66685,4.0,2
66687,2.5,2
66688,4.0,9
66690,4.8,5
66691,3.5,2
66694,4.2727272727272725,11
66695,3.75,4
66697,3.6666666666666665,3
66699,4.5,8
66701,3.0,3
66706,5.0,4
66710,4.5,2
66712,5.0,2
66713,4.5,2
66718,4.0,1
66721,5.0,2
66724,5.0,1
66725,5.0,1
66726,5.0,2
66728,4.0,1
66729,3.0,1
66730,5.0,1
66736,5.0,1
66737,5.0,1
66739,4.0,1
66740,4.0,1
66741,5.0,1
66742,4.0,1
66746,4.0,1
66747,2.0,2
66750,4.0,1
66752,5.0,1
66757,4.0,1
66761,5.0,1
66763,4.5,2
66767,4.0,1
66770,4.0,1
66771,4.666666666666667,3
66772,5.0,1
66773,4.333333333333333,3
66776,5.0,1
66777,3.0,1
66779,3.6666666666666665,3
66786,5.0,1
66789,5.0,1
66795,5.0,1
66800,5.0,1
66803,4.5,6
66807,4.0,1
66809,5.0,1
66810,5.0,1
66813,3.0,2
66817,5.0,1
66823,4.0,1
66826,5.0,1
66827,5.0,1
66828,5.0,1
66830,4.0,4
66832,4.0,1
66835,4.0,2
66836,5.0,1
66839,4.0,1
66842,2.3333333333333335,3
66843,3.0,2
66845,4.0,1
66847,5.0,1
66848,5.0,1
66849,4.0,1
66850,5.0,1
66856,4.0,2
66857,4.0,4
66859,3.0,2
66860,5.0,1
66863,1.0,1
66864,4.0,1
66866,5.0,1
66870,4.0,1
66872,5.0,1
66875,5.0,1
66877,5.0,1
66878,4.0,5
66880,4.0,1
66881,4.0,2
66885,4.181818181818182,11
66890,4.333333333333333,3
66891,4.5,2
66894,5.0,1
66899,4.0,2
66901,4.6,5
66902,5.0,1
66907,3.0,2
66913,5.0,1
66916,3.0,1
66919,5.0,1
66923,3.6666666666666665,3
66924,4.0,1
66925,3.0,1
66926,5.0,1
66930,5.0,1
66931,5.0,1
66933,4.0,2
66934,5.0,1
66938,5.0,1
66939,4.0,1
66941,4.666666666666667,3
66942,4.0,1
66943,3.0,1
66944,4.0,1
66946,5.0,1
66947,5.0,2
66948,4.5,4
66950,5.0,1
66954,4.0,1
66955,5.0,2
66956,5.0,1
66957,5.0,1
66958,4.0,1
66961,5.0,2
66963,3.0,1
66964,5.0,1
66965,4.0,1
66966,4.5,2
66967,5.0,1
66968,1.0,1
66970,4.0,2
66971,4.0,1
66973,4.0,1
66974,5.0,1
66976,5.0,2
66978,4.0,1
66979,4.333333333333333,6
66980,4.0,1
66982,5.0,1
66985,4.333333333333333,3
66986,4.0,2
66987,4.0,3
66988,5.0,3
66991,5.0,2
66993,4.0,3
66994,4.0,2
66995,5.0,2
66996,5.0,1
66998,4.0,1
67000,2.0,1
67011,5.0,2
67014,4.0,1
67016,5.0,1
67017,5.0,1
67019,4.0,1
67022,4.0,1
67029,3.0,2
67032,2.0,1
67035,5.0,2
67040,4.0,5
67041,4.0,1
67042,4.0,1
67047,5.0,1
67049,5.0,1
67051,4.0,1
67053,4.0,1
67057,1.0,1
67060,2.0,1
67061,5.0,1
67074,5.0,1
67076,3.0,1
67078,3.0,1
67079,3.0,1
67084,5.0,1
67085,4.0,3
67087,4.0,1
67092,5.0,1
67098,5.0,1
67100,5.0,1
67101,3.875,8
67102,5.0,1
67106,5.0,1
67107,5.0,1
67109,4.0,1
67110,4.0,1
67111,3.6,5
67113,5.0,1
67114,5.0,1
67118,5.0,2
67122,5.0,1
67124,5.0,2
67130,5.0,1
67132,4.0,1
67138,5.0,1
67139,4.0,1
67140,5.0,1
67141,3.6666666666666665,3
67142,4.5,2
67144,4.142857142857143,7
67145,5.0,1
67147,4.5,4
67151,4.0,1
67153,5.0,1
67155,4.0,1
67158,5.0,1
67161,5.0,1
67163,4.5,2
67165,4.0,2
67167,5.0,1
67169,5.0,1
67171,5.0,1
67172,3.0,1
67173,5.0,4
67174,4.571428571428571,14
67175,5.0,2
67182,5.0,2
67183,3.0,1
67185,4.0,1
67186,2.0,1
67190,5.0,1
67194,3.0,1
67200,4.0,1
67201,5.0,1
67204,3.0,1
67205,4.0,1
67207,4.0,1
67210,5.0,2
67211,4.5,2
67218,4.0,1
67227,2.6666666666666665,3
67229,4.0,1
67231,4.4,5
67233,5.0,1
67238,3.0,1
67239,4.0,1
67241,3.0,1
67244,4.833333333333333,6
67247,4.0,1
67249,2.0,1
67251,4.0,1
67256,5.0,1
67258,3.5,4
67268,3.0,1
67275,5.0,1
67276,5.0,2
67277,4.0,1
67278,5.0,1
67279,5.0,1
67281,5.0,3
67285,5.0,1
67288,5.0,1
67289,4.666666666666667,3
67295,4.0,1
67296,5.0,1
67302,5.0,1
67303,4.0,2
67304,5.0,1
67305,4.0,1
67306,4.0,1
67307,4.0,2
67308,5.0,1
67309,5.0,1
67314,4.0,2
67315,5.0,1
67317,3.0,1
67319,3.0,1
67321,5.0,3
67323,4.0,4
67325,3.0,2
67329,5.0,1
67330,4.0,1
67331,5.0,1
67332,3.75,4
67333,3.0,2
67335,4.75,4
67337,3.0,1
67338,4.0,1
67339,5.0,1
67341,4.0,1
67345,4.0,1
67348,4.0,1
67349,5.0,1
67350,4.0,1
67352,4.0,3
67353,5.0,2
67354,4.0,1
67356,4.666666666666667,3
67360,5.0,1
67361,4.0,1
67363,5.0,2
67364,5.0,1
67365,2.0,1
67366,5.0,1
67367,5.0,1
67368,5.0,1
67370,5.0,3
67375,3.6666666666666665,3
67381,5.0,1
67384,5.0,1
67385,5.0,1
67388,3.0,1
67391,1.0,1
67392,3.6666666666666665,3
67393,2.0,1
67396,5.0,1
67398,4.0,1
67400,4.0,3
67402,5.0,1
67404,3.0,1
67414,3.75,8
67417,5.0,1
67418,5.0,1
67420,5.0,1
67423,4.0,2
67426,5.0,1
67427,4.0,1
67429,5.0,1
67430,5.0,1
67431,5.0,1
67432,5.0,1
67434,4.0,2
67444,4.0,1
67446,5.0,1
67447,3.0,1
67448,4.0,1
67450,3.3333333333333335,3
67451,4.0,2
67454,3.0,1
67455,5.0,1
67456,4.0,1
67458,4.5,2
67459,4.0,5
67460,4.0,1
67461,5.0,1
67462,3.5,2
67464,5.0,1
67465,3.5,2
67471,2.0,2
67475,3.0,1
67477,5.0,1
67479,5.0,2
67481,3.75,4
67482,4.0,1
67483,3.0,1
67485,5.0,1
67486,5.0,1
67491,5.0,1
67495,5.0,1
67497,5.0,2
67498,5.0,1
67499,4.5,2
67501,3.25,4
67502,4.5,2
67505,3.0,1
67515,5.0,1
67518,4.0,1
67520,2.5,2
67521,5.0,1
67522,4.0,1
67523,3.0,1
67524,4.0,1
67529,3.5,2
67531,4.0,2
67538,3.0,1
67540,4.0,1
67542,3.0,1
67543,5.0,1
67545,4.0,1
67548,5.0,2
67549,3.0,1
67551,4.333333333333333,3
67553,5.0,1
67554,4.0,1
67555,4.0,1
67556,5.0,1
67558,3.0,2
67561,5.0,1
67567,5.0,1
67570,4.0,1
67571,5.0,2
67573,4.0,1
67578,4.0,1
67581,5.0,1
67585,5.0,1
67587,4.0,1
67588,4.0,1
67596,4.0,1
67597,5.0,1
67602,5.0,1
67603,4.0,2
67606,5.0,1
67609,4.5,2
67610,3.0,1
67614,4.0,1
67616,4.666666666666667,3
67618,4.0,1
67619,5.0,1
67620,5.0,1
67621,3.0,1
67622,5.0,1
67623,5.0,1
67625,4.0,1
67630,3.0,1
67631,4.0,1
67633,4.0,2
67634,4.0,1
67637,3.0,1
67638,4.5,2
67639,3.5,2
67643,3.0,2
67644,5.0,1
67648,4.0,1
67650,4.0,2
67654,2.5,2
67655,5.0,1
67666,4.0,1
67670,4.5,2
67676,5.0,1
67677,4.0,1
67678,5.0,1
67680,4.0,1
67692,4.0,1
67693,4.25,4
67694,5.0,2
67695,3.0,1
67696,3.0,1
67699,5.0,1
67700,4.5,2
67702,2.0,2
67704,1.0,1
67706,3.0,1
67707,4.0,1
67708,5.0,1
67710,5.0,1
67711,5.0,1
67714,5.0,1
67718,3.5,2
67719,4.25,4
67721,4.0,1
67724,4.4,5
67726,4.0,2
67729,4.333333333333333,3
67730,5.0,1
67732,4.0,2
67733,4.0,1
67734,4.0,1
67737,4.0,1
67739,5.0,1
67740,5.0,1
67744,4.0,1
67748,5.0,2
67752,4.0,1
67756,4.0,3
67759,1.0,1
67761,4.0,1
67762,5.0,2
67764,5.0,1
67768,4.0,3
67769,4.0,1
67770,5.0,1
67773,4.5,2
67775,5.0,1
67776,4.0,1
67777,5.0,1
67778,3.6666666666666665,3
67780,5.0,1
67781,5.0,1
67782,4.5,2
67783,5.0,1
67784,4.5,2
67786,5.0,1
67789,4.0,1
67791,4.0,1
67792,5.0,2
67793,3.0,1
67795,5.0,1
67796,5.0,1
67799,2.0,2
67801,2.0,1
67806,5.0,1
67813,4.0,1
67814,5.0,1
67816,3.8,5
67817,4.0,4
67819,5.0,1
67822,3.0,1
67824,4.5,6
67825,4.0,1
67829,5.0,1
67830,4.5,2
67831,5.0,1
67833,4.0,3
67835,4.0,1
67836,4.0,1
67842,5.0,1
67845,4.0,1
67846,3.0,1
67851,1.0,1
67853,4.0,1
67857,4.0,2
67859,4.0,1
67860,3.0,1
67861,4.75,4
67864,4.0,2
67865,3.0,2
67866,4.0,1
67868,3.6666666666666665,3
67870,5.0,1
67873,5.0,1
67876,3.0,1
67882,5.0,1
67883,4.0,2
67884,4.5,2
67886,5.0,1
67895,3.0,2
67899,3.0,2
67902,3.0,1
67909,4.333333333333333,3
67911,4.666666666666667,3
67913,3.0,1
67916,3.0,2
67926,5.0,1
67927,3.0,1
67928,5.0,1
67936,2.5,2
67937,5.0,1
67938,4.0,1
67942,5.0,1
67947,5.0,1
67948,5.0,1
67949,5.0,1
67950,4.333333333333333,3
67951,4.0,1
67952,4.625,8
67958,3.8333333333333335,6
67963,5.0,2
67964,5.0,3
67966,5.0,1
67967,5.0,1
67968,5.0,2
67970,4.0,1
67971,4.75,4
67979,4.0,1
67980,5.0,1
67981,1.0,1
67984,5.0,2
67985,5.0,1
67987,5.0,1
67990,5.0,1
67991,5.0,1
67996,4.0,1
67997,5.0,2
67999,4.0,1
68001,5.0,1
68003,3.0,1
68005,5.0,3
68007,4.0,4
68009,3.0,1
68011,4.0,1
68013,3.0,1
68014,5.0,1
68017,5.0,1
68020,3.0,1
68021,5.0,1
68022,4.5,2
68026,4.0,1
68027,3.0,1
68031,5.0,1
68032,5.0,2
68038,4.0,1
68039,5.0,1
68040,5.0,1
68042,4.5,4
68046,3.3333333333333335,3
68053,4.0,1
68055,5.0,1
68057,4.0,1
68058,5.0,1
68059,3.0,2
68062,4.0,1
68063,5.0,1
68066,5.0,1
68069,5.0,1
68071,5.0,1
68076,4.0,2
68081,4.5,2
68086,3.0,1
68087,4.0,2
68088,4.0,1
68092,3.0,1
68096,5.0,1
68098,5.0,1
68100,5.0,3
68101,5.0,1
68108,4.0,3
68109,4.0,2
68110,5.0,1
68115,5.0,1
68116,5.0,2
68119,3.0,2
68123,5.0,1
68126,4.0,1
68127,4.0,1
68129,5.0,1
68130,5.0,1
68132,3.5,2
68137,5.0,1
68141,5.0,1
68142,3.0,1
68144,4.0,1
68146,5.0,1
68154,4.0,2
68155,5.0,1
68157,5.0,1
68159,5.0,1
68161,4.0,2
68166,4.0,1
68167,5.0,1
68169,4.0,1
68171,4.0,1
68172,4.5,2
68173,4.0,1
68174,4.0,1
68175,5.0,1
68178,5.0,1
68180,5.0,1
68182,4.0,1
68184,5.0,2
68185,4.2,5
68190,4.0,1
68192,4.0,2
68200,4.0,3
68201,3.0,1
68206,5.0,2
68207,4.0,2
68209,4.0,1
68210,4.6,5
68212,5.0,1
68220,5.0,1
68222,5.0,1
68229,5.0,1
68230,5.0,3
68231,3.0,2
68233,4.333333333333333,3
68235,3.0,1
68239,4.5,2
68240,3.0,1
68242,4.0,2
68243,3.5,2
68244,5.0,1
68245,3.0,1
68250,4.0,1
68251,4.0,1
68252,4.0,1
68255,4.5,2
68257,2.75,4
68259,4.0,1
68260,4.0,2
68262,3.0,1
68264,5.0,2
68267,3.3333333333333335,3
68268,4.0,1
68269,4.0,1
68271,5.0,1
68275,5.0,1
68277,5.0,1
68281,4.0,1
68284,3.0,1
68286,5.0,1
68288,4.0,1
68292,4.5,2
68294,5.0,1
68295,4.0,1
68296,5.0,1
68298,5.0,1
68300,3.0,1
68301,5.0,1
68302,5.0,2
68306,4.0,1
68307,4.0,1
68308,5.0,1
68310,3.0,1
68311,4.0,1
68316,4.5,2
68317,3.0,1
68320,4.0,1
68322,5.0,2
68330,4.0,1
68333,2.0,1
68334,5.0,1
68336,5.0,1
68337,1.0,1
68338,4.666666666666667,3
68341,3.0,1
68346,5.0,1
68347,4.5,2
68348,5.0,1
68350,5.0,1
68353,5.0,1
68354,5.0,1
68356,2.0,1
68361,4.0,2
68371,5.0,1
68376,5.0,1
68377,5.0,1
68379,3.0,2
68380,4.0,1
68382,4.0,1
68386,4.0,1
68388,5.0,2
68391,3.0,2
68393,4.0,1
68394,4.0,1
68395,4.0,1
68396,5.0,1
68398,3.6666666666666665,6
68399,4.0,2
68402,4.0,1
68403,5.0,1
68404,5.0,1
68405,3.6,5
68406,4.0,1
68407,4.5,2
68413,5.0,1
68414,4.0,1
68422,4.0,1
68426,3.0,1
68427,4.5,2
68429,5.0,2
68432,3.0,1
68435,3.5,2
68444,4.0,1
68445,3.5,2
68447,3.0,1
68449,5.0,1
68450,5.0,4
68452,5.0,1
68453,5.0,1
68457,5.0,2
68458,5.0,1
68461,4.0,3
68462,4.0,1
68465,3.8,5
68470,1.0,1
68472,4.0,1
68480,4.333333333333333,3
68481,5.0,1
68482,5.0,1
68487,4.0,1
68489,5.0,1
68490,5.0,1
68493,4.0,1
68496,4.0,1
68497,4.5,2
68500,5.0,1
68501,3.0,1
68502,5.0,1
68504,4.0,1
68506,3.0,1
68507,4.0,1
68512,4.25,4
68513,5.0,1
68515,4.5,2
68516,4.0,1
68518,4.0,1
68527,5.0,1
68533,4.0,1
68534,3.0,1
68536,4.0,1
68539,4.0,1
68540,4.0,1
68541,5.0,1
68542,3.0,1
68543,3.6666666666666665,3
68544,5.0,1
68546,4.333333333333333,3
68549,4.5,2
68557,1.0,1
68562,2.0,1
68565,5.0,1
68566,4.0,2
68569,4.0,1
68578,4.0,1
68579,3.5,2
68587,5.0,1
68590,5.0,1
68592,3.0,3
68593,5.0,1
68600,3.0,1
68602,5.0,1
68604,5.0,2
68605,1.0,1
68606,4.0,1
68607,3.0,2
68613,4.0,1
68618,4.333333333333333,3
68619,4.0,1
68622,3.0,1
68623,4.0,1
68627,4.0,1
68631,4.0,1
68634,4.0,1
68636,5.0,1
68637,4.0,1
68638,5.0,1
68639,5.0,1
68640,4.0,2
68647,1.0,1
68649,2.0,1
68651,5.0,1
68653,4.0,1
68655,3.0,1
68660,4.0,1
68661,5.0,1
68662,4.0,1
68665,3.0,1
68666,4.0,2
68669,5.0,2
68676,4.0,1
68677,4.0,1
68678,5.0,1
68682,1.0,1
68683,3.923076923076923,13
68684,5.0,1
68685,4.5,2
68689,4.0,1
68690,5.0,2
68692,5.0,1
68695,4.0,1
68698,5.0,1
68700,5.0,1
68701,5.0,1
68707,5.0,1
68708,5.0,1
68709,5.0,1
68712,1.0,1
68714,5.0,2
68716,5.0,1
68719,5.0,1
68720,3.0,1
68721,4.0,1
68723,4.0,2
68726,4.0,1
68727,5.0,1
68729,5.0,1
68731,5.0,1
68733,5.0,1
68735,4.1,10
68737,4.0,2
68738,4.0,1
68742,5.0,1
68743,4.0,1
68745,4.0,1
68746,4.0,1
68747,4.0,1
68750,5.0,1
68751,4.8,5
68753,4.0,1
68755,5.0,1
68756,4.0,1
68757,3.0,1
68758,5.0,1
68759,5.0,2
68760,4.0,1
68762,5.0,1
68763,5.0,2
68765,4.8,5
68767,2.0,1
68772,2.5,2
68773,4.0,1
68774,5.0,1
68775,5.0,1
68776,3.0,1
68777,5.0,1
68779,5.0,1
68784,4.666666666666667,3
68786,4.0,1
68787,4.75,4
68788,5.0,2
68795,4.0,1
68796,5.0,1
68797,4.0,2
68808,5.0,1
68809,5.0,1
68812,5.0,1
68814,4.0,1
68815,3.0,2
68816,3.5,2
68817,3.5,2
68818,5.0,1
68819,4.0,1
68821,4.0,1
68825,1.0,1
68830,4.0,2
68833,2.0,1
68837,5.0,1
68839,5.0,1
68842,5.0,1
68844,4.0,2
68845,4.333333333333333,3
68846,5.0,2
68847,4.0,1
68848,5.0,1
68852,3.5,2
68853,3.0,1
68858,4.0,1
68863,4.0,1
68864,4.0,1
68867,5.0,1
68869,4.0,1
68872,1.0,1
68878,3.0,1
68880,4.0,1
68886,4.0,1
68887,4.0,1
68898,5.0,1
68902,5.0,1
68907,1.0,1
68908,4.0,3
68912,4.0,1
68913,5.0,5
68916,5.0,2
68918,5.0,1
68920,3.0,1
68921,5.0,1
68923,3.0,1
68926,5.0,1
68927,5.0,1
68931,5.0,1
68937,5.0,1
68944,5.0,1
68946,3.0,1
68948,5.0,1
68949,4.0,1
68950,5.0,1
68954,3.0,1
68957,5.0,1
68958,5.0,1
68962,5.0,1
68964,3.0,1
68970,5.0,2
68974,4.0,1
68976,4.0,1
68978,4.0,1
68980,4.0,1
68981,4.333333333333333,3
68984,4.0,1
68994,5.0,1
68995,5.0,1
69000,5.0,1
69006,5.0,1
69008,5.0,1
69009,5.0,1
69011,5.0,1
69013,4.5,2
69017,5.0,1
69023,5.0,1
69030,5.0,1
69034,3.3333333333333335,3
69035,4.0,1
69039,5.0,1
69040,1.0,2
69041,4.0,1
69044,4.0,2
69046,5.0,1
69047,4.0,1
69051,5.0,1
69058,3.5,2
69059,5.0,2
69060,5.0,1
69061,3.0,1
69062,4.0,2
69065,3.5,2
69067,4.0,1
69070,5.0,2
69072,5.0,1
69077,5.0,1
69085,5.0,3
69086,4.0,1
69091,5.0,2
69096,4.0,1
69104,5.0,1
69105,4.333333333333333,3
69109,5.0,1
69110,4.0,1
69111,4.0,1
69112,5.0,2
69114,3.3333333333333335,3
69117,4.0,2
69119,5.0,1
69125,5.0,1
69126,3.0,1
69127,5.0,1
69128,4.0,1
69129,5.0,1
69134,5.0,1
69136,3.0,1
69140,5.0,1
69145,5.0,1
69146,2.0,1
69147,4.0,1
69149,4.0,1
69151,5.0,1
69153,4.0,1
69154,4.0,1
69156,5.0,1
69158,5.0,1
69163,5.0,1
69165,4.0,1
69167,3.0,3
69171,5.0,1
69172,4.0,2
69174,5.0,1
69175,5.0,1
69179,3.0,1
69181,3.0,1
69183,4.75,4
69185,4.0,1
69192,5.0,4
69194,4.0,1
69196,5.0,2
69197,5.0,1
69199,5.0,1
69203,5.0,1
69204,5.0,1
69207,5.0,1
69208,4.0,1
69212,5.0,1
69213,3.0,1
69215,4.5,2
69216,4.0,1
69217,4.5,2
69218,4.0,2
69223,3.0,1
69225,3.0,1
69227,5.0,1
69229,5.0,1
69233,4.0,1
69234,5.0,1
69238,5.0,1
69239,3.25,4
69240,4.5,2
69242,5.0,1
69246,3.0,1
69247,5.0,1
69248,4.0,5
69250,4.0,1
69251,3.5,2
69252,3.0,1
69256,4.0,1
69257,3.3333333333333335,3
69259,5.0,1
69262,4.0,1
69263,3.0,1
69264,4.0,4
69265,3.0,1
69266,4.333333333333333,3
69267,4.0,2
69268,4.0,2
69272,4.5,2
69274,5.0,2
69280,1.0,1
69282,5.0,1
69285,4.5,4
69287,4.0,2
69288,4.5,2
69290,4.0,1
69292,2.0,1
69294,4.0,1
69296,5.0,2
69297,5.0,1
69299,3.0,1
69300,4.0,1
69302,3.0,2
69303,5.0,1
69304,4.0,2
69310,4.0,2
69311,5.0,1
69313,4.0,1
69314,4.5,2
69315,4.0,1
69319,5.0,2
69321,5.0,1
69322,4.0,1
69325,5.0,1
69328,5.0,2
69334,5.0,2
69338,5.0,2
69339,5.0,1
69340,5.0,1
69352,5.0,1
69354,3.0,1
69355,5.0,1
69356,4.0,1
69358,5.0,2
69360,2.0,1
69365,5.0,1
69366,4.5,4
69371,4.0,1
69372,3.0,1
69373,5.0,1
69374,4.666666666666667,3
69376,5.0,2
69379,4.0,1
69383,3.5,2
69391,5.0,3
69393,5.0,2
69395,5.0,1
69396,4.0,1
69402,3.5,2
69403,3.0,1
69412,5.0,1
69414,4.0,1
69415,4.0,1
69418,3.0,3
69419,3.5,2
69420,5.0,1
69421,4.0,1
69424,3.5,2
69425,4.0,2
69429,5.0,2
69431,5.0,1
69432,2.0,1
69435,1.6666666666666667,3
69436,5.0,1
69439,4.0,1
69440,3.6,5
69443,4.5,4
69444,2.5,2
69446,3.0,1
69449,5.0,1
69450,4.0,1
69452,5.0,1
69453,5.0,1
69454,5.0,1
69455,5.0,1
69456,4.75,4
69458,4.333333333333333,3
69459,5.0,1
69462,3.0,1
69463,3.0,2
69469,5.0,1
69473,3.5,2
69474,4.0,1
69476,5.0,2
69477,5.0,2
69478,5.0,1
69480,4.0,2
69481,4.0,1
69482,4.0,1
69483,4.0,1
69486,5.0,1
69488,5.0,1
69490,5.0,1
69494,5.0,1
69495,5.0,1
69498,5.0,1
69499,4.0,1
69500,4.0,1
69507,3.0,1
69511,2.0,1
69512,4.0,1
69515,5.0,1
69518,3.0,2
69519,3.0,1
69520,4.5,2
69521,3.0,1
69523,3.75,4
69524,5.0,1
69527,4.0,1
69529,5.0,1
69530,4.0,1
69531,3.0,1
69537,3.0,1
69540,3.0,1
69544,2.0,1
69548,3.25,4
69549,3.3333333333333335,3
69550,4.0,1
69551,4.2,5
69553,1.0,1
69554,4.0,1
69557,5.0,1
69561,5.0,1
69563,5.0,1
69564,3.0,1
69565,4.0,1
69566,4.0,1
69568,4.0,2
69571,3.75,4
69576,4.0,1
69578,3.0,1
69579,5.0,2
69580,3.0,1
69581,5.0,1
69584,4.0,2
69588,5.0,1
69589,4.0,1
69590,5.0,1
69593,4.0,1
69594,5.0,2
69595,1.0,1
69596,5.0,1
69597,4.0,1
69600,5.0,1
69601,4.5,2
69602,5.0,1
69603,4.5,6
69604,3.0,1
69614,5.0,1
69621,4.333333333333333,3
69630,3.0,1
69631,4.0,1
69635,5.0,1
69636,4.0,2
69637,5.0,1
69641,5.0,1
69644,5.0,1
69648,4.0,1
69650,1.0,2
69658,4.0,1
69659,3.0,1
69660,5.0,1
69661,4.0,1
69663,3.0,1
69666,4.0,1
69669,3.0,1
69671,4.0,1
69672,4.0,2
69674,4.333333333333333,3
69675,4.0,1
69676,5.0,1
69681,5.0,1
69685,5.0,1
69688,5.0,1
69689,3.0,1
69693,4.0,3
69694,5.0,2
69695,4.0,1
69700,5.0,1
69702,3.0,1
69703,5.0,1
69704,5.0,1
69705,4.6,5
69714,4.0,1
69715,5.0,1
69716,4.0,3
69720,5.0,1
69723,3.5,2
69726,2.3333333333333335,3
69727,5.0,2
69733,3.0,1
69742,3.5,2
69745,4.0,4
69746,4.0,1
69748,3.0,1
69750,4.0,2
69762,5.0,2
69765,5.0,1
69767,4.0,1
69769,5.0,1
69770,3.3333333333333335,3
69772,4.5,2
69773,5.0,1
69775,3.0,1
69776,4.5,2
69777,5.0,1
69780,4.0,1
69782,5.0,1
69796,3.0,1
69799,3.6666666666666665,3
69801,5.0,1
69802,4.0,1
69803,4.0,1
69806,5.0,1
69808,5.0,1
69809,5.0,2
69812,5.0,1
69814,4.5,2
69815,4.0,1
69816,5.0,2
69817,3.5,2
69821,4.5,2
69823,5.0,1
69829,3.0,1
69830,4.0,2
69831,5.0,1
69834,4.0,2
69837,4.090909090909091,11
69840,4.0,2
69841,4.6,5
69844,5.0,1
69845,4.0,1
69846,5.0,1
69848,5.0,1
69856,5.0,1
69859,4.0,2
69861,3.5,2
69862,4.0,1
69865,5.0,1
69869,4.0,1
69871,5.0,4
69877,4.0,1
69884,3.0,1
69888,1.0,1
69889,5.0,1
69897,4.0,5
69898,5.0,1
69901,4.0,1
69902,4.666666666666667,3
69904,4.0,1
69905,5.0,5
69908,5.0,1
69910,2.3333333333333335,3
69912,4.0,1
69919,5.0,1
69921,5.0,1
69923,4.0,2
69925,5.0,2
69931,4.0,1
69932,5.0,1
69934,5.0,1
69935,4.0,2
69937,5.0,1
69939,4.0,1
69940,5.0,1
69944,5.0,1
69946,5.0,1
69947,5.0,1
69950,5.0,1
69951,4.5,2
69954,5.0,1
69959,5.0,1
69960,3.0,1
69962,3.5,2
69963,4.0,1
69965,3.0,1
69966,5.0,2
69968,5.0,2
69969,5.0,2
69972,3.0,2
69978,4.0,1
69982,2.0,1
69984,5.0,2
69985,5.0,1
69994,5.0,1
69995,5.0,3
69996,1.0,1
69998,3.3333333333333335,3
69999,4.0,1
70000,5.0,1
70003,3.0,1
70004,5.0,1
70010,3.0,1
70011,2.0,1
70012,5.0,1
70013,4.0,1
70023,1.0,1
70025,3.0,1
70029,4.333333333333333,6
70031,5.0,2
70032,5.0,1
70033,4.0,1
70035,4.0,1
70037,5.0,1
70038,5.0,1
70041,3.0,1
70043,5.0,1
70044,3.6666666666666665,3
70051,4.5,2
70053,5.0,1
70054,4.0,1
70055,4.666666666666667,3
70057,4.0,3
70064,5.0,1
70065,1.0,1
70066,3.5,2
70073,4.0,1
70077,4.0,1
70078,4.5,2
70083,4.0,1
70085,5.0,1
70089,4.0,1
70090,5.0,1
70094,3.0,1
70095,3.5,2
70096,2.0,1
70100,3.0,1
70110,4.0,1
70112,4.0,1
70114,4.0,1
70120,5.0,1
70122,5.0,1
70128,4.0,1
70129,4.5,2
70132,5.0,1
70135,4.0,1
70136,5.0,1
70137,5.0,1
70140,4.0,2
70141,5.0,1
70143,4.0,1
70146,4.0,1
70147,5.0,1
70148,3.0,1
70150,5.0,2
70151,4.0,1
70152,3.0,1
70153,3.0,1
70155,4.0,2
70162,5.0,1
70165,4.5,2
70166,4.0,1
70167,3.0,1
70170,3.0,1
70173,3.4,5
70176,3.0,1
70180,3.0,1
70181,2.0,1
70182,4.0,1
70185,4.0,2
70188,4.5,2
70191,5.0,1
70194,5.0,2
70196,3.0,1
70197,4.0,1
70202,4.0,3
70204,4.0,1
70205,5.0,1
70214,4.0,1
70215,4.0,2
70222,4.0,3
70223,4.0,2
70224,5.0,1
70225,5.0,1
70229,3.0,2
70231,4.666666666666667,3
70234,5.0,1
70236,5.0,2
70237,4.333333333333333,6
70238,4.5,2
70241,5.0,1
70243,5.0,1
70247,5.0,1
70249,5.0,1
70257,4.0,2
70258,4.0,1
70259,3.0,1
70269,3.75,4
70273,5.0,1
70275,4.5,2
70276,4.0,1
70278,5.0,2
70279,5.0,1
70281,5.0,2
70282,3.0,1
70283,5.0,2
70286,3.8,5
70288,4.0,1
70290,5.0,1
70303,3.0,1
70307,4.5,2
70308,3.0,1
70309,1.0,1
70312,5.0,1
70313,4.5,4
70314,5.0,1
70315,4.333333333333333,3
70318,5.0,1
70323,4.0,2
70325,5.0,4
70326,5.0,1
70333,5.0,1
70334,4.428571428571429,7
70335,4.0,2
70336,3.0,1
70338,5.0,1
70339,4.0,1
70342,5.0,1
70347,5.0,1
70353,5.0,1
70355,5.0,1
70361,5.0,2
70362,4.5,2
70365,4.0,2
70366,4.0,1
70367,5.0,1
70374,4.0,1
70376,5.0,1
70377,3.0,2
70379,4.0,1
70380,4.0,2
70383,3.0,1
70385,4.0,1
70386,4.5,2
70392,4.5,2
70395,4.0,1
70396,3.6666666666666665,3
70398,4.0,5
70399,3.0,1
70401,4.0,1
70403,3.0,1
70408,3.0,3
70409,5.0,1
70411,5.0,1
70412,5.0,1
70413,4.666666666666667,3
70419,5.0,1
70420,2.0,1
70421,3.0,1
70422,5.0,1
70423,5.0,1
70429,4.0,1
70430,4.5,2
70433,4.5,2
70436,4.333333333333333,3
70438,5.0,1
70439,5.0,2
70444,4.0,1
70449,4.333333333333333,3
70452,5.0,1
70456,5.0,1
70457,3.0,1
70462,4.0,4
70465,5.0,1
70467,5.0,1
70473,5.0,1
70475,1.0,1
70477,5.0,1
70483,4.5,2
70484,4.0,4
70486,5.0,1
70488,3.0,1
70489,3.0,5
70491,2.5,2
70492,4.333333333333333,3
70493,2.0,1
70494,2.0,1
70497,1.0,1
70498,4.5,2
70503,3.6,5
70504,4.6,5
70505,5.0,1
70506,4.0,1
70509,4.0,1
70510,4.0,1
70511,5.0,1
70513,5.0,1
70514,5.0,1
70516,4.0,1
70520,3.5,2
70525,5.0,1
70529,2.0,1
70533,2.0,1
70543,5.0,1
70546,2.0,1
70547,3.0,2
70549,5.0,1
70550,4.0,1
70551,5.0,1
70552,2.0,1
70554,2.0,1
70555,5.0,1
70557,2.0,1
70560,4.0,1
70564,5.0,2
70567,4.0,3
70569,4.0,1
70571,5.0,1
70573,5.0,1
70580,5.0,1
70584,4.0,2
70588,5.0,1
70589,1.0,1
70590,4.0,1
70593,4.0,2
70594,5.0,1
70595,4.0,3
70599,3.0,1
70600,4.0,1
70601,4.0,1
70611,3.0,1
70614,5.0,2
70615,3.0,1
70619,5.0,1
70624,4.4,5
70627,3.5,2
70628,4.0,1
70633,3.3333333333333335,3
70636,4.0,1
70639,3.6666666666666665,3
70643,5.0,1
70647,3.0,1
70648,3.0,1
70650,5.0,2
70651,4.0,1
70653,4.0,1
70655,5.0,1
70656,5.0,1
70661,1.0,1
70662,3.0,1
70663,3.92,25
70667,5.0,1
70669,4.0,1
70671,5.0,1
70672,4.0,1
70679,2.6666666666666665,3
70683,4.0,1
70687,5.0,1
70689,2.0,1
70690,4.0,1
70691,3.0,1
70692,5.0,1
70695,5.0,3
70696,4.0,1
70698,5.0,1
70699,3.0,2
70700,2.0,1
70704,4.0,2
70706,1.0,1
70709,5.0,1
70713,3.0,2
70714,4.0,1
70717,5.0,1
70721,5.0,1
70722,3.0,1
70726,3.0,1
70727,4.0,3
70731,3.0,1
70732,4.0,1
70738,4.333333333333333,3
70739,4.0,2
70740,4.0,1
70741,5.0,1
70742,4.0,2
70746,4.0,4
70749,5.0,1
70751,4.125,8
70755,4.0,1
70761,4.5,2
70768,4.0,5
70773,4.0,1
70780,3.0,1
70781,4.0,1
70787,4.0,2
70789,3.5,2
70790,4.0,2
70792,4.0,2
70794,5.0,3
70796,4.0,1
70801,4.0,2
70802,4.25,4
70803,4.0,1
70805,5.0,2
70806,4.0,2
70807,4.0,2
70810,5.0,1
70811,5.0,3
70812,4.0,2
70819,4.0,1
70823,4.0,5
70826,4.0,1
70835,5.0,1
70836,4.0,2
70837,4.0,6
70838,3.0,1
70843,5.0,1
70846,5.0,1
70848,5.0,1
70851,3.5,2
70853,4.5,2
70854,3.75,4
70858,4.0,3
70859,5.0,2
70860,3.0,1
70862,4.0,1
70863,4.0,1
70864,5.0,1
70865,4.0,1
70867,3.6666666666666665,3
70868,4.0,1
70872,4.0,1
70877,3.0,1
70880,1.0,1
70885,5.0,1
70886,5.0,1
70891,5.0,1
70895,3.5,2
70899,3.0,1
70905,5.0,1
70906,5.0,1
70908,5.0,1
70910,4.0,1
70913,5.0,1
70916,5.0,3
70917,4.0,1
70918,5.0,1
70920,5.0,1
70930,5.0,1
70932,1.0,1
70933,5.0,1
70934,4.0,2
70935,5.0,1
70936,5.0,1
70939,4.0,1
70940,4.0,4
70945,5.0,1
70946,4.5,2
70955,3.0,3
70956,5.0,2
70957,5.0,1
70963,4.0,1
70965,3.0,1
70967,4.666666666666667,9
70969,5.0,1
70971,5.0,1
70975,5.0,2
70978,5.0,2
70982,5.0,1
70983,5.0,1
70985,3.0,2
70986,5.0,2
70987,4.0,2
70988,4.666666666666667,3
70994,3.0,1
70997,4.666666666666667,3
70999,4.0,2
71006,5.0,1
71007,4.0,2
71010,3.5,2
71015,3.6666666666666665,3
71018,4.0,1
71019,4.0,3
71021,4.0,1
71025,4.0,2
71026,5.0,1
71027,5.0,1
71028,5.0,1
71031,5.0,1
71032,3.0,1
71035,5.0,1
71036,5.0,1
71038,3.0,1
71041,4.0,2
71044,4.0,1
71047,4.0,1
71051,3.0,1
71055,3.5,2
71057,5.0,1
71072,1.0,2
71073,5.0,1
71074,5.0,1
71075,5.0,1
71079,4.0,3
71081,5.0,1
71082,5.0,1
71084,2.0,1
71085,2.0,1
71087,2.0,1
71089,4.25,4
71094,4.0,1
71096,5.0,1
71097,5.0,1
71098,4.0,1
71102,3.0,2
71107,4.5,2
71108,4.0,1
71111,3.6666666666666665,3
71113,4.75,4
71114,5.0,1
71119,3.0,2
71122,3.5,2
71123,4.0,1
71124,4.5,2
71125,5.0,1
71126,3.0,1
71130,4.0,1
71132,5.0,1
71136,5.0,1
71138,4.5,4
71140,5.0,1
71150,5.0,1
71152,4.0,1
71154,4.666666666666667,3
71155,5.0,1
71157,4.0,1
71161,4.5,4
71162,5.0,1
71163,3.0,1
71166,4.0,2
71168,4.0,1
71171,5.0,1
71173,5.0,2
71175,5.0,1
71176,5.0,2
71180,4.0,1
71181,5.0,1
71184,5.0,1
71185,5.0,1
71187,4.0,1
71188,2.0,1
71189,5.0,2
71192,3.0,2
71196,5.0,2
71199,3.0,1
71202,4.0,1
71205,4.0,1
71207,4.0,2
71208,4.0,1
71209,4.0,1
71214,4.0,1
71219,4.0,1
71220,5.0,1
71221,4.0,1
71224,4.0,1
71226,4.0,1
71232,4.0,1
71233,3.0,1
71234,5.0,1
71235,4.0,1
71237,5.0,1
71239,4.0,1
71240,5.0,2
71243,5.0,1
71248,4.0,1
71249,5.0,1
71250,4.0,1
71251,4.0,1
71253,4.0,2
71255,5.0,1
71256,5.0,1
71258,3.5,2
71266,5.0,1
71268,4.5,2
71269,4.0,2
71272,5.0,1
71274,4.0,1
71275,5.0,1
71276,3.3333333333333335,3
71277,2.0,1
71282,4.0,1
71284,3.0,2
71285,4.0,1
71290,5.0,2
71291,4.666666666666667,3
71296,4.0,1
71302,4.0,1
71308,3.3333333333333335,3
71309,5.0,1
71310,3.0,1
71311,5.0,1
71312,3.0,1
71313,3.5,2
71316,4.714285714285714,7
71323,5.0,1
71331,5.0,1
71332,4.0,1
71334,3.0,1
71335,5.0,1
71336,4.5,2
71340,3.0,2
71341,4.5,2
71342,5.0,1
71343,5.0,1
71344,4.0,1
71345,4.5,2
71347,3.5,2
71348,3.0,1
71351,4.0,1
71352,3.8,5
71353,3.0,1
71363,3.5,2
71369,4.0,1
71370,5.0,2
71371,4.25,4
71372,4.0,1
71373,4.0,1
71377,5.0,1
71378,5.0,1
71382,4.666666666666667,3
71384,4.0,2
71385,4.0,1
71386,5.0,2
71389,5.0,1
71394,3.0,1
71397,4.5,2
71398,4.5,2
71400,3.0,1
71412,4.0,1
71415,5.0,1
71416,4.5,2
71417,4.0,1
71422,3.5,2
71423,4.5,2
71424,3.6666666666666665,3
71426,3.0,1
71428,3.0,2
71429,1.0,1
71430,4.0,1
71431,5.0,1
71432,4.0,1
71435,4.0,2
71436,5.0,2
71440,4.0,1
71442,4.5,2
71443,5.0,1
71444,5.0,1
71448,4.0,1
71451,3.0,1
71453,5.0,1
71454,5.0,1
71456,3.6666666666666665,3
71463,3.0,1
71466,4.0,1
71467,5.0,1
71470,5.0,1
71472,3.0,1
71475,3.0,1
71477,4.0,1
71483,5.0,1
71486,5.0,1
71488,4.0,1
71489,3.5,2
71490,3.0,1
71493,4.0,1
71496,4.0,1
71498,3.5,2
71499,2.0,1
71503,5.0,1
71504,4.5,2
71510,3.5,4
71511,5.0,3
71513,5.0,1
71514,4.5,2
71516,5.0,1
71518,5.0,1
71519,4.0,1
71521,5.0,2
71527,3.4,5
71529,4.0,2
71530,4.0,1
71533,2.0,1
71534,3.0,1
71535,4.333333333333333,6
71538,5.0,1
71540,5.0,4
71542,4.0,2
71543,1.5,2
71546,5.0,1
71549,5.0,1
71556,4.0,1
71559,5.0,1
71560,4.5,4
71561,4.0,7
71562,4.5,2
71564,4.0,1
71566,5.0,1
71567,5.0,1
71568,4.0,1
71571,4.5,4
71572,5.0,1
71573,4.333333333333333,3
71575,5.0,1
71578,4.0,1
71579,4.0,2
71581,4.0,2
71582,4.0,1
71584,4.0,3
71585,5.0,1
71588,4.0,2
71589,4.0,1
71590,4.5,2
71596,4.333333333333333,3
71598,1.0,1
71600,4.0,1
71602,4.0,1
71608,4.0,1
71609,3.0,1
71610,5.0,1
71615,4.0,4
71616,3.0,1
71617,4.333333333333333,3
71619,2.5,2
71624,3.0,1
71626,4.0,2
71628,4.0,1
71629,4.0,3
71631,5.0,2
71632,4.0,4
71634,5.0,1
71636,5.0,1
71645,4.0,5
71646,3.0,1
71650,4.0,1
71652,3.0,1
71654,5.0,1
71655,5.0,1
71657,5.0,1
71658,5.0,1
71661,5.0,3
71664,3.0,1
71670,5.0,1
71675,4.0,1
71676,4.0,2
71677,3.0,2
71678,4.0,1
71682,5.0,1
71687,5.0,2
71689,4.25,4
71690,1.0,2
71691,5.0,1
71694,5.0,2
71698,4.0,1
71703,4.0,1
71705,5.0,3
71708,3.0,1
71709,4.0,1
71710,5.0,3
71711,4.333333333333333,3
71712,4.0,1
71713,5.0,1
71715,3.5,2
71716,4.5,4
71717,3.0,1
71719,4.0,1
71721,5.0,1
71722,4.0,2
71723,4.0,1
71724,5.0,1
71725,3.0,3
71727,3.0,1
71729,4.4,5
71730,5.0,1
71731,5.0,1
71732,4.0,1
71736,4.0,1
71739,4.5,2
71742,4.0,2
71750,4.0,2
71753,3.0,1
71756,4.0,2
71758,5.0,1
71760,3.0,1
71761,1.0,1
71763,5.0,1
71764,5.0,1
71767,5.0,2
71768,4.0,2
71769,5.0,1
71771,4.0,1
71774,4.6,5
71776,5.0,4
71778,4.0,1
71779,5.0,1
71788,5.0,1
71790,3.0,2
71794,3.0,1
71796,5.0,1
71797,4.0,2
71798,2.0,1
71804,5.0,1
71806,4.75,4
71808,5.0,2
71809,4.0,2
71812,5.0,2
71814,5.0,1
71816,4.666666666666667,3
71822,3.0,1
71823,5.0,2
71826,5.0,1
71832,5.0,1
71837,4.0,1
71838,5.0,1
71839,4.0,1
71840,5.0,1
71846,4.0,1
71848,4.0,1
71850,5.0,1
71852,5.0,1
71853,5.0,1
71855,4.0,1
71859,2.0,1
71860,4.0,1
71861,3.0,1
71870,4.0,1
71874,5.0,1
71876,4.5,2
71882,5.0,1
71883,4.0,1
71885,5.0,2
71886,4.0,1
71889,3.3333333333333335,3
71900,3.0,1
71904,5.0,1
71910,4.0,1
71914,4.0,2
71916,4.0,1
71920,4.0,2
71923,5.0,1
71925,5.0,1
71926,5.0,1
71927,4.0,1
71929,5.0,1
71930,5.0,1
71933,5.0,1
71943,2.0,1
71946,3.0,2
71947,3.5,2
71948,4.0,2
71949,2.0,1
71950,3.0,1
71951,5.0,4
71954,5.0,1
71957,5.0,1
71959,4.2,5
71960,1.0,1
71961,4.0,2
71966,5.0,1
71967,3.0,1
71969,3.0,2
71970,4.0,1
71972,5.0,1
71974,4.0,2
71981,4.666666666666667,3
71982,1.0,1
71984,5.0,1
71986,5.0,1
71989,5.0,1
71992,3.0,2
71994,3.0,1
71997,5.0,1
71998,4.0,1
72005,5.0,3
72008,5.0,1
72009,4.0,2
72013,4.0,1
72015,3.5,2
72016,3.0,1
72018,1.0,1
72021,5.0,1
72024,3.3333333333333335,3
72026,5.0,2
72029,5.0,1
72031,5.0,2
72032,4.0,1
72034,5.0,1
72035,4.333333333333333,3
72036,5.0,1
72037,5.0,1
72038,5.0,1
72040,5.0,2
72042,4.0,1
72044,5.0,1
72046,4.666666666666667,9
72047,3.75,4
72048,4.0,2
72058,1.5,2
72059,4.0,1
72061,5.0,1
72062,4.0,2
72063,5.0,1
72066,4.0,1
72068,5.0,1
72071,4.0,1
72073,3.6666666666666665,6
72075,4.0,1
72078,4.0,1
72079,5.0,1
72080,4.0,1
72081,1.0,1
72085,4.0,3
72086,5.0,1
72087,4.0,1
72089,4.0,1
72090,5.0,1
72091,1.0,1
72092,1.0,1
72097,5.0,1
72098,5.0,1
72099,4.0,1
72104,5.0,1
72105,4.75,4
72107,5.0,1
72108,3.3333333333333335,3
72116,3.5,2
72123,5.0,1
72126,4.0,1
72127,5.0,1
72129,4.0,2
72135,5.0,1
72137,2.5,2
72138,4.5,2
72139,4.0,1
72140,5.0,1
72141,4.0,1
72142,5.0,1
72144,3.0,1
72147,5.0,1
72148,5.0,1
72151,4.2,5
72153,5.0,1
72154,4.5,2
72156,5.0,1
72159,4.0,1
72162,5.0,1
72164,2.5,2
72169,3.5,2
72170,3.6666666666666665,3
72173,3.5,2
72179,3.0,1
72181,4.333333333333333,3
72183,5.0,1
72187,4.0,1
72190,3.5,2
72193,5.0,1
72202,4.0,3
72204,5.0,1
72208,4.4,5
72211,5.0,2
72218,3.0,1
72224,2.6666666666666665,3
72228,4.0,4
72235,3.0,1
72237,4.0,1
72239,5.0,1
72243,4.0,1
72246,3.0,1
72248,5.0,1
72249,3.6666666666666665,3
72258,3.0,1
72263,4.5,2
72264,4.0,1
72267,4.0,1
72268,4.0,1
72270,4.25,4
72272,5.0,1
72275,5.0,1
72277,4.0,2
72279,5.0,2
72282,5.0,1
72286,3.0,1
72289,4.0,1
72290,5.0,1
72291,5.0,1
72293,5.0,1
72294,5.0,1
72299,5.0,1
72300,5.0,1
72302,5.0,1
72303,5.0,1
72304,4.333333333333333,3
72306,4.0,2
72309,4.0,1
72311,4.0,1
72315,5.0,1
72321,4.0,1
72322,4.0,1
72324,5.0,1
72326,4.0,1
72328,5.0,2
72330,5.0,3
72333,1.0,1
72336,4.0,1
72337,4.0,1
72338,5.0,2
72339,3.0,1
72342,4.5,2
72344,5.0,1
72347,4.0,2
72351,4.5,2
72356,4.666666666666667,3
72358,5.0,1
72363,4.0,2
72367,4.666666666666667,3
72371,3.0,1
72372,5.0,1
72375,5.0,1
72379,1.0,1
72381,5.0,3
72382,4.0,2
72383,3.0,1
72384,5.0,1
72386,5.0,1
72387,4.0,1
72395,1.0,1
72396,4.333333333333333,3
72397,4.0,3
72399,4.0,2
72405,5.0,1
72407,5.0,1
72409,5.0,1
72414,4.0,1
72416,5.0,1
72417,4.0,1
72419,4.0,1
72420,3.7857142857142856,14
72425,5.0,1
72426,5.0,1
72427,4.5,2
72428,5.0,1
72431,5.0,1
72432,4.0,1
72435,5.0,1
72437,3.0,2
72438,5.0,1
72439,3.2,5
72440,1.0,1
72441,5.0,1
72442,2.0,1
72443,5.0,2
72447,4.0,1
72448,5.0,2
72452,5.0,1
72453,5.0,2
72454,3.0,1
72456,5.0,1
72457,5.0,1
72459,4.0,1
72461,5.0,1
72462,5.0,2
72463,4.0,1
72464,5.0,1
72465,4.0,1
72467,5.0,1
72468,5.0,1
72469,4.0,1
72479,4.0,1
72481,3.0,1
72482,5.0,1
72492,1.0,1
72493,4.5,2
72496,4.6,5
72497,4.5,2
72500,4.0,4
72501,5.0,1
72506,4.0,2
72507,5.0,1
72509,5.0,1
72510,3.0,2
72512,5.0,1
72519,2.0,1
72522,4.0,1
72523,3.0,1
72524,4.0,1
72525,5.0,1
72527,3.0,1
72529,5.0,1
72531,5.0,1
72532,4.0,1
72535,4.0,1
72538,4.0,1
72540,4.0,1
72543,5.0,1
72548,5.0,1
72549,4.0,1
72550,5.0,1
72555,4.0,1
72556,3.0,1
72557,4.0,1
72559,4.75,4
72560,5.0,1
72565,4.0,1
72566,3.75,4
72568,4.5,2
72569,4.666666666666667,3
72570,5.0,1
72575,4.0,1
72576,4.0,1
72581,5.0,1
72586,4.0,1
72589,5.0,1
72597,4.0,2
72598,5.0,2
72599,5.0,1
72601,4.0,1
72602,5.0,1
72603,4.0,1
72611,4.0,1
72616,2.0,1
72617,5.0,1
72618,4.0,3
72619,5.0,1
72620,3.5,2
72621,3.0,1
72623,5.0,1
72625,5.0,1
72630,4.5,2
72631,5.0,1
72632,3.5,2
72634,4.0,1
72635,4.0,6
72637,4.0,1
72638,5.0,1
72639,5.0,1
72642,1.0,1
72646,2.0,1
72650,5.0,2
72651,5.0,1
72652,3.0,2
72655,2.0,1
72660,5.0,1
72662,4.0,1
72663,5.0,1
72666,3.0,1
72669,5.0,1
72672,3.0,2
72674,5.0,1
72676,4.0,1
72679,5.0,1
72688,4.8,5
72691,3.0,2
72694,5.0,1
72697,4.8,5
72698,5.0,1
72703,3.0,4
72704,4.666666666666667,3
72705,2.0,1
72707,4.333333333333333,3
72710,4.0,1
72712,4.0,1
72715,3.0,1
72719,5.0,1
72722,4.5,2
72723,3.0,2
72724,4.0,2
72727,5.0,2
72730,5.0,1
72731,3.6666666666666665,3
72733,4.0,2
72734,3.0,1
72735,4.0,2
72738,5.0,1
72741,5.0,1
72742,5.0,1
72745,5.0,1
72746,3.0,1
72747,5.0,1
72750,3.0,1
72754,4.0,2
72757,3.0,1
72758,5.0,1
72759,4.0,3
72765,4.0,1
72766,5.0,2
72774,3.0,3
72775,5.0,1
72777,4.0,1
72780,3.5,2
72783,3.0,1
72787,4.0,1
72789,2.0,1
72790,5.0,1
72791,4.0,2
72792,4.0,2
72793,4.0,2
72799,5.0,1
72801,3.0,1
72802,4.0,1
72803,4.5,2
72804,5.0,2
72805,5.0,1
72807,5.0,2
72811,2.0,1
72813,4.4,5
72816,5.0,1
72820,5.0,1
72821,4.0,3
72824,5.0,1
72830,5.0,1
72832,5.0,2
72833,2.0,1
72844,5.0,1
72846,4.0,1
72848,5.0,1
72849,5.0,2
72850,5.0,1
72851,4.0,1
72852,4.0,1
72853,4.0,1
72855,5.0,1
72856,5.0,2
72863,5.0,2
72867,5.0,1
72873,4.0,1
72876,2.5,2
72881,2.0,1
72882,4.0,1
72888,5.0,1
72891,5.0,1
72892,1.0,1
72895,4.0,1
72896,2.0,2
72897,3.0,1
72898,5.0,2
72903,4.0,2
72907,4.5,2
72909,5.0,1
72910,5.0,1
72911,4.0,2
72912,5.0,1
72913,5.0,1
72916,3.0,1
72917,5.0,2
72922,3.3333333333333335,3
72923,4.0,1
72927,3.0,1
72932,4.0,1
72933,4.666666666666667,3
72934,5.0,1
72937,5.0,1
72940,5.0,1
72941,4.0,1
72942,3.5,2
72943,4.333333333333333,3
72946,5.0,1
72947,5.0,1
72951,5.0,1
72952,4.0,1
72953,5.0,1
72955,4.0,1
72958,4.0,1
72960,4.333333333333333,3
72961,4.0,4
72962,4.0,2
72964,4.0,1
72965,4.0,1
72969,4.0,1
72974,4.0,1
72980,5.0,1
72983,3.0,1
72985,5.0,1
72986,1.0,1
72987,3.0,1
72991,4.0,2
72996,5.0,1
73001,5.0,2
73002,4.0,2
73008,5.0,1
73009,4.0,1
73010,4.0,1
73012,5.0,1
73019,2.3333333333333335,3
73021,3.0,1
73022,5.0,1
73023,4.5,2
73025,5.0,1
73028,5.0,2
73030,5.0,1
73035,3.0,1
73036,5.0,1
73044,5.0,4
73050,4.0,1
73052,5.0,1
73053,4.0,4
73055,3.6666666666666665,3
73058,4.0,1
73059,4.0,2
73060,5.0,1
73063,5.0,1
73064,5.0,1
73067,5.0,1
73071,3.0,1
73077,3.6666666666666665,3
73082,5.0,1
73083,4.0,1
73084,4.0,1
73086,4.5,2
73089,5.0,1
73096,4.0,2
73098,4.0,1
73099,4.0,1
73103,4.0,1
73104,4.0,1
73106,5.0,1
73107,5.0,1
73111,5.0,1
73112,4.0,1
73118,4.0,1
73120,4.0,1
73121,4.333333333333333,3
73124,5.0,1
73126,2.0,1
73128,2.0,1
73131,4.0,1
73132,4.0,1
73133,5.0,1
73134,3.0,2
73135,5.0,1
73137,4.5,2
73141,4.0,2
73151,1.0,2
73154,5.0,2
73156,5.0,1
73159,4.5,2
73162,4.0,1
73163,3.0,1
73165,5.0,1
73170,5.0,1
73171,5.0,1
73172,4.333333333333333,3
73173,5.0,1
73174,3.0,1
73179,5.0,1
73183,5.0,1
73186,3.0,1
73188,3.0,1
73189,4.0,1
73197,2.0,2
73200,3.0,1
73201,4.0,3
73203,5.0,1
73210,3.0,1
73212,5.0,1
73221,5.0,1
73222,4.0,2
73225,4.0,1
73232,4.0,1
73234,3.0,2
73235,1.0,1
73238,5.0,1
73244,3.5,2
73245,5.0,1
73248,5.0,1
73250,4.0,1
73251,5.0,1
73254,3.0,2
73255,4.5,2
73258,4.0,1
73261,4.0,1
73269,4.5,2
73270,5.0,2
73271,4.0,3
73272,4.0,1
73274,4.0,1
73275,4.0,1
73277,3.5,2
73278,5.0,3
73279,4.111111111111111,9
73280,2.0,1
73281,4.0,1
73282,4.0,1
73284,5.0,1
73287,4.0,1
73289,5.0,2
73290,4.75,4
73291,2.0,1
73295,3.0,1
73307,5.0,1
73308,5.0,1
73309,3.0,1
73310,4.0,1
73312,4.5,2
73313,4.0,1
73316,4.25,4
73317,5.0,1
73319,4.0,1
73323,4.0,1
73324,4.0,1
73326,4.0,1
73327,3.0,1
73330,3.5,2
73333,4.0,1
73334,5.0,1
73335,4.5,2
73336,5.0,1
73337,4.0,1
73341,4.0,1
73342,4.0,3
73346,5.0,1
73348,5.0,1
73349,5.0,1
73351,4.0,1
73361,5.0,1
73365,3.0,1
73366,4.0,2
73367,5.0,1
73371,3.0,1
73372,4.0,1
73373,4.0,1
73374,5.0,2
73378,4.0,1
73379,5.0,1
73381,4.333333333333333,3
73382,3.5,2
73383,1.0,1
73384,3.0,1
73385,4.0,1
73386,4.0,1
73393,2.0,1
73397,3.0,2
73398,4.0,1
73400,3.0,1
73401,2.0,1
73402,5.0,1
73405,5.0,4
73407,4.0,2
73409,4.0,1
73410,5.0,1
73412,3.0,1
73413,4.0,1
73417,4.0,2
73419,4.5,2
73420,4.0,1
73421,4.0,1
73423,5.0,1
73424,5.0,1
73432,5.0,1
73438,5.0,2
73445,5.0,2
73448,4.0,1
73452,4.0,1
73456,5.0,1
73458,5.0,1
73460,5.0,1
73464,5.0,1
73467,2.0,2
73468,4.0,1
73472,5.0,1
73474,5.0,1
73477,4.0,1
73478,5.0,1
73479,4.0,1
73480,4.0,1
73481,4.0,1
73485,2.0,1
73486,5.0,2
73490,4.0,1
73491,5.0,1
73496,5.0,1
73500,4.0,1
73504,4.666666666666667,3
73505,4.0,1
73506,5.0,1
73509,4.5,4
73510,4.0,1
73511,5.0,1
73515,4.5,2
73516,5.0,1
73522,4.0,1
73524,2.0,1
73526,3.0,1
73530,5.0,1
73531,4.0,1
73533,5.0,1
73535,3.0,1
73536,4.0,3
73537,5.0,1
73544,3.0,1
73547,4.5,2
73548,5.0,1
73549,4.5,2
73551,4.0,1
73554,4.0,2
73555,2.0,2
73557,4.0,2
73558,5.0,1
73560,5.0,2
73563,3.8,5
73564,1.0,1
73565,5.0,1
73567,5.0,2
73568,3.5,2
73573,5.0,1
73575,4.0,2
73576,3.25,4
73578,3.0,1
73579,3.0,1
73580,5.0,1
73581,5.0,1
73584,4.5,2
73586,4.0,1
73589,4.25,4
73591,4.0,1
73595,3.0,1
73596,5.0,1
73602,2.0,1
73604,4.0,1
73605,5.0,1
73608,3.0,1
73610,5.0,1
73611,5.0,1
73615,4.0,1
73618,5.0,2
73622,4.0,1
73626,4.5,4
73632,4.0,1
73633,4.0,2
73637,5.0,1
73640,4.0,1
73644,4.0,1
73646,4.5,2
73648,5.0,1
73650,5.0,1
73652,5.0,1
73653,3.0,2
73655,4.0,1
73657,4.0,1
73658,4.0,1
73661,4.0,1
73664,5.0,1
73667,5.0,1
73670,5.0,1
73671,4.5,2
73672,5.0,1
73674,5.0,2
73676,4.0,1
73677,4.0,1
73679,5.0,1
73681,3.5,2
73682,5.0,1
73683,5.0,2
73684,4.555555555555555,9
73685,4.0,1
73686,2.0,2
73687,5.0,1
73691,5.0,1
73692,4.0,1
73696,4.0,1
73697,4.666666666666667,3
73698,4.0,5
73699,5.0,1
73700,5.0,1
73701,4.0,1
73702,5.0,1
73709,4.0,1
73711,4.0,1
73713,4.0,5
73714,5.0,2
73715,4.8,5
73716,4.5,2
73720,4.666666666666667,3
73724,4.0,2
73725,5.0,2
73726,3.5,2
73728,3.0,2
73731,5.0,1
73732,4.0,2
73733,4.5,2
73740,5.0,1
73746,5.0,1
73747,4.0,1
73751,4.333333333333333,3
73752,4.090909090909091,11
73753,3.0,1
73754,4.0,1
73759,4.0,2
73760,2.5,2
73761,5.0,1
73764,4.0,1
73771,5.0,1
73772,5.0,1
73773,4.0,4
73775,5.0,2
73776,4.25,4
73779,4.0,1
73783,4.5,2
73786,4.0,3
73788,4.0,2
73790,1.0,1
73793,5.0,1
73796,3.5,2
73797,5.0,2
73799,4.0,1
73801,4.0,1
73804,5.0,1
73808,5.0,2
73815,5.0,1
73816,4.5,2
73819,4.0,1
73821,5.0,1
73824,5.0,1
73826,4.333333333333333,3
73828,4.0,1
73833,3.0,2
73835,3.0,1
73837,4.0,1
73839,5.0,2
73841,4.0,1
73845,5.0,2
73847,4.0,1
73848,4.0,1
73849,5.0,1
73852,5.0,2
73857,5.0,1
73861,3.0,1
73862,5.0,2
73866,5.0,2
73869,3.0,1
73871,5.0,1
73877,3.0,1
73879,5.0,1
73880,4.0,1
73881,4.5,2
73885,3.6666666666666665,3
73886,3.0,1
73888,1.0,1
73890,2.0,1
73891,5.0,1
73892,5.0,1
73894,5.0,1
73896,5.0,3
73897,5.0,3
73898,5.0,1
73901,3.0,1
73905,5.0,1
73907,4.333333333333333,3
73909,5.0,1
73910,5.0,3
73912,2.0,1
73913,5.0,1
73917,4.5,4
73925,3.0,1
73931,5.0,1
73934,5.0,1
73938,5.0,1
73939,2.0,1
73942,5.0,1
73943,4.0,1
73944,5.0,1
73945,4.0,2
73948,3.0,1
73949,5.0,1
73951,4.0,1
73954,2.0,1
73956,4.0,1
73957,4.0,3
73958,4.0,1
73960,3.0,2
73961,4.0,1
73963,4.0,1
73965,5.0,2
73967,5.0,1
73968,2.0,2
73970,4.5,2
73973,4.5,2
73978,4.0,1
73979,4.666666666666667,3
73980,5.0,1
73983,4.5,2
73985,5.0,1
73987,5.0,1
73989,5.0,2
73995,3.0,1
73999,5.0,1
74001,4.0,1
74002,4.5,2
74003,5.0,4
74008,5.0,1
74010,4.0,1
74011,4.0,1
74017,4.5,2
74018,3.0,1
74019,3.0,1
74024,4.0,1
74027,4.0,1
74029,4.0,1
74031,5.0,1
74032,5.0,1
74034,4.0,1
74036,3.5,2
74042,5.0,1
74043,5.0,1
74044,4.333333333333333,3
74046,4.0,1
74047,5.0,2
74048,5.0,1
74049,5.0,1
74050,4.0,2
74052,4.0,1
74054,4.0,1
74059,3.6666666666666665,3
74061,4.5,2
74062,5.0,3
74064,4.0,1
74065,4.25,4
74069,5.0,1
74071,5.0,1
74073,5.0,2
74078,4.0,1
74080,4.0,2
74084,5.0,1
74085,5.0,1
74091,5.0,1
74096,5.0,1
74100,4.0,1
74102,4.0,2
74104,4.0,1
74109,3.0,1
74114,3.0,1
74116,3.0,1
74117,5.0,1
74120,5.0,2
74125,4.0,1
74126,5.0,1
74127,5.0,1
74128,5.0,1
74130,5.0,1
74138,4.0,3
74140,3.0,1
74141,5.0,1
74142,4.0,1
74145,5.0,1
74148,5.0,1
74149,5.0,1
74150,5.0,1
74153,3.0,1
74155,4.0,1
74157,3.0,1
74159,4.0,2
74160,5.0,1
74161,4.0,1
74164,4.0,1
74166,4.5,2
74168,3.0,1
74170,4.5,2
74171,5.0,1
74172,4.0,3
74174,5.0,1
74176,3.6666666666666665,3
74178,3.0,1
74185,3.0,1
74188,5.0,1
74193,4.0,2
74199,4.0,1
74201,5.0,1
74202,4.0,1
74203,5.0,1
74208,4.0,2
74210,4.0,1
74211,4.0,1
74213,3.6666666666666665,3
74215,4.0,2
74216,5.0,3
74217,5.0,2
74219,3.5,2
74221,4.5,2
74228,4.0,2
74231,3.0,1
74238,2.0,1
74240,5.0,1
74245,3.0,1
74250,5.0,2
74252,3.6666666666666665,3
74253,4.0,2
74254,5.0,1
74258,5.0,1
74259,5.0,1
74263,5.0,1
74264,4.0,1
74266,5.0,1
74267,4.0,2
74270,4.0,1
74271,3.0,1
74272,5.0,1
74275,5.0,1
74276,4.0,1
74281,5.0,1
74282,5.0,3
74283,5.0,1
74287,5.0,2
74290,3.0,2
74292,5.0,1
74293,3.0,1
74294,5.0,1
74295,4.0,2
74303,5.0,1
74307,5.0,1
74311,4.0,8
74312,3.0,1
74313,4.0,1
74315,5.0,1
74316,5.0,1
74317,4.0,2
74319,5.0,2
74324,5.0,1
74328,3.0,1
74330,3.5,2
74331,5.0,1
74332,5.0,1
74340,4.5,2
74342,4.0,1
74343,3.0,1
74344,3.5,2
74347,3.0,1
74349,4.333333333333333,3
74351,5.0,3
74352,4.0,2
74353,5.0,1
74354,3.5,2
74355,4.0,3
74356,5.0,1
74358,5.0,1
74359,4.0,1
74360,2.0,1
74362,4.0,3
74364,4.0,1
74365,3.5,2
74366,5.0,1
74369,2.0,1
74370,5.0,1
74373,5.0,1
74376,4.5,2
74377,5.0,1
74380,5.0,1
74382,4.0,2
74386,4.0,2
74387,5.0,1
74389,5.0,1
74392,3.3333333333333335,3
74393,4.0,1
74394,4.0,1
74395,4.0,2
74397,5.0,1
74402,5.0,2
74403,5.0,1
74406,4.0,1
74409,5.0,1
74410,5.0,2
74412,5.0,1
74413,2.0,1
74414,5.0,1
74415,5.0,1
74417,5.0,2
74418,3.0,1
74422,4.0,4
74425,4.0,1
74426,4.5,2
74428,3.0,1
74429,4.166666666666667,6
74432,5.0,1
74433,5.0,1
74435,3.0,1
74439,4.0,1
74442,4.0,1
74443,5.0,1
74445,4.0,1
74446,3.5,4
74447,4.0,1
74450,5.0,1
74452,5.0,1
74457,4.0,2
74458,3.0,1
74460,5.0,1
74461,5.0,1
74467,5.0,1
74468,3.0,1
74471,4.0,1
74472,3.0,1
74474,5.0,1
74477,3.0,1
74487,5.0,1
74488,4.0,1
74490,2.5,2
74492,1.0,1
74493,5.0,1
74494,5.0,1
74495,4.0,2
74496,5.0,1
74498,2.0,2
74499,3.0,1
74500,5.0,2
74503,4.5,2
74505,4.0,1
74506,3.5,2
74509,5.0,2
74511,4.0,1
74515,4.0,2
74516,5.0,1
74520,3.0,1
74521,5.0,1
74526,4.0,1
74532,2.0,1
74544,5.0,1
74545,5.0,2
74547,4.25,4
74549,4.666666666666667,6
74551,5.0,1
74554,3.0,1
74555,5.0,1
74556,3.0,1
74559,4.0,1
74561,5.0,1
74570,5.0,1
74573,5.0,1
74579,5.0,1
74588,5.0,1
74589,3.0,1
74593,1.0,1
74595,5.0,1
74603,4.0,1
74605,4.0,1
74608,4.0,1
74609,5.0,1
74611,5.0,1
74612,3.6666666666666665,3
74613,5.0,1
74619,4.0,2
74620,4.0,1
74622,5.0,1
74624,4.0,1
74628,3.0,1
74634,3.5,2
74636,3.0,1
74637,4.0,1
74646,3.0,1
74648,3.6666666666666665,3
74649,4.0,1
74655,4.0,1
74656,2.0,1
74658,3.0,1
74659,4.0,1
74660,5.0,2
74662,5.0,1
74666,3.5,2
74667,5.0,1
74671,4.0,2
74672,5.0,2
74673,5.0,1
74677,3.0,1
74678,5.0,1
74683,4.5,2
74685,4.5,2
74686,3.857142857142857,7
74687,4.0,1
74691,4.0,1
74698,4.5,2
74699,4.5,2
74701,5.0,2
74702,4.5,2
74705,4.0,1
74710,3.0,1
74713,3.0,1
74714,4.5,2
74717,3.0,2
74724,5.0,1
74725,4.0,2
74726,3.5,2
74734,2.5,2
74735,4.0,1
74736,4.0,1
74740,5.0,1
74746,4.0,3
74748,4.0,2
74749,4.0,1
74755,4.0,2
74756,5.0,1
74757,5.0,1
74759,5.0,1
74760,5.0,1
74761,5.0,1
74763,3.6666666666666665,3
74765,4.0,1
74769,5.0,1
74771,5.0,1
74772,4.0,1
74777,3.6666666666666665,3
74782,4.0,1
74783,3.5,2
74786,4.833333333333333,6
74787,5.0,1
74792,5.0,1
74794,4.0,1
74795,4.75,4
74798,4.0,1
74799,3.0,1
74800,4.0,2
74801,4.0,1
74803,5.0,2
74804,4.0,2
74806,5.0,1
74809,5.0,1
74810,5.0,1
74819,4.0,1
74822,4.333333333333333,3
74825,4.0,1
74826,4.0,3
74827,5.0,1
74828,3.25,4
74832,4.5,2
74840,5.0,1
74842,4.0,1
74843,5.0,1
74845,4.0,1
74846,4.0,2
74852,3.5,2
74853,5.0,1
74855,3.0,1
74856,4.0,2
74857,3.0,1
74864,3.5,2
74865,5.0,1
74868,3.6666666666666665,3
74870,3.0,1
74871,4.0,1
74875,3.5,2
74878,5.0,1
74884,2.0,1
74886,2.0,1
74887,4.0,1
74888,4.0,1
74891,5.0,1
74893,3.0,1
74894,4.0,2
74896,4.0,3
74897,4.0,1
74898,4.0,9
74901,3.6666666666666665,6
74902,2.0,1
74903,2.0,1
74906,5.0,1
74908,5.0,1
74912,4.0,1
74913,2.0,1
74915,5.0,1
74919,3.0,1
74922,4.0,1
74928,4.0,1
74929,2.0,1
74930,5.0,3
74932,4.0,1
74934,3.0,1
74938,3.0,2
74939,5.0,1
74941,3.0,1
74951,1.0,1
74952,3.0,1
74953,5.0,1
74955,4.0,1
74956,5.0,1
74958,5.0,1
74959,4.0,1
74963,4.25,4
74964,4.0,1
74972,4.0,1
74977,5.0,1
74978,3.5,2
74979,5.0,1
74983,4.0,2
74986,5.0,2
74990,5.0,1
74992,5.0,1
74995,4.0,1
75001,5.0,1
75009,5.0,1
75010,4.0,1
75011,5.0,1
75012,1.0,2
75014,4.0,2
75015,4.0,1
75019,5.0,1
75021,5.0,1
75022,4.0,1
75023,5.0,1
75028,3.25,4
75029,1.0,2
75031,3.0,1
75034,4.0,1
75040,5.0,1
75041,2.6666666666666665,3
75045,3.0,1
75048,4.0,1
75049,4.0,3
75051,4.5,4
75059,5.0,1
75064,3.0,1
75065,4.0,1
75066,3.5,2
75067,4.0,1
75069,5.0,1
75071,3.0,2
75072,4.666666666666667,3
75074,4.0,1
75075,5.0,1
75077,4.0,1
75079,5.0,1
75083,4.0,2
75084,4.666666666666667,3
75085,3.0,1
75092,3.3333333333333335,3
75094,3.0,1
75096,5.0,1
75098,5.0,1
75105,3.6666666666666665,3
75107,5.0,1
75111,5.0,1
75112,5.0,2
75114,4.0,1
75117,5.0,1
75118,5.0,1
75120,5.0,1
75125,4.0,1
75135,5.0,1
75136,5.0,2
75138,4.0,1
75139,4.0,1
75140,2.0,1
75142,5.0,1
75147,3.0,1
75150,4.0,2
75151,3.0,1
75153,4.0,1
75156,5.0,1
75157,4.0,1
75160,4.0,1
75161,4.0,1
75164,5.0,1
75169,5.0,3
75170,4.666666666666667,6
75173,3.0,1
75175,4.5,2
75177,5.0,2
75178,4.0,1
75179,2.0,1
75183,5.0,1
75189,4.0,2
75195,5.0,1
75196,3.3333333333333335,3
75197,4.0,1
75198,5.0,1
75201,4.333333333333333,3
75202,4.0,1
75204,4.0,1
75205,5.0,2
75208,4.0,1
75209,4.0,1
75212,5.0,1
75213,5.0,2
75214,5.0,1
75216,3.3333333333333335,3
75223,5.0,1
75224,4.0,2
75226,5.0,2
75229,4.0,2
75231,5.0,1
75233,5.0,1
75236,4.0,1
75239,4.0,1
75240,5.0,1
75241,4.0,1
75245,4.0,1
75246,4.0,1
75247,4.5,2
75248,3.0,2
75251,4.0,1
75259,4.0,1
75260,5.0,1
75267,5.0,1
75270,4.666666666666667,12
75271,5.0,1
75272,4.5,2
75274,4.0,1
75276,4.0,1
75277,4.0,1
75280,5.0,1
75282,4.0,1
75283,4.0,1
75284,3.8,5
75285,4.0,1
75291,3.5,2
75293,5.0,2
75294,5.0,1
75300,3.0,2
75301,5.0,1
75304,5.0,1
75306,5.0,1
75307,4.0,1
75308,5.0,1
75309,3.5,2
75311,5.0,1
75312,4.0,1
75315,3.0,2
75316,3.0,1
75321,5.0,4
75323,5.0,1
75326,5.0,1
75328,5.0,1
75332,5.0,2
75338,5.0,1
75343,3.5,2
75346,4.0,1
75347,3.0,1
75350,5.0,2
75352,5.0,1
75357,5.0,1
75358,5.0,1
75361,3.0,1
75362,5.0,2
75367,5.0,2
75368,5.0,1
75371,5.0,1
75381,4.333333333333333,3
75383,5.0,1
75386,3.0,1
75388,5.0,1
75390,4.0,1
75394,4.0,1
75395,5.0,1
75396,5.0,1
75398,5.0,1
75402,5.0,1
75403,5.0,1
75406,4.0,1
75408,3.0,1
75409,3.0,2
75410,3.0,1
75411,5.0,1
75412,4.666666666666667,3
75414,5.0,1
75417,5.0,1
75420,5.0,2
75421,5.0,1
75424,4.0,1
75426,4.0,1
75429,4.0,1
75431,4.0,2
75436,5.0,1
75438,2.0,1
75440,5.0,1
75443,3.0,1
75446,3.5,2
75448,5.0,2
75449,4.5,2
75450,5.0,1
75457,5.0,1
75458,3.0,1
75461,3.0,1
75463,5.0,1
75464,3.3333333333333335,3
75467,4.333333333333333,3
75471,4.0,1
75473,5.0,1
75474,4.0,1
75478,4.25,4
75481,5.0,1
75483,3.0,2
75488,5.0,1
75489,4.0,1
75490,4.0,1
75492,1.0,2
75493,4.0,4
75499,4.0,1
75502,5.0,2
75506,4.0,1
75511,3.0,1
75512,4.0,1
75513,3.0,1
75515,4.0,1
75516,4.0,1
75528,5.0,1
75532,5.0,2
75533,3.0,1
75536,2.0,2
75537,5.0,2
75539,3.6666666666666665,3
75540,5.0,2
75541,5.0,2
75542,3.0,1
75544,4.0,1
75546,5.0,1
75547,5.0,1
75551,4.0,1
75552,3.0,1
75553,5.0,1
75556,4.0,1
75558,4.5,2
75561,5.0,1
75562,5.0,1
75563,5.0,1
75570,4.0,1
75579,5.0,1
75583,5.0,1
75586,4.0,1
75587,5.0,1
75588,5.0,1
75589,3.0,1
75591,4.0,1
75598,4.0,2
75599,4.0,1
75602,4.0,1
75612,3.0,1
75613,5.0,1
75614,4.0,1
75618,4.25,4
75619,3.0,1
75621,4.0,1
75622,5.0,1
75627,4.0,1
75628,5.0,2
75630,4.0,3
75634,5.0,1
75637,5.0,5
75646,3.0,1
75647,5.0,2
75648,4.0,1
75653,5.0,1
75654,4.0,1
75656,4.0,1
75657,3.0,2
75659,5.0,1
75660,3.5,2
75661,5.0,1
75663,4.0,6
75664,5.0,1
75668,5.0,1
75671,2.0,1
75672,3.0,1
75673,4.0,1
75675,3.857142857142857,7
75676,5.0,1
75682,3.0,3
75683,5.0,1
75686,4.25,4
75688,4.5,4
75694,5.0,1
75699,2.0,1
75705,5.0,1
75706,3.0,1
75708,3.75,4
75710,3.2,5
75712,3.0,2
75713,4.0,1
75715,5.0,1
75716,5.0,3
75717,3.0,1
75719,4.0,1
75720,4.0,1
75722,4.0,2
75726,4.0,2
75727,4.5,2
75728,5.0,1
75732,3.6666666666666665,3
75733,5.0,1
75737,4.0,1
75745,3.0,1
75746,4.5,2
75747,5.0,1
75748,5.0,1
75751,4.5,2
75754,5.0,1
75757,4.0,1
75758,2.0,1
75764,5.0,1
75765,5.0,1
75768,3.0,1
75773,1.0,1
75775,5.0,1
75779,4.0,1
75781,4.0,1
75783,5.0,1
75784,5.0,1
75785,3.0,1
75787,5.0,1
75793,4.0,1
75794,5.0,1
75799,3.5,2
75800,4.0,3
75804,4.666666666666667,6
75806,3.0,1
75808,5.0,2
75809,4.333333333333333,6
75813,3.0,1
75815,4.0,1
75818,3.0,1
75820,1.0,1
75821,3.0,1
75823,5.0,2
75824,5.0,2
75828,4.0,1
75829,3.0,1
75830,4.0,1
75841,5.0,1
75842,5.0,2
75845,5.0,1
75850,4.0,1
75852,5.0,1
75854,4.0,1
75857,4.0,2
75859,4.0,1
75860,4.0,1
75861,1.0,1
75866,3.5,2
75871,2.0,1
75874,3.5,2
75883,5.0,1
75886,4.0,1
75889,5.0,1
75890,4.666666666666667,3
75892,5.0,1
75893,5.0,2
75896,5.0,1
75897,4.0,1
75898,4.5,2
75904,4.5,2
75905,5.0,1
75909,3.6666666666666665,3
75910,5.0,1
75911,5.0,1
75913,5.0,1
75914,4.0,1
75916,5.0,2
75922,5.0,1
75923,3.0,1
75926,4.0,1
75927,2.5,2
75933,3.0,1
75934,4.5,2
75935,5.0,1
75936,2.0,1
75941,3.0,1
75942,5.0,1
75944,5.0,1
75950,5.0,1
75953,5.0,1
75965,4.0,1
75969,5.0,1
75971,5.0,1
75972,5.0,1
75973,5.0,1
75974,4.0,1
75976,5.0,1
75981,5.0,1
75984,4.0,1
75985,4.666666666666667,3
75986,4.0,3
75987,5.0,2
75989,5.0,1
75993,3.0,1
75998,4.0,1
75999,5.0,1
76000,3.0,2
76006,4.0,1
76008,3.0,1
76009,5.0,1
76012,5.0,2
76015,5.0,1
76016,3.0,1
76017,1.0,1
76023,3.5,2
76025,5.0,1
76026,5.0,1
76027,2.0,2
76029,1.0,1
76034,3.0,1
76037,4.0,1
76038,5.0,1
76039,5.0,1
76041,2.0,1
76045,4.0,1
76046,4.0,1
76047,5.0,1
76049,4.0,1
76052,5.0,1
76053,4.0,1
76054,3.0,1
76059,3.0,2
76063,5.0,1
76064,3.0,2
76065,5.0,1
76067,4.5,2
76070,3.0,2
76072,5.0,2
76075,3.8333333333333335,6
76077,4.0,1
76078,3.0,2
76079,4.0,1
76080,4.0,2
76081,5.0,1
76083,4.0,1
76084,4.0,1
76086,4.0,1
76088,4.0,3
76090,5.0,2
76095,2.75,4
76096,5.0,1
76097,3.0,1
76098,5.0,1
76099,4.0,1
76100,4.0,2
76101,4.0,1
76102,5.0,1
76105,5.0,1
76106,4.666666666666667,3
76108,5.0,2
76111,5.0,1
76112,3.0,4
76113,4.5,4
76114,1.0,1
76117,5.0,1
76118,3.0,2
76120,4.0,1
76122,1.0,1
76126,3.0,1
76127,4.0,1
76129,2.0,1
76132,5.0,5
76133,3.0,1
76137,5.0,1
76138,5.0,1
76141,4.0,2
76142,4.0,1
76144,4.0,1
76149,4.0,1
76151,3.5,2
76152,4.0,1
76156,3.0,1
76159,4.0,1
76164,5.0,1
76165,5.0,1
76168,3.0,1
76169,3.5,2
76171,4.5,2
76174,4.0,1
76175,5.0,1
76179,4.0,1
76180,4.75,4
76184,5.0,1
76185,5.0,1
76188,4.0,1
76190,3.0,1
76192,3.0,1
76197,5.0,1
76204,3.0,2
76208,5.0,1
76214,2.0,1
76216,4.0,1
76217,3.75,4
76219,3.0,1
76223,4.0,2
76224,4.0,5
76227,5.0,1
76232,3.0,2
76240,4.0,1
76243,4.75,4
76244,5.0,1
76246,4.0,1
76247,5.0,3
76249,3.0,1
76251,4.0,1
76252,3.0,1
76253,5.0,2
76255,5.0,1
76256,2.0,1
76257,5.0,1
76261,3.0,2
76263,5.0,1
76265,5.0,1
76270,5.0,1
76275,4.0,1
76276,2.0,1
76277,4.0,1
76279,5.0,2
76281,5.0,2
76283,5.0,1
76288,4.0,1
76289,4.0,1
76290,5.0,2
76292,4.0,1
76293,5.0,1
76297,5.0,1
76298,5.0,1
76299,4.0,1
76300,5.0,1
76302,5.0,2
76306,3.0,1
76307,5.0,1
76309,5.0,1
76312,3.0,1
76318,4.0,1
76319,3.0,1
76320,3.0,1
76322,4.666666666666667,3
76323,5.0,1
76326,5.0,2
76327,4.0,1
76328,5.0,1
76329,5.0,1
76331,5.0,1
76332,4.0,1
76341,5.0,1
76346,4.0,1
76348,3.0,1
76350,5.0,1
76352,4.0,1
76354,5.0,1
76356,5.0,1
76358,4.0,1
76359,5.0,1
76363,4.0,2
76365,5.0,1
76366,4.0,1
76370,5.0,1
76373,5.0,1
76375,4.0,1
76377,3.0,1
76378,4.0,1
76380,2.0,1
76382,5.0,1
76383,3.0,1
76384,5.0,1
76385,5.0,1
76389,3.0,4
76390,5.0,1
76393,4.5,2
76394,5.0,1
76399,5.0,1
76402,3.0,1
76403,4.666666666666667,3
76404,3.0,1
76407,3.6666666666666665,3
76408,4.0,1
76410,4.0,1
76411,5.0,2
76412,4.0,2
76415,5.0,1
76417,2.0,1
76418,3.0,1
76419,3.0,1
76431,1.0,1
76433,5.0,1
76438,3.0,2
76442,2.0,2
76444,3.5,2
76449,4.0,1
76450,4.666666666666667,3
76451,3.0,1
76455,5.0,1
76456,5.0,1
76457,1.0,1
76460,5.0,1
76462,4.0,1
76465,5.0,1
76467,4.5,2
76471,5.0,1
76472,4.0,1
76473,3.0,1
76477,4.5,2
76478,3.0,1
76481,5.0,1
76482,4.666666666666667,3
76487,5.0,2
76491,4.0,1
76492,4.0,2
76498,4.0,1
76499,4.0,1
76500,4.0,1
76501,4.0,1
76502,3.0,1
76505,5.0,1
76508,4.0,1
76510,5.0,1
76511,3.0,1
76527,4.5,2
76529,5.0,1
76532,3.0,1
76533,5.0,1
76534,3.0,2
76535,4.0,1
76538,4.0,1
76539,5.0,1
76543,4.0,1
76546,4.0,1
76547,1.0,1
76548,5.0,1
76549,4.0,1
76550,4.0,1
76557,4.0,1
76564,4.5,2
76565,4.0,1
76574,4.0,2
76577,5.0,2
76583,5.0,1
76585,4.0,2
76586,5.0,1
76588,3.5,2
76589,4.0,1
76593,4.0,2
76597,3.0,1
76598,5.0,2
76601,4.0,1
76602,5.0,1
76603,3.0,1
76605,5.0,1
76607,4.4,15
76608,4.0,2
76611,5.0,2
76617,2.0,1
76618,3.0,1
76626,4.0,1
76627,4.0,2
76629,4.0,2
76630,3.5,2
76634,4.0,1
76646,3.6666666666666665,3
76647,1.0,1
76650,4.0,1
76657,5.0,1
76658,5.0,1
76660,5.0,1
76662,4.166666666666667,6
76665,3.0,1
76666,4.0,1
76672,4.0,1
76673,5.0,4
76675,4.0,2
76686,4.0,2
76688,4.333333333333333,3
76691,4.0,4
76695,3.0,1
76696,5.0,1
76697,3.0,1
76699,4.0,1
76700,3.0,1
76701,4.666666666666667,3
76705,3.0,1
76706,4.0,1
76708,5.0,1
76710,4.0,2
76711,5.0,1
76715,3.6,5
76723,5.0,1
76725,4.2,5
76729,5.0,1
76732,3.5,2
76734,3.0,1
76736,3.5,2
76737,4.0,2
76739,4.0,1
76744,5.0,2
76746,2.0,1
76749,3.0,1
76750,4.0,1
76751,4.333333333333333,3
76752,5.0,1
76754,5.0,1
76762,4.5,2
76765,5.0,1
76766,1.0,1
76770,4.0,1
76771,5.0,2
76772,4.0,2
76773,5.0,1
76775,4.0,1
76777,3.0,1
76779,5.0,1
76783,4.0,1
76784,5.0,1
76788,4.0,4
76789,2.0,1
76791,4.0,1
76794,5.0,1
76795,3.5,2
76796,5.0,1
76797,4.0,1
76800,5.0,1
76801,4.0,1
76803,4.5,4
76804,4.0,1
76806,5.0,1
76809,5.0,1
76810,5.0,1
76812,2.0,1
76814,5.0,1
76815,4.0,1
76817,4.0,1
76819,4.444444444444445,9
76824,4.0,1
76826,1.0,1
76827,4.0,1
76828,4.0,1
76831,5.0,3
76832,4.333333333333333,3
76833,5.0,2
76839,4.333333333333333,3
76840,5.0,1
76841,3.5,2
76842,4.0,1
76843,4.0,1
76844,3.6666666666666665,3
76847,4.0,1
76848,4.333333333333333,3
76849,5.0,1
76850,3.0,1
76853,5.0,1
76857,5.0,1
76859,4.666666666666667,3
76861,3.0,3
76862,3.0,2
76869,3.0,1
76870,4.0,1
76872,5.0,4
76875,3.5,2
76880,4.6,5
76883,4.0,1
76885,4.0,1
76888,3.5,2
76890,4.75,8
76897,1.0,1
76900,4.0,1
76901,5.0,1
76902,4.0,1
76904,5.0,1
76905,4.5,6
76907,4.0,1
76909,5.0,3
76910,4.0,2
76911,4.0,1
76914,4.0,1
76915,5.0,1
76919,4.0,1
76921,5.0,1
76922,4.0,1
76925,3.0,1
76926,4.0,2
76936,4.0,1
76940,4.0,2
76941,5.0,1
76942,5.0,1
76945,4.333333333333333,3
76946,4.0,3
76947,2.5,2
76953,3.0,1
76954,3.0,1
76955,3.0,3
76956,2.0,1
76958,3.0,2
76961,5.0,1
76963,3.0,4
76965,4.142857142857143,7
76968,4.25,4
76970,2.0,1
76975,3.0,2
76977,4.0,1
76978,4.0,1
76979,3.0,1
76980,3.0,1
76982,3.0,2
76984,4.0,1
76985,4.0,1
76987,5.0,1
76988,3.0,1
76989,5.0,1
76994,5.0,1
76995,4.0,1
76998,4.0,1
76999,5.0,1
77001,5.0,3
77004,4.5,2
77006,4.0,1
77009,4.0,3
77012,5.0,2
77024,4.0,1
77025,5.0,1
77026,5.0,1
77031,4.5,2
77032,5.0,1
77043,3.0,1
77044,4.5,2
77045,4.0,1
77048,4.0,1
77049,5.0,1
77051,4.5,2
77052,4.0,1
77057,4.666666666666667,3
77058,4.0,1
77059,4.0,1
77060,5.0,1
77061,3.0,1
77071,4.0,2
77074,3.0,1
77075,4.333333333333333,3
77078,5.0,1
77080,5.0,1
77084,4.666666666666667,3
77088,2.0,1
77093,5.0,1
77094,4.0,1
77095,4.0,1
77096,4.0,2
77097,3.0,1
77099,4.333333333333333,3
77102,3.5,2
77103,5.0,1
77104,3.0,1
77105,4.666666666666667,3
77112,5.0,1
77116,4.0,10
77118,2.0,1
77121,4.0,1
77122,4.75,4
77124,5.0,1
77125,5.0,2
77128,5.0,1
77129,5.0,1
77131,3.0,1
77135,5.0,1
77137,5.0,1
77138,4.0,1
77143,4.0,1
77145,4.333333333333333,3
77147,5.0,1
77150,4.0,1
77151,4.0,1
77159,5.0,1
77160,4.0,1
77161,4.0,1
77165,5.0,1
77166,5.0,3
77167,4.0,2
77168,4.5,2
77169,4.0,1
77172,4.666666666666667,3
77173,5.0,1
77175,4.0,2
77181,4.0,2
77183,4.0,1
77186,3.0,3
77190,5.0,1
77191,5.0,1
77194,4.0,1
77197,4.0,1
77199,4.0,1
77202,4.0,1
77207,4.5,2
77208,5.0,2
77210,4.0,2
77211,4.4,5
77213,5.0,1
77215,5.0,2
77216,4.0,2
77217,3.0,2
77218,5.0,2
77222,5.0,3
77223,4.0,1
77224,4.0,1
77226,5.0,1
77228,3.0,1
77231,5.0,1
77232,4.0,1
77234,4.333333333333333,3
77236,5.0,1
77237,4.0,1
77239,5.0,1
77241,3.0,1
77243,4.0,2
77245,4.0,1
77246,5.0,1
77247,5.0,3
77248,4.0,1
77254,4.0,1
77255,4.0,2
77256,4.0,2
77257,4.5,2
77261,4.0,1
77262,3.5,2
77264,4.0,1
77265,4.0,3
77267,4.0,1
77269,3.5,2
77271,5.0,1
77276,3.0,1
77277,4.0,2
77278,5.0,1
77284,5.0,1
77285,5.0,1
77286,5.0,1
77293,4.0,1
77295,5.0,1
77296,4.0,1
77297,5.0,3
77299,5.0,1
77300,4.0,1
77302,4.5,4
77303,5.0,1
77306,4.333333333333333,3
77307,3.0,1
77311,5.0,1
77315,4.0,1
77316,4.0,1
77317,3.0,1
77320,5.0,1
77326,5.0,1
77327,5.0,1
77328,4.333333333333333,3
77333,5.0,1
77340,4.0,1
77341,3.5,4
77342,5.0,1
77347,5.0,1
77348,4.0,1
77350,4.5,2
77351,5.0,2
77352,4.0,3
77353,5.0,1
77354,5.0,1
77357,5.0,1
77358,4.0,1
77359,4.666666666666667,3
77360,1.0,1
77367,4.0,2
77369,5.0,3
77370,5.0,1
77371,4.0,1
77376,4.0,1
77377,5.0,1
77378,5.0,2
77381,3.0,1
77383,3.6666666666666665,3
77385,5.0,1
77386,5.0,1
77389,4.333333333333333,9
77390,4.0,1
77391,5.0,1
77393,5.0,1
77394,1.0,1
77396,3.0,2
77399,4.0,1
77400,4.0,1
77401,4.0,1
77402,5.0,1
77403,4.0,1
77404,4.0,1
77405,5.0,1
77410,5.0,1
77411,5.0,1
77413,5.0,1
77416,5.0,1
77419,5.0,1
77420,5.0,1
77421,2.0,1
77422,4.0,1
77423,5.0,1
77426,4.333333333333333,6
77428,5.0,1
77431,5.0,1
77433,4.0,1
77440,5.0,2
77446,4.0,1
77450,4.0,2
77452,3.0,1
77458,5.0,2
77459,2.0,1
77469,5.0,1
77471,4.5,2
77477,3.6666666666666665,3
77478,3.5,2
77480,3.0,1
77481,4.0,1
77483,4.0,1
77484,5.0,1
77486,3.0,1
77491,5.0,2
77492,4.0,2
77495,4.5,2
77497,4.0,1
77500,5.0,1
77501,5.0,1
77502,5.0,2
77505,5.0,2
77506,5.0,1
77507,4.833333333333333,6
77508,5.0,1
77509,1.0,1
77511,2.0,1
77515,5.0,1
77516,4.333333333333333,3
77518,4.0,1
77519,4.0,1
77520,4.25,4
77521,4.5,2
77524,5.0,1
77526,3.0,1
77527,3.0,2
77529,4.0,1
77534,4.0,1
77536,4.0,1
77539,4.666666666666667,6
77541,5.0,2
77542,5.0,1
77543,3.5,2
77544,5.0,2
77545,5.0,1
77546,5.0,1
77550,5.0,1
77554,4.0,1
77556,4.0,1
77558,3.0,1
77562,4.0,1
77568,5.0,1
77574,4.0,1
77577,5.0,1
77581,4.0,1
77583,5.0,1
77584,5.0,1
77585,3.0,1
77586,4.0,1
77588,5.0,1
77590,5.0,1
77593,4.0,2
77594,5.0,1
77596,3.0,1
77599,3.5,2
77600,3.5,4
77601,3.0,1
77605,5.0,1
77606,4.0,1
77609,4.666666666666667,3
77612,2.0,1
77617,5.0,1
77621,5.0,1
77623,4.0,1
77624,4.0,1
77625,5.0,2
77626,5.0,1
77634,5.0,1
77635,2.0,1
77639,4.375,8
77645,5.0,1
77649,5.0,1
77650,4.0,1
77654,5.0,1
77655,4.0,5
77657,5.0,1
77659,4.5,2
77660,4.0,1
77662,4.555555555555555,9
77663,4.0,1
77665,5.0,1
77667,5.0,2
77668,5.0,1
77669,4.0,1
77670,5.0,1
77673,4.0,1
77674,4.0,1
77675,4.0,1
77676,4.0,1
77678,4.0,1
77679,3.0,1
77680,3.0,1
77687,4.0,2
77689,5.0,1
77692,5.0,1
77694,4.0,1
77696,2.0,1
77697,4.0,1
77698,4.0,1
77700,4.0,2
77702,4.0,1
77703,4.0,1
77709,2.0,1
77710,3.0,1
77711,5.0,1
77714,3.0,1
77715,5.0,1
77716,4.0,1
77717,3.4285714285714284,7
77719,2.0,1
77720,4.333333333333333,3
77723,5.0,2
77727,5.0,1
77728,4.0,1
77733,4.0,3
77735,3.6666666666666665,6
77736,4.0,1
77738,5.0,1
77741,4.0,1
77749,5.0,1
77751,4.0,3
77756,4.0,2
77760,4.0,1
77761,5.0,1
77766,4.0,1
77772,5.0,1
77773,4.0,1
77779,5.0,1
77780,5.0,1
77781,4.0,1
77784,5.0,1
77786,5.0,1
77787,3.9285714285714284,14
77793,5.0,1
77794,3.0,1
77799,5.0,1
77803,4.0,2
77808,4.0,1
77809,4.0,1
77811,4.0,1
77812,4.0,1
77814,3.75,4
77818,5.0,1
77819,4.0,1
77825,3.0,1
77828,5.0,1
77831,4.0,1
77832,4.0,1
77834,4.0,3
77838,3.6666666666666665,3
77840,5.0,1
77842,5.0,1
77843,3.0,1
77846,4.142857142857143,7
77847,5.0,1
77848,4.5,2
77849,4.0,2
77850,4.0,1
77854,4.0,1
77856,4.0,1
77858,4.0,1
77867,3.0,1
77869,5.0,1
77873,4.0,1
77876,5.0,3
77886,5.0,1
77887,4.0,1
77888,5.0,1
77890,5.0,1
77891,4.0,1
77893,4.0,1
77894,5.0,1
77899,5.0,1
77902,5.0,1
77906,3.0,1
77907,5.0,1
77910,5.0,2
77912,5.0,1
77913,5.0,1
77914,4.0,1
77918,3.0,1
77920,3.0,1
77921,4.0,2
77923,2.3333333333333335,3
77929,3.25,4
77930,5.0,1
77931,4.0,1
77932,5.0,1
77934,5.0,1
77946,4.0,1
77947,3.0,1
77948,5.0,1
77951,5.0,1
77957,4.0,1
77959,4.0,1
77961,5.0,1
77965,3.5,2
77966,4.0,1
77970,5.0,4
77974,5.0,1
77978,2.0,1
77983,4.0,1
77984,3.0,1
77985,4.0,1
77989,5.0,1
77990,4.5,2
77991,1.0,1
77999,3.0,1
78003,5.0,2
78004,4.0,1
78005,3.0,1
78007,4.5,2
78008,5.0,1
78009,4.5,2
78010,2.0,1
78011,5.0,1
78013,2.0,1
78015,4.0,2
78018,3.0,1
78020,5.0,1
78022,4.0,2
78026,4.25,4
78030,4.5,2
78036,5.0,1
78040,4.5,2
78042,5.0,1
78051,3.0,1
78053,3.0,1
78054,4.5,2
78057,3.0,2
78062,4.0,1
78066,5.0,1
78068,4.0,1
78070,5.0,2
78071,4.0,6
78072,4.0,1
78077,5.0,2
78082,4.5,2
78084,4.0,1
78085,5.0,1
78088,5.0,1
78091,5.0,1
78092,5.0,1
78094,4.0,1
78102,5.0,2
78103,5.0,1
78104,4.0,2
78105,5.0,1
78106,4.0,3
78110,5.0,1
78111,5.0,2
78114,4.0,2
78118,4.0,1
78119,4.5,2
78121,5.0,1
78122,5.0,1
78131,3.0,1
78135,2.0,1
78137,4.333333333333333,3
78139,2.0,2
78140,4.0,1
78142,5.0,1
78145,3.0,1
78146,4.0,1
78147,5.0,3
78148,3.3333333333333335,3
78149,5.0,1
78150,5.0,1
78155,5.0,1
78160,4.0,2
78161,4.0,1
78163,4.0,1
78174,3.3333333333333335,3
78177,4.0,1
78187,4.2,5
78188,1.0,1
78189,5.0,1
78193,4.0,3
78194,4.25,4
78196,5.0,2
78197,5.0,1
78198,5.0,1
78200,5.0,2
78201,3.0,1
78202,4.0,1
78204,3.6666666666666665,3
78210,3.8333333333333335,6
78220,5.0,1
78221,5.0,1
78222,5.0,1
78224,4.285714285714286,7
78225,3.0,1
78227,4.0,1
78231,4.0,1
78235,5.0,1
78237,5.0,1
78239,3.0,2
78241,1.0,1
78242,5.0,1
78243,5.0,1
78245,4.0,1
78248,4.0,1
78249,5.0,1
78254,1.0,1
78257,5.0,1
78259,5.0,1
78261,4.0,1
78262,1.0,1
78266,3.5,2
78267,4.0,1
78273,5.0,2
78274,3.0,1
78278,4.666666666666667,3
78279,5.0,1
78280,2.0,1
78283,4.6,5
78285,4.0,1
78286,4.0,1
78287,4.0,1
78288,2.0,1
78289,4.0,2
78301,5.0,1
78305,4.0,2
78307,4.0,2
78318,4.0,1
78319,5.0,1
78321,5.0,1
78323,4.0,1
78324,5.0,3
78325,4.0,1
78327,4.0,1
78330,3.0,1
78338,5.0,3
78343,5.0,2
78349,4.0,1
78350,3.8,5
78354,4.0,1
78359,5.0,1
78362,4.0,1
78363,3.5,2
78366,5.0,1
78367,4.666666666666667,3
78368,4.0,1
78369,3.0,1
78371,4.0,2
78373,3.5,2
78377,5.0,2
78384,4.333333333333333,3
78385,4.466666666666667,15
78386,4.5,4
78387,5.0,1
78388,4.0,1
78393,4.5,6
78394,4.0,1
78397,5.0,1
78398,5.0,1
78399,3.0,3
78402,2.5,2
78403,2.5,2
78405,5.0,2
78407,4.0,1
78411,5.0,2
78414,5.0,1
78416,5.0,1
78417,4.0,1
78418,4.333333333333333,6
78423,5.0,1
78424,4.0,1
78427,3.0,1
78429,3.0,1
78431,5.0,3
78435,4.0,1
78436,5.0,1
78440,3.5,2
78441,5.0,1
78443,2.0,1
78448,4.0,1
78453,3.0,1
78455,5.0,2
78456,3.5,2
78459,5.0,1
78461,3.0,2
78462,4.75,4
78463,5.0,6
78466,4.333333333333333,3
78468,5.0,3
78470,3.0,1
78471,5.0,1
78474,3.0,1
78475,5.0,1
78477,4.5,2
78480,4.0,1
78481,4.0,2
78485,5.0,1
78487,5.0,1
78490,4.333333333333333,3
78495,3.0,1
78496,5.0,1
78503,4.6,10
78504,4.0,2
78505,5.0,1
78506,4.0,3
78511,1.0,2
78512,5.0,1
78513,5.0,1
78516,4.0,1
78517,4.0,9
78519,1.0,1
78521,1.0,1
78522,4.0,1
78524,4.0,1
78525,5.0,3
78527,5.0,1
78532,2.0,1
78535,4.0,2
78536,4.0,2
78538,5.0,2
78541,3.0,1
78542,5.0,1
78547,2.0,1
78548,5.0,1
78551,4.0,1
78554,4.8,5
78556,5.0,1
78557,2.0,1
78559,4.0,6
78560,5.0,1
78564,1.0,1
78579,3.6666666666666665,3
78583,5.0,1
78584,4.0,1
78585,5.0,1
78588,3.0,1
78592,3.0,1
78596,4.0,3
78597,5.0,1
78599,4.0,4
78601,5.0,2
78604,4.0,2
78610,5.0,3
78611,4.0,1
78614,4.666666666666667,3
78619,4.0,1
78620,5.0,2
78625,2.0,4
78627,4.0,2
78628,4.0,1
78629,4.0,1
78630,1.0,1
78633,5.0,2
78636,3.0,1
78637,5.0,1
78640,4.5,2
78644,4.0,2
78645,5.0,2
78649,3.5,2
78651,5.0,1
78653,4.666666666666667,3
78659,5.0,1
78664,5.0,1
78665,5.0,1
78669,4.333333333333333,3
78673,4.0,3
78674,4.0,3
78675,4.666666666666667,3
78677,4.0,1
78679,5.0,1
78684,4.0,1
78687,5.0,2
78689,5.0,2
78690,5.0,1
78693,5.0,1
78694,5.0,2
78695,3.0,2
78697,5.0,1
78702,5.0,1
78706,5.0,1
78710,4.666666666666667,3
78711,5.0,1
78715,5.0,1
78721,3.0,1
78725,4.0,1
78726,4.0,2
78729,4.0,1
78731,4.0,2
78732,5.0,1
78734,3.0,1
78735,4.0,1
78738,5.0,2
78740,4.0,1
78745,5.0,1
78746,3.0,1
78750,4.666666666666667,3
78751,5.0,4
78752,4.0,1
78755,4.0,1
78756,5.0,2
78757,3.0,1
78758,5.0,1
78760,5.0,1
78761,4.0,1
78764,3.3333333333333335,3
78766,5.0,1
78767,4.0,1
78770,5.0,1
78773,5.0,1
78774,4.0,2
78777,3.0,1
78778,5.0,1
78781,5.0,1
78782,5.0,1
78784,5.0,1
78786,2.0,1
78794,4.0,1
78795,4.0,1
78799,5.0,1
78802,5.0,1
78804,5.0,1
78806,3.0,1
78809,5.0,1
78810,5.0,1
78812,5.0,1
78816,5.0,1
78819,3.0,2
78822,4.0,1
78825,4.0,1
78828,4.5,2
78829,5.0,1
78832,4.333333333333333,3
78834,5.0,1
78838,3.0,1
78839,5.0,2
78841,5.0,1
78843,5.0,1
78844,4.0,1
78849,4.5,2
78850,3.6,5
78851,3.5,2
78854,4.333333333333333,3
78855,4.0,2
78859,4.0,1
78869,5.0,1
78873,4.0,1
78878,5.0,1
78879,4.0,1
78880,5.0,1
78881,3.0,2
78884,4.0,1
78886,5.0,1
78889,5.0,1
78894,4.0,1
78896,5.0,1
78898,5.0,1
78899,5.0,1
78900,5.0,1
78908,5.0,1
78913,5.0,1
78915,5.0,1
78916,3.0,1
78918,4.0,1
78919,4.0,1
78922,5.0,1
78926,4.5,2
78927,1.0,1
78928,4.5,2
78930,4.5,2
78931,5.0,1
78932,4.0,1
78934,4.0,2
78937,1.0,1
78940,5.0,1
78941,5.0,1
78944,3.0,1
78945,3.6666666666666665,3
78946,5.0,1
78950,3.6666666666666665,3
78954,1.0,1
78955,4.5,4
78961,5.0,2
78962,4.0,1
78967,4.0,1
78968,5.0,1
78971,4.0,1
78972,5.0,1
78973,3.0,1
78975,5.0,1
78978,5.0,1
78979,3.5,2
78980,5.0,1
78986,5.0,1
78989,5.0,2
78990,4.0,1
78992,5.0,1
78995,5.0,1
78998,5.0,2
79001,4.0,1
79002,4.0,1
79004,5.0,1
79005,3.0,1
79007,4.333333333333333,3
79008,4.5,2
79009,4.2,5
79011,4.0,1
79015,3.0,1
79017,4.333333333333333,3
79019,4.0,1
79022,3.0,1
79024,3.0,1
79025,4.5,2
79026,4.0,2
79027,3.0,1
79031,5.0,1
79033,4.0,1
79041,1.0,2
79044,5.0,1
79047,5.0,1
79048,3.0,1
79049,5.0,1
79055,5.0,1
79056,4.0,1
79061,3.0,1
79063,3.0,1
79066,5.0,1
79067,5.0,1
79068,5.0,1
79069,5.0,1
79072,5.0,1
79073,5.0,1
79076,5.0,2
79077,2.0,1
79080,4.5,4
79083,3.5,2
79084,2.0,1
79085,5.0,1
79086,4.0,1
79090,3.0,1
79091,4.0,3
79093,5.0,2
79096,4.0,1
79098,4.0,1
79100,4.0,1
79102,5.0,1
79103,5.0,1
79106,5.0,1
79110,4.0,2
79113,5.0,1
79114,2.0,1
79118,5.0,1
79120,3.0,1
79121,3.6666666666666665,3
79122,5.0,2
79123,5.0,1
79124,4.0,1
79129,5.0,2
79130,3.5,2
79132,5.0,4
79135,3.0,1
79136,4.0,2
79138,5.0,1
79146,5.0,1
79147,5.0,1
79148,5.0,2
79152,3.6666666666666665,3
79153,2.3333333333333335,3
79154,5.0,3
79155,4.0,2
79158,4.0,1
79161,3.0,1
79163,4.0,2
79167,5.0,1
79169,1.0,1
79170,5.0,1
79174,5.0,2
79182,5.0,1
79183,3.0,1
79184,3.3333333333333335,3
79185,1.0,1
79186,5.0,1
79190,5.0,1
79191,4.0,1
79194,4.0,1
79196,3.0,1
79199,4.666666666666667,3
79200,4.0,2
79201,5.0,1
79202,3.0,4
79204,4.0,2
79205,5.0,1
79206,5.0,1
79207,5.0,1
79208,2.0,2
79210,5.0,1
79211,4.0,1
79212,3.5,2
79214,5.0,2
79217,4.0,1
79220,3.0,1
79222,3.0,1
79224,5.0,1
79225,5.0,1
79227,5.0,1
79228,5.0,1
79233,5.0,1
79237,5.0,1
79239,4.0,1
79240,4.0,2
79241,4.0,1
79244,3.5,2
79245,3.0,2
79247,4.0,1
79250,4.0,2
79259,5.0,1
79265,4.0,1
79266,5.0,2
79267,4.0,1
79270,3.0,1
79273,5.0,1
79277,2.0,1
79278,4.0,1
79283,5.0,1
79286,4.0,1
79287,3.0,1
79288,3.0,1
79289,4.333333333333333,3
79291,5.0,1
79292,4.333333333333333,3
79293,4.0,1
79295,1.0,1
79298,3.0,1
79299,4.0,1
79307,5.0,1
79308,5.0,1
79310,3.0,1
79312,5.0,1
79313,5.0,2
79316,4.0,1
79325,4.25,4
79326,3.0,1
79328,5.0,1
79329,5.0,1
79332,4.5,2
79335,5.0,1
79338,2.0,1
79339,5.0,1
79340,3.0,1
79342,4.5,2
79346,3.0,2
79347,3.0,1
79350,4.0,1
79352,3.0,1
79353,3.0,1
79355,3.0,1
79357,5.0,1
79362,5.0,1
79363,5.0,1
79371,3.0,2
79372,3.0,1
79375,5.0,6
79376,3.0,1
79380,3.0,1
79381,4.0,1
79385,4.0,1
79389,4.0,2
79390,5.0,1
79393,5.0,1
79394,4.0,2
79397,5.0,1
79398,5.0,1
79402,4.0,2
79403,4.0,1
79405,4.75,4
79406,3.0,1
79410,4.0,1
79418,5.0,3
79420,4.0,1
79421,5.0,3
79425,4.0,1
79426,4.0,2
79428,4.0,1
79430,5.0,1
79432,5.0,1
79435,3.0,1
79436,5.0,1
79438,4.0,1
79446,5.0,1
79447,3.5,2
79449,5.0,1
79450,5.0,1
79452,4.5,2
79453,5.0,1
79456,3.0,1
79458,4.0,2
79465,5.0,1
79467,1.0,1
79468,3.0,1
79472,3.6666666666666665,6
79473,5.0,2
79481,4.333333333333333,3
79482,4.0,1
79483,4.0,1
79485,3.6666666666666665,3
79488,3.0,3
79490,5.0,1
79494,5.0,3
79496,5.0,1
79497,4.5,2
79502,4.0,1
79505,3.0,1
79510,5.0,2
79517,4.0,2
79520,4.0,4
79521,5.0,1
79522,4.0,2
79523,3.0,1
79525,4.5,2
79529,5.0,3
79531,5.0,1
79533,4.0,1
79535,4.0,1
79536,3.0,1
79537,3.3333333333333335,3
79538,3.0,2
79540,5.0,1
79545,5.0,2
79548,5.0,1
79549,1.0,1
79552,3.0,2
79553,5.0,1
79555,4.0,1
79556,5.0,1
79557,5.0,1
79559,4.0,2
79562,4.0,2
79566,5.0,1
79568,3.5,2
79569,4.0,3
79571,4.5,2
79572,5.0,1
79577,4.6,5
79581,4.2,10
79582,4.0,1
79583,4.0,1
79585,3.0,2
79588,5.0,1
79589,5.0,1
79590,3.6666666666666665,3
79592,4.0,1
79599,4.0,1
79600,3.6666666666666665,6
79601,3.3333333333333335,3
79603,5.0,1
79604,5.0,1
79613,5.0,3
79614,4.0,1
79617,3.0,3
79618,4.166666666666667,6
79620,4.0,2
79621,2.0,1
79624,5.0,2
79625,5.0,1
79626,5.0,1
79631,5.0,1
79635,5.0,1
79636,4.666666666666667,3
79638,4.0,2
79639,5.0,1
79643,5.0,1
79646,5.0,1
79648,4.0,2
79651,5.0,2
79653,5.0,1
79656,4.0,1
79657,5.0,1
79660,5.0,1
79663,3.0,1
79666,5.0,1
79669,3.5,2
79670,5.0,1
79673,5.0,1
79675,3.0,1
79676,3.5,2
79680,4.0,1
79682,5.0,1
79690,3.0,1
79691,5.0,2
79692,3.2,5
79697,4.0,1
79700,4.333333333333333,3
79702,5.0,6
79703,5.0,1
79709,3.6666666666666665,3
79711,5.0,1
79714,4.0,1
79715,5.0,1
79718,4.0,1
79721,4.0,3
79722,4.666666666666667,3
79723,5.0,1
79726,5.0,1
79727,4.0,1
79730,5.0,1
79733,4.0,1
79735,3.0,1
79738,4.0,1
79739,4.0,1
79742,4.5,2
79747,4.0,1
79748,3.0,1
79749,4.0,1
79750,4.5,2
79751,5.0,2
79752,4.25,4
79753,3.0,1
79754,4.0,3
79761,3.0,1
79762,4.666666666666667,3
79763,4.0,1
79764,5.0,1
79768,3.5,4
79770,4.5,2
79773,4.5,2
79774,4.0,2
79775,4.4,5
79777,3.0,1
79778,5.0,1
79780,5.0,1
79781,5.0,1
79783,4.0,1
79787,4.6,5
79788,5.0,1
79789,4.0,1
79791,5.0,1
79793,5.0,1
79794,5.0,1
79796,4.0,1
79802,4.0,1
79805,3.0,1
79806,5.0,1
79811,5.0,1
79813,2.0,1
79814,4.0,2
79816,4.666666666666667,3
79818,3.6666666666666665,3
79825,4.0,1
79827,4.0,1
79832,3.0,1
79833,5.0,1
79834,4.0,1
79835,2.0,1
79843,4.0,2
79845,3.0,1
79846,4.0,1
79847,5.0,1
79849,5.0,1
79850,4.0,1
79852,4.0,2
79855,4.222222222222222,9
79856,4.0,2
79864,5.0,1
79870,5.0,1
79871,4.0,1
79873,4.333333333333333,3
79875,3.3333333333333335,3
79881,5.0,1
79882,5.0,1
79883,3.0,1
79884,5.0,1
79886,2.5,2
79891,5.0,1
79895,4.5,4
79896,4.0,1
79897,4.0,1
79899,4.0,1
79900,2.0,1
79901,3.0,2
79903,5.0,1
79904,1.0,2
79907,4.0,1
79908,4.0,2
79909,2.0,1
79910,4.0,1
79911,5.0,3
79924,5.0,1
79925,4.0,1
79926,3.5,2
79928,5.0,1
79931,5.0,2
79934,3.2,5
79935,5.0,1
79942,3.0,2
79943,4.0,2
79946,5.0,1
79948,5.0,1
79949,4.0,2
79950,5.0,1
79951,2.0,1
79952,3.0,1
79954,5.0,1
79957,4.0,1
79959,4.5,2
79960,3.0,1
79962,3.0,1
79965,4.0,1
79968,3.0,3
79969,5.0,1
79970,5.0,1
79971,4.0,2
79973,5.0,1
79975,5.0,2
79977,3.0,1
79978,4.0,1
79980,1.0,1
79982,3.0,1
79983,5.0,1
79984,1.0,1
79985,5.0,1
79988,1.0,1
79991,3.0,1
79993,5.0,1
79995,4.0,1
79996,2.0,1
79997,5.0,1
80002,3.75,4
80004,3.0,1
80011,4.0,4
80012,3.5,4
80014,2.0,1
80018,4.0,1
80022,4.5,4
80024,4.0,1
80025,4.0,2
80026,5.0,1
80027,5.0,1
80028,5.0,1
80032,3.0,1
80033,5.0,1
80034,3.0,2
80035,4.666666666666667,3
80036,1.0,1
80039,2.0,1
80040,4.0,2
80041,5.0,1
80044,5.0,1
80048,5.0,1
80049,5.0,1
80050,5.0,1
80054,5.0,1
80056,5.0,1
80057,4.428571428571429,7
80068,4.0,1
80075,2.0,2
80077,5.0,1
80079,2.5,4
80080,4.0,1
80081,5.0,1
80083,3.0,1
80084,5.0,2
80085,4.666666666666667,3
80086,4.0,2
80090,3.0,1
80091,3.0,1
80093,5.0,1
80095,4.0,1
80108,3.0,1
80109,2.0,1
80110,5.0,2
80113,5.0,1
80114,5.0,1
80117,5.0,1
80121,5.0,1
80124,4.0,1
80125,4.0,1
80127,5.0,1
80130,4.0,2
80142,4.0,1
80149,5.0,1
80150,5.0,1
80151,4.0,2
80152,4.0,2
80157,4.5,2
80158,5.0,2
80160,3.0,1
80161,5.0,1
80164,4.25,4
80169,4.0,1
80170,2.75,4
80171,4.5,2
80174,4.0,2
80175,1.0,1
80177,5.0,5
80185,3.5,2
80187,5.0,3
80189,5.0,1
80191,5.0,1
80198,3.0,1
80199,3.3333333333333335,3
80201,5.0,1
80202,4.0,1
80204,5.0,1
80205,5.0,2
80207,3.5,2
80211,5.0,1
80212,4.333333333333333,3
80213,4.0,1
80214,5.0,1
80215,3.0,1
80217,5.0,1
80221,5.0,2
80222,3.8,5
80223,3.5,2
80225,4.0,1
80227,5.0,1
80232,5.0,1
80236,2.5,2
80237,4.0,1
80238,4.0,1
80239,5.0,2
80242,5.0,1
80243,5.0,1
80246,4.0,1
80250,3.0,4
80254,3.0,2
80255,5.0,1
80260,4.333333333333333,3
80261,5.0,1
80263,5.0,6
80266,3.0,1
80267,4.5,2
80268,5.0,1
80271,4.0,1
80273,3.0,1
80275,3.5,2
80278,5.0,1
80282,4.0,1
80287,4.4,5
80289,4.0,1
80291,3.0,2
80292,4.0,1
80293,5.0,2
80294,4.0,2
80295,4.0,3
80297,4.0,1
80298,4.0,1
80299,3.7142857142857144,7
80300,5.0,2
80301,5.0,1
80302,5.0,1
80303,4.5,4
80309,4.0,1
80311,2.0,2
80315,5.0,3
80316,4.0,1
80317,4.0,1
80318,4.0,1
80319,4.0,2
80324,3.0,1
80327,4.0,1
80333,5.0,1
80335,4.666666666666667,3
80336,5.0,1
80341,5.0,1
80342,5.0,1
80343,4.0,1
80348,4.0,1
80353,4.0,1
80354,4.0,1
80358,3.0,3
80360,5.0,1
80361,3.0,2
80363,5.0,1
80364,4.0,1
80367,4.0,1
80368,5.0,1
80369,5.0,1
80370,5.0,1
80375,5.0,1
80376,5.0,1
80378,5.0,2
80379,5.0,1
80380,5.0,1
80382,4.0,1
80383,4.0,1
80387,4.0,1
80389,3.888888888888889,9
80393,4.0,1
80394,4.0,1
80396,5.0,1
80398,5.0,2
80402,4.5,4
80403,5.0,2
80406,5.0,1
80407,1.0,1
80409,4.0,2
80416,4.0,1
80425,5.0,1
80427,4.0,3
80429,5.0,1
80430,4.0,1
80432,4.0,1
80435,3.0,1
80436,5.0,1
80437,5.0,1
80439,2.0,1
80442,5.0,1
80443,1.0,1
80446,5.0,1
80451,5.0,1
80453,4.0,1
80467,5.0,2
80468,4.0,1
80471,3.0,1
80472,5.0,1
80473,5.0,1
80474,3.0,1
80476,5.0,1
80478,4.5,2
80481,5.0,1
80486,5.0,1
80487,5.0,1
80488,4.0,1
80489,4.0,1
80496,4.0,1
80497,4.4,5
80498,4.0,1
80501,5.0,1
80503,5.0,1
80505,4.0,1
80506,5.0,1
80509,5.0,1
80512,4.0,1
80518,5.0,1
80526,3.0,1
80529,3.0,1
80534,5.0,1
80539,3.0,1
80540,4.0,1
80545,3.0,1
80547,4.0,1
80550,5.0,1
80554,5.0,1
80555,4.333333333333333,6
80556,4.0,1
80559,5.0,1
80563,4.0,1
80566,2.0,1
80567,5.0,1
80568,5.0,1
80570,3.0,1
80571,5.0,1
80573,4.0,2
80575,4.0,1
80578,5.0,1
80581,5.0,1
80583,5.0,1
80585,4.5,2
80586,4.0,1
80587,4.0,1
80588,4.0,1
80589,5.0,1
80592,4.571428571428571,7
80596,5.0,6
80602,5.0,1
80606,4.0,1
80615,5.0,1
80616,3.0,1
80619,4.0,1
80620,4.0,1
80621,4.0,1
80623,3.0,1
80627,4.0,1
80628,3.6666666666666665,3
80633,5.0,1
80634,5.0,1
80635,2.0,1
80637,2.0,1
80639,3.0,1
80642,2.0,1
80644,5.0,1
80645,4.625,8
80647,5.0,1
80650,4.0,6
80652,3.0,1
80656,4.0,1
80658,4.333333333333333,3
80659,3.0,1
80660,3.5,2
80661,1.0,1
80665,4.0,1
80667,5.0,4
80668,5.0,1
80669,4.0,1
80670,4.0,2
80672,5.0,1
80675,4.0,1
80678,1.0,1
80682,5.0,4
80684,1.0,1
80687,3.75,4
80689,3.0,1
80690,4.0,1
80695,5.0,2
80698,5.0,1
80700,4.0,2
80703,5.0,1
80706,3.0,1
80711,4.0,3
80713,5.0,1
80718,2.0,1
80722,4.0,3
80726,4.0,2
80728,4.0,1
80729,5.0,1
80736,3.0,1
80740,3.5,2
80746,4.5,2
80747,4.0,1
80748,4.5,4
80750,5.0,1
80753,3.0,2
80754,5.0,2
80758,4.0,1
80762,3.0,1
80766,5.0,1
80768,3.0,1
80771,4.0,3
80774,5.0,2
80775,4.333333333333333,3
80776,5.0,1
80777,4.0,2
80778,5.0,2
80783,4.0,1
80785,4.0,1
80786,3.5,2
80790,4.0,1
80794,3.0,1
80797,2.0,2
80798,4.0,2
80799,5.0,1
80800,4.0,1
80802,4.0,1
80803,4.0,1
80812,4.0,1
80815,4.0,1
80817,5.0,1
80818,5.0,1
80820,4.0,1
80821,4.0,1
80825,5.0,1
80826,3.5,2
80829,4.0,1
80831,4.0,1
80832,4.0,1
80839,5.0,1
80840,5.0,1
80841,1.0,1
80842,5.0,1
80847,5.0,1
80848,5.0,1
80850,4.0,1
80851,5.0,1
80854,4.0,1
80863,4.0,1
80865,5.0,1
80867,5.0,1
80870,5.0,1
80873,3.0,1
80875,5.0,2
80878,4.0,1
80879,5.0,1
80882,4.0,2
80886,3.0,2
80890,4.0,1
80893,5.0,2
80896,5.0,2
80902,4.0,1
80905,4.0,1
80906,3.5,2
80907,3.0,1
80908,5.0,1
80915,4.0,1
80917,5.0,1
80918,4.0,1
80919,3.3333333333333335,3
80920,5.0,1
80923,4.5,2
80925,4.0,1
80930,5.0,1
80937,4.0,1
80940,5.0,1
80941,2.0,1
80944,4.0,1
80945,3.0,1
80946,3.0,1
80947,4.5,2
80948,4.5,2
80954,5.0,2
80956,5.0,1
80959,5.0,1
80969,5.0,1
80970,5.0,1
80973,5.0,1
80975,4.0,1
80978,5.0,1
80979,2.0,1
80980,5.0,1
80981,5.0,1
80983,3.0,1
80984,5.0,1
80985,5.0,2
80987,5.0,1
80995,3.0,1
80999,4.0,1
81000,4.0,1
81001,4.0,1
81002,3.0,1
81003,4.0,3
81005,3.0,1
81008,4.0,1
81009,5.0,2
81015,1.0,1
81017,5.0,1
81021,5.0,1
81022,5.0,1
81026,4.0,1
81027,3.0,3
81029,3.6666666666666665,6
81033,5.0,2
81034,4.0,1
81035,3.8,5
81036,5.0,2
81038,4.0,1
81041,4.0,1
81042,5.0,1
81043,4.0,1
81045,4.0,1
81047,4.0,1
81049,3.0,1
81051,4.0,2
81052,5.0,1
81054,5.0,1
81056,4.0,1
81057,4.0,1
81058,5.0,1
81059,5.0,1
81063,2.5,2
81066,4.0,1
81067,5.0,1
81068,4.5,4
81072,5.0,1
81074,4.0,1
81075,4.333333333333333,3
81078,5.0,1
81082,4.0,2
81083,4.5,2
81090,5.0,1
81091,3.5,6
81092,5.0,1
81097,5.0,2
81099,4.0,2
81100,2.0,2
81102,4.333333333333333,3
81103,5.0,3
81104,4.0,1
81107,4.333333333333333,3
81111,5.0,1
81112,4.0,4
81115,5.0,1
81120,5.0,1
81121,5.0,1
81125,5.0,1
81128,5.0,1
81131,4.0,2
81135,5.0,1
81139,3.0,1
81144,5.0,1
81145,3.5,2
81149,3.0,1
81154,4.0,4
81157,2.0,1
81161,5.0,1
81163,4.142857142857143,7
81175,4.5,2
81176,2.0,1
81177,3.0,1
81180,5.0,1
81181,1.0,1
81185,3.0,2
81190,5.0,1
81193,4.0,2
81196,5.0,1
81197,5.0,2
81201,3.5,2
81204,1.0,1
81206,3.3333333333333335,3
81207,5.0,2
81210,3.0,1
81226,5.0,2
81227,4.0,1
81231,4.0,1
81232,5.0,1
81233,4.0,2
81235,4.0,2
81236,5.0,1
81238,3.0,1
81241,5.0,1
81242,4.0,1
81243,5.0,1
81245,3.75,4
81246,3.0,1
81247,3.0,2
81249,4.5,4
81251,4.25,4
81252,4.0,1
81255,4.0,1
81257,3.0,4
81259,4.0,1
81260,4.0,1
81262,4.0,1
81263,4.75,4
81268,5.0,1
81271,5.0,1
81272,4.6,5
81273,3.5,2
81274,5.0,1
81275,4.0,4
81279,4.0,1
81280,1.0,1
81285,4.0,1
81286,4.0,1
81287,3.8333333333333335,6
81288,5.0,1
81290,3.0,1
81291,5.0,1
81293,3.6666666666666665,6
81294,3.0,1
81298,4.5,2
81303,4.5,2
81309,4.0,1
81312,4.0,1
81317,2.0,1
81319,5.0,1
81323,5.0,1
81324,4.0,1
81326,4.333333333333333,3
81328,4.0,1
81331,4.0,1
81332,3.6666666666666665,3
81337,4.0,1
81342,5.0,1
81343,5.0,1
81344,5.0,1
81345,4.5,2
81349,4.5,4
81351,4.0,1
81352,5.0,1
81353,5.0,1
81354,4.285714285714286,7
81360,5.0,1
81361,4.0,1
81364,4.0,1
81368,5.0,1
81371,5.0,1
81374,4.0,1
81376,3.0,1
81377,4.0,1
81385,5.0,1
81386,4.75,4
81389,4.0,1
81391,5.0,1
81392,3.0,1
81405,5.0,1
81406,5.0,2
81407,4.0,2
81411,5.0,1
81412,4.0,1
81415,5.0,2
81424,4.0,2
81425,3.0,1
81427,5.0,1
81428,4.0,2
81433,5.0,1
81435,4.0,1
81436,5.0,1
81451,4.0,1
81456,5.0,3
81457,5.0,1
81459,4.0,1
81460,3.0,2
81464,3.0,1
81471,5.0,1
81474,4.5,2
81475,2.0,1
81478,4.0,1
81479,5.0,1
81480,5.0,1
81481,3.5,2
81485,5.0,1
81486,3.0,1
81488,1.0,1
81492,4.0,1
81493,5.0,1
81494,4.0,1
81497,3.0,1
81498,4.0,1
81503,5.0,1
81505,5.0,1
81506,5.0,1
81509,5.0,1
81510,5.0,2
81512,5.0,1
81514,3.0,1
81522,5.0,1
81523,5.0,1
81524,4.333333333333333,3
81525,5.0,2
81530,3.0,1
81531,5.0,1
81534,4.0,2
81535,3.0,1
81538,4.0,2
81539,5.0,2
81540,5.0,1
81542,5.0,1
81543,5.0,1
81545,4.0,1
81551,3.0,1
81552,1.0,1
81553,5.0,1
81561,4.0,2
81565,3.0,2
81569,5.0,1
81581,2.0,1
81583,4.0,1
81585,4.5,2
81586,4.0,1
81587,5.0,1
81588,5.0,1
81589,4.0,1
81590,5.0,1
81592,4.0,2
81596,4.0,1
81605,5.0,1
81608,5.0,2
81611,5.0,1
81612,4.0,1
81619,4.666666666666667,3
81621,3.5,2
81623,3.0,1
81625,5.0,1
81629,5.0,1
81630,4.0,1
81632,5.0,1
81633,2.0,1
81638,3.0,1
81640,3.0,1
81641,5.0,1
81642,2.5,2
81643,3.0,1
81646,3.0,1
81647,5.0,2
81648,5.0,1
81650,3.3333333333333335,3
81651,3.0,1
81654,5.0,1
81655,4.5,2
81656,3.5,2
81658,3.0,1
81662,1.0,1
81663,2.0,1
81664,1.0,1
81665,4.5,2
81666,3.0,1
81668,5.0,1
81669,5.0,2
81674,4.0,2
81675,5.0,1
81676,4.0,1
81677,3.3333333333333335,3
81678,4.333333333333333,3
81684,3.0,4
81686,5.0,1
81690,3.0,1
81693,3.2,5
81697,5.0,1
81698,5.0,3
81702,3.0,1
81705,5.0,1
81706,5.0,2
81712,1.0,1
81713,5.0,2
81714,4.666666666666667,3
81717,4.5,2
81720,4.0,1
81722,3.3333333333333335,3
81724,3.5,4
81725,5.0,1
81726,4.0,1
81728,5.0,1
81732,4.0,1
81733,4.0,1
81734,4.25,4
81737,4.0,1
81740,3.5,2
81741,4.0,1
81742,3.25,4
81745,4.0,1
81749,4.5,2
81750,5.0,1
81752,2.0,1
81753,1.0,1
81756,5.0,1
81761,5.0,1
81766,4.0,1
81770,3.0,1
81771,4.0,1
81774,4.0,6
81777,4.0,1
81780,4.0,1
81783,3.0,1
81784,4.666666666666667,3
81786,4.0,1
81788,4.0,1
81790,5.0,1
81797,3.0,1
81799,5.0,2
81801,4.0,1
81804,4.0,1
81805,5.0,1
81806,3.0,1
81807,4.0,2
81810,5.0,1
81813,4.0,1
81814,5.0,1
81815,5.0,1
81816,4.0,3
81818,5.0,1
81819,3.0,1
81822,5.0,2
81824,3.6666666666666665,3
81825,4.0,2
81826,3.0,1
81827,4.0,2
81828,5.0,1
81829,4.666666666666667,3
81830,3.5,2
81832,4.5,2
81834,5.0,1
81835,5.0,1
81836,5.0,1
81840,4.0,1
81843,5.0,1
81844,5.0,1
81845,4.0,1
81846,4.5,2
81849,5.0,2
81851,4.0,1
81852,3.0,2
81853,3.5,2
81854,5.0,1
81855,4.0,1
81857,4.0,1
81859,3.0,1
81860,4.0,3
81863,4.0,1
81865,2.0,1
81867,5.0,2
81870,5.0,2
81876,3.0,1
81877,5.0,1
81878,5.0,1
81879,5.0,1
81880,5.0,2
81885,4.0,1
81886,4.8,5
81892,5.0,2
81894,3.5,2
81901,5.0,1
81902,1.0,1
81904,4.0,1
81906,5.0,1
81907,4.0,2
81913,3.6666666666666665,3
81914,3.0,1
81915,4.0,4
81917,5.0,1
81923,4.0,3
81924,3.75,4
81929,5.0,3
81930,2.0,1
81932,4.333333333333333,3
81933,5.0,1
81934,5.0,1
81936,5.0,1
81941,5.0,1
81942,5.0,2
81944,4.0,1
81949,4.0,1
81955,3.0,1
81957,5.0,1
81959,5.0,1
81965,2.0,1
81966,3.5,2
81972,1.0,1
81978,5.0,1
81979,5.0,1
81980,5.0,1
81981,5.0,1
81985,5.0,1
81998,4.0,4
82000,2.0,2
82001,2.5,2
82004,4.0,1
82005,3.0,1
82012,4.5,2
82013,5.0,1
82014,4.0,1
82017,3.0,1
82018,5.0,2
82020,5.0,2
82023,5.0,2
82024,4.0,1
82025,2.8,5
82026,3.0,1
82027,4.0,1
82028,3.8,5
82033,5.0,1
82034,2.5,2
82035,5.0,1
82040,3.0,1
82041,5.0,1
82042,4.5,2
82044,4.0,1
82045,4.0,1
82047,4.0,1
82048,5.0,1
82049,4.0,2
82050,3.4285714285714284,7
82051,4.0,1
82057,5.0,1
82060,4.0,1
82063,4.0,1
82065,5.0,1
82066,5.0,1
82068,4.0,1
82069,5.0,1
82070,4.0,1
82072,5.0,1
82075,4.0,1
82076,4.0,2
82079,4.25,4
82084,4.0,2
82086,4.0,1
82087,5.0,1
82088,4.0,1
82092,4.0,1
82093,4.0,1
82094,5.0,1
82096,4.0,2
82097,5.0,1
82099,5.0,1
82102,5.0,1
82103,5.0,2
82107,4.0,1
82108,4.0,3
82109,4.0,1
82114,4.0,4
82115,5.0,1
82117,3.2,5
82121,2.0,1
82125,4.0,1
82127,4.0,1
82132,4.25,4
82133,5.0,1
82135,5.0,1
82136,5.0,1
82140,4.0,1
82141,5.0,2
82142,4.5,2
82146,4.5,2
82148,5.0,1
82149,3.5,2
82152,4.0,3
82153,4.0,5
82154,3.0,1
82157,3.0,2
82159,4.0,1
82165,4.0,1
82168,4.0,1
82169,4.0,1
82170,4.5,2
82171,5.0,2
82172,4.0,1
82174,4.0,1
82175,5.0,1
82176,4.666666666666667,3
82178,3.0,1
82187,3.6666666666666665,3
82189,4.428571428571429,7
82190,5.0,1
82192,3.0,2
82197,4.0,1
82198,4.5,2
82199,5.0,1
82201,5.0,2
82202,5.0,1
82203,5.0,2
82204,5.0,1
82206,5.0,2
82208,5.0,1
82209,4.5,2
82213,5.0,2
82215,1.0,1
82221,3.0,1
82224,4.666666666666667,3
82225,4.0,1
82228,5.0,1
82229,2.0,1
82236,5.0,1
82242,3.0,1
82243,4.0,1
82245,5.0,1
82246,5.0,1
82250,4.0,1
82252,4.0,1
82253,5.0,1
82255,4.0,1
82258,5.0,2
82260,5.0,1
82262,5.0,1
82267,4.0,1
82272,5.0,1
82274,4.0,2
82275,4.0,1
82277,4.0,1
82278,4.0,1
82280,5.0,1
82281,3.0,2
82282,1.0,1
82283,5.0,1
82284,2.0,1
82285,4.0,2
82287,4.0,1
82291,4.0,2
82294,3.3333333333333335,3
82296,5.0,1
82297,5.0,1
82298,5.0,2
82300,5.0,1
82301,3.25,4
82304,5.0,1
82305,5.0,1
82313,4.0,1
82324,4.0,1
82325,5.0,2
82328,5.0,2
82331,4.0,1
82332,5.0,1
82335,5.0,1
82337,4.0,2
82339,4.25,4
82340,4.0,1
82342,3.5,2
82343,5.0,1
82347,3.0,1
82351,1.0,1
82354,5.0,1
82362,5.0,1
82363,4.666666666666667,3
82369,5.0,4
82374,3.5,2
82376,5.0,1
82378,5.0,2
82384,5.0,1
82392,4.0,1
82393,4.5,2
82395,5.0,1
82397,3.0,1
82399,5.0,1
82402,4.666666666666667,3
82403,2.0,1
82404,4.0,2
82411,3.2,5
82412,5.0,1
82414,5.0,1
82415,5.0,1
82416,5.0,1
82417,2.0,1
82420,5.0,1
82424,4.0,2
82426,4.0,1
82427,5.0,2
82428,4.25,8
82431,3.0,2
82433,5.0,1
82441,4.0,1
82443,2.0,1
82446,1.0,1
82447,2.0,1
82448,4.0,1
82451,5.0,1
82452,5.0,1
82456,5.0,1
82463,5.0,1
82466,2.0,1
82468,5.0,1
82470,5.0,1
82471,4.0,1
82472,5.0,2
82473,5.0,3
82475,4.0,1
82476,4.0,3
82478,3.5,2
82479,5.0,1
82480,3.0,1
82481,4.0,4
82482,4.0,1
82483,5.0,1
82485,1.0,1
82488,3.0,2
82491,4.5,2
82501,5.0,1
82502,5.0,1
82511,4.0,1
82514,5.0,1
82516,4.0,1
82518,3.6666666666666665,3
82521,5.0,1
82522,4.0,1
82526,5.0,1
82533,4.333333333333333,3
82534,5.0,1
82535,4.0,1
82537,5.0,1
82541,4.333333333333333,3
82543,5.0,3
82545,5.0,1
82546,4.0,1
82548,4.0,1
82549,5.0,1
82550,3.0,1
82554,5.0,3
82555,5.0,1
82561,5.0,1
82563,5.0,2
82567,3.0,1
82568,3.5,2
82569,5.0,1
82570,4.0,1
82571,4.0,2
82572,4.0,1
82576,4.0,1
82580,5.0,1
82583,3.0,1
82584,4.0,1
82587,3.0,1
82588,4.0,1
82589,4.0,1
82592,2.0,1
82595,4.0,1
82601,4.0,1
82602,3.0,1
82603,5.0,1
82604,3.888888888888889,9
82607,5.0,1
82609,4.0,2
82612,4.5,4
82616,4.0,1
82618,5.0,1
82620,5.0,1
82621,2.0,1
82623,5.0,1
82633,4.0,2
82634,3.8333333333333335,6
82636,4.333333333333333,3
82637,4.0,1
82639,4.0,1
82640,4.0,1
82642,4.0,2
82644,4.75,4
82647,5.0,2
82648,3.0,2
82649,3.0,1
82650,5.0,1
82651,4.0,1
82652,5.0,1
82654,4.0,2
82655,3.0,1
82656,3.5,2
82659,5.0,1
82660,5.0,1
82663,5.0,1
82665,5.0,1
82668,5.0,1
82676,3.0,3
82677,5.0,1
82678,3.0,1
82680,4.0,2
82681,4.0,1
82683,5.0,1
82685,4.0,1
82690,5.0,1
82694,3.0,1
82696,4.0,1
82701,4.0,2
82704,4.333333333333333,3
82705,5.0,1
82707,5.0,2
82709,4.0,1
82716,5.0,1
82723,4.0,3
82726,4.0,1
82731,4.0,1
82732,4.0,1
82734,5.0,2
82735,4.0,1
82736,3.5,2
82737,5.0,1
82738,4.666666666666667,3
82743,5.0,2
82746,3.0,2
82748,5.0,1
82749,4.0,1
82750,4.0,1
82754,5.0,1
82756,4.0,1
82757,5.0,1
82758,1.0,1
82761,5.0,1
82762,4.0,1
82764,1.0,1
82765,4.0,1
82768,5.0,1
82769,3.0,1
82771,5.0,1
82777,3.0,1
82778,4.4,5
82784,4.5,4
82786,4.333333333333333,3
82790,5.0,2
82793,1.0,1
82794,5.0,1
82795,4.0,1
82798,4.0,1
82800,4.0,1
82802,4.0,1
82804,4.0,1
82805,5.0,1
82806,5.0,1
82812,5.0,1
82813,5.0,1
82814,5.0,2
82819,4.0,2
82820,4.0,1
82822,5.0,1
82823,5.0,4
82824,4.5,2
82825,3.0,2
82829,4.0,1
82831,3.0,1
82834,5.0,2
82835,3.0,1
82837,3.75,4
82839,4.0,1
82843,2.0,1
82844,3.8333333333333335,6
82846,4.0,5
82852,5.0,1
82853,4.0,1
82856,4.0,1
82857,5.0,3
82859,4.0,2
82864,5.0,1
82866,4.666666666666667,3
82868,5.0,1
82873,5.0,1
82875,5.0,1
82882,4.0,1
82883,5.0,1
82886,2.0,1
82888,4.5,2
82889,3.0,1
82891,5.0,1
82893,3.0,1
82895,4.0,1
82896,3.0,1
82897,5.0,1
82899,4.5,2
82904,5.0,1
82907,5.0,1
82914,5.0,2
82916,5.0,1
82918,3.5,2
82926,5.0,1
82928,4.0,1
82929,4.0,1
82932,5.0,1
82935,5.0,2
82936,5.0,1
82937,5.0,1
82938,5.0,1
82939,5.0,1
82942,3.0,1
82946,4.0,1
82951,4.5,2
82952,4.0,1
82954,4.0,3
82956,3.5,2
82957,4.5,6
82961,3.5,2
82968,4.5,2
82972,5.0,2
82975,4.0,1
82976,4.0,1
82979,4.0,1
82980,4.5,2
82981,5.0,1
82983,4.0,1
82987,4.5,8
82990,4.0,1
82998,3.0,1
83000,5.0,2
83002,5.0,1
83009,5.0,1
83012,5.0,2
83015,4.0,1
83018,5.0,1
83020,5.0,1
83021,5.0,1
83022,5.0,1
83024,5.0,1
83026,5.0,1
83027,4.0,2
83029,4.75,4
83032,4.0,1
83033,5.0,1
83034,5.0,6
83035,1.0,1
83036,5.0,1
83041,2.0,1
83044,3.0,2
83050,4.0,1
83054,5.0,4
83056,3.0,1
83059,5.0,2
83061,4.0,1
83064,4.0,1
83065,4.0,1
83066,3.0,1
83073,5.0,1
83074,1.0,1
83080,3.0,2
83081,3.5,4
83082,5.0,2
83083,4.0,1
83085,4.0,2
83087,5.0,1
83088,5.0,1
83091,4.0,1
83092,5.0,1
83094,3.7142857142857144,7
83095,3.0,1
83096,3.0,1
83099,4.666666666666667,3
83101,4.0,1
83105,3.0,1
83107,4.333333333333333,3
83112,5.0,2
83113,5.0,1
83117,5.0,2
83118,4.0,1
83119,5.0,1
83120,4.5,2
83121,5.0,1
83126,4.0,2
83127,5.0,1
83130,5.0,1
83135,5.0,3
83136,4.0,3
83137,5.0,1
83139,3.0,1
83146,4.25,4
83148,5.0,1
83150,5.0,3
83151,4.0,2
83154,3.0,2
83158,3.0,1
83159,5.0,2
83164,5.0,3
83165,4.0,1
83166,3.6666666666666665,3
83167,3.5,2
83168,4.0,1
83171,4.25,4
83174,3.0,1
83178,4.666666666666667,3
83182,5.0,1
83185,3.0,1
83186,4.5,2
83187,4.0,3
83191,5.0,1
83192,3.0,2
83202,4.0,1
83203,4.0,1
83204,4.0,1
83205,5.0,1
83207,5.0,1
83209,3.6666666666666665,3
83210,4.0,1
83218,4.0,1
83220,5.0,1
83222,1.0,2
83223,5.0,1
83224,3.75,4
83227,4.0,1
83228,4.5,2
83229,5.0,1
83234,5.0,1
83238,1.0,1
83244,4.0,2
83245,3.5,2
83249,4.0,1
83251,4.0,1
83254,5.0,1
83260,4.0,1
83264,4.0,1
83265,5.0,1
83269,5.0,1
83270,3.0,1
83276,4.0,3
83278,5.0,2
83281,4.0,1
83286,4.0,2
83297,5.0,1
83301,4.666666666666667,3
83303,5.0,1
83305,5.0,1
83310,5.0,3
83311,3.5,2
83316,3.5,4
83317,5.0,1
83318,3.0,1
83322,5.0,1
83324,3.75,8
83331,5.0,1
83332,5.0,1
83333,3.0,1
83335,1.0,1
83336,4.2,5
83338,3.2,5
83343,5.0,1
83345,1.0,1
83348,4.8,5
83349,3.0,2
83350,4.333333333333333,3
83354,4.333333333333333,6
83357,4.0,1
83364,5.0,3
83365,4.0,1
83368,4.0,1
83372,5.0,1
83375,3.5,2
83382,5.0,1
83396,5.0,1
83397,5.0,2
83401,4.666666666666667,3
83402,5.0,1
83403,3.0,1
83404,5.0,1
83407,3.0,1
83412,4.0,1
83417,5.0,1
83422,5.0,1
83430,4.0,5
83432,5.0,1
83434,4.666666666666667,3
83435,5.0,1
83436,4.0,2
83437,5.0,1
83439,2.0,1
83441,4.0,1
83445,2.0,1
83447,5.0,1
83448,5.0,3
83451,1.0,1
83455,5.0,1
83457,5.0,1
83458,5.0,1
83459,4.0,1
83464,4.0,1
83466,3.484848484848485,33
83472,5.0,1
83475,2.0,1
83477,3.0,1
83480,2.5,2
83481,4.0,1
83485,4.818181818181818,11
83486,5.0,1
83491,5.0,2
83492,4.0,1
83501,3.0,1
83504,5.0,1
83508,3.75,4
83515,4.0,1
83517,4.0,1
83526,3.5,2
83529,2.0,1
83530,4.0,1
83531,4.0,1
83532,5.0,1
83535,2.0,1
83537,3.0,1
83539,3.6666666666666665,3
83540,4.0,1
83541,4.0,2
83544,5.0,1
83547,5.0,1
83548,5.0,1
83549,4.0,1
83550,5.0,3
83551,5.0,1
83552,5.0,1
83555,4.0,1
83562,5.0,1
83566,4.0,1
83569,5.0,1
83572,5.0,2
83574,4.0,1
83575,5.0,1
83578,4.0,1
83583,4.0,2
83585,4.5,2
83587,5.0,1
83588,3.0,2
83590,3.3333333333333335,3
83591,4.0,3
83592,5.0,1
83593,3.2,5
83594,4.0,1
83596,4.0,1
83598,3.0,1
83602,4.0,1
83604,3.0,1
83605,4.0,1
83606,4.0,2
83611,4.0,2
83612,5.0,1
83615,3.0,1
83616,4.25,4
83619,5.0,1
83626,5.0,1
83627,5.0,2
83628,4.0,2
83632,3.5,2
83633,4.0,3
83634,3.0,2
83635,4.0,1
83636,4.0,1
83644,5.0,1
83645,3.0,1
83647,5.0,1
83650,5.0,1
83651,4.0,2
83652,5.0,1
83653,4.0,1
83659,5.0,1
83661,5.0,2
83662,5.0,1
83665,3.0,1
83668,4.0,4
83671,4.0,1
83675,3.0,1
83678,5.0,1
83682,3.0,1
83683,4.0,1
83689,3.0,1
83691,3.0,1
83692,5.0,1
83695,4.0,1
83697,4.0,1
83698,5.0,1
83700,4.0,1
83701,4.0,1
83704,4.0,1
83714,5.0,1
83719,5.0,1
83722,3.0,1
83726,4.0,1
83728,5.0,1
83730,4.0,1
83733,5.0,2
83737,4.0,6
83742,4.5,2
83745,3.0,1
83747,5.0,1
83750,5.0,1
83751,5.0,2
83757,4.25,4
83759,4.0,1
83762,5.0,1
83764,3.0,2
83765,5.0,1
83767,3.0,2
83773,5.0,1
83780,5.0,1
83783,4.0,1
83785,3.6666666666666665,3
83786,4.0,1
83788,4.0,1
83789,5.0,1
83791,5.0,1
83792,4.0,1
83795,5.0,1
83796,3.0,1
83800,5.0,1
83811,5.0,1
83812,3.0,1
83813,5.0,1
83814,4.0,1
83816,5.0,2
83821,5.0,1
83822,5.0,1
83823,5.0,1
83833,2.0,1
83834,5.0,1
83841,5.0,1
83845,5.0,1
83850,4.4,5
83855,5.0,2
83856,5.0,2
83858,4.0,1
83860,5.0,1
83864,5.0,1
83868,5.0,2
83870,2.0,1
83872,5.0,1
83873,5.0,1
83874,5.0,2
83879,3.3333333333333335,3
83881,5.0,1
83882,5.0,1
83883,3.0,1
83885,3.0,1
83887,4.0,2
83888,3.0,2
83893,5.0,1
83894,5.0,1
83896,5.0,1
83900,4.5,2
83901,4.0,2
83904,4.4,5
83905,5.0,2
83915,5.0,1
83917,3.5,2
83921,4.0,1
83928,5.0,1
83930,4.0,1
83931,4.0,1
83933,3.0,1
83941,1.0,1
83942,5.0,1
83945,2.0,1
83946,3.0,1
83947,4.0,1
83948,5.0,1
83949,5.0,1
83954,3.0,1
83956,4.0,2
83957,4.0,1
83963,3.5,2
83973,4.0,1
83974,5.0,1
83975,5.0,2
83976,5.0,1
83977,4.0,1
83978,3.0,2
83979,4.0,1
83985,4.0,1
83986,3.0,1
83987,3.0,1
83989,5.0,1
83990,4.0,2
83994,3.0,1
83997,3.0,1
84001,4.5,2
84002,4.0,2
84003,4.0,1
84004,4.5,2
84005,5.0,2
84006,5.0,1
84008,5.0,1
84010,5.0,1
84014,4.0,1
84015,4.333333333333333,3
84016,3.0,1
84021,2.5,2
84023,4.0,2
84025,4.0,2
84028,3.0,1
84029,5.0,2
84032,1.0,1
84033,4.0,1
84036,5.0,1
84037,4.0,1
84038,5.0,1
84039,5.0,1
84041,5.0,1
84042,5.0,1
84043,4.5,2
84044,5.0,1
84049,3.0,1
84050,4.0,1
84052,2.5,2
84054,4.666666666666667,6
84056,3.0,2
84057,5.0,2
84058,4.0,1
84062,5.0,1
84066,5.0,1
84071,4.0,1
84072,2.0,1
84078,4.0,1
84079,5.0,1
84080,3.0,2
84082,4.0,1
84084,4.0,1
84085,5.0,1
84086,3.3333333333333335,3
84087,4.5,4
84090,1.0,1
84091,3.0,1
84094,4.0,1
84095,5.0,1
84096,3.0,3
84097,3.0,1
84102,4.0,1
84103,5.0,1
84104,4.5,2
84109,5.0,1
84110,3.0,1
84113,3.0,1
84114,4.666666666666667,3
84115,5.0,1
84118,5.0,1
84120,4.0,1
84121,5.0,1
84131,3.0,1
84132,4.5,2
84133,3.25,4
84146,5.0,3
84147,4.5,2
84150,4.5,2
84151,5.0,1
84152,5.0,1
84154,5.0,1
84157,5.0,1
84159,3.0,1
84160,4.0,3
84162,4.0,3
84164,1.0,1
84167,4.5,2
84168,4.0,2
84174,3.0,1
84176,5.0,1
84177,5.0,2
84181,4.5,2
84182,5.0,1
84185,4.0,3
84186,4.0,1
84187,3.0,1
84189,4.0,1
84200,3.0,1
84201,5.0,1
84202,4.0,1
84203,4.0,1
84204,5.0,1
84205,5.0,1
84207,4.5,2
84210,4.0,1
84213,5.0,1
84214,1.0,1
84217,2.0,1
84221,2.0,1
84224,5.0,3
84228,5.0,1
84230,5.0,2
84237,4.0,1
84240,3.0,1
84241,4.0,1
84244,3.0,1
84245,4.0,1
84246,5.0,1
84249,5.0,1
84253,1.0,1
84257,4.0,1
84259,5.0,1
84260,4.0,1
84262,4.0,2
84263,5.0,1
84268,4.0,1
84271,4.5,2
84275,4.5,2
84277,4.0,1
84279,4.0,1
84286,4.0,1
84287,5.0,1
84288,4.0,2
84296,3.0,1
84298,3.0,1
84300,5.0,1
84303,5.0,1
84305,4.0,1
84308,5.0,1
84314,4.0,1
84315,4.0,1
84316,5.0,2
84319,4.5,2
84320,4.0,1
84323,4.0,2
84324,3.0,1
84325,3.0,1
84326,4.0,1
84327,4.5,2
84330,3.6666666666666665,3
84331,5.0,1
84337,5.0,1
84338,5.0,1
84340,3.0,2
84343,5.0,1
84347,4.0,1
84348,5.0,2
84351,4.5,2
84353,5.0,1
84357,5.0,2
84358,4.5,2
84363,4.0,1
84366,3.6666666666666665,3
84373,4.0,2
84374,4.0,1
84377,3.0,1
84379,5.0,1
84380,5.0,1
84382,4.0,1
84390,3.0,1
84391,5.0,1
84392,5.0,1
84395,5.0,1
84396,5.0,1
84399,4.0,4
84400,4.5,2
84402,4.0,2
84403,5.0,1
84410,5.0,1
84411,4.0,1
84414,5.0,1
84416,4.0,1
84421,4.0,1
84424,5.0,1
84428,3.5,2
84429,5.0,1
84431,4.0,1
84436,5.0,1
84444,1.0,1
84446,4.0,2
84450,3.5,2
84453,4.0,2
84454,4.0,1
84457,4.0,4
84459,4.0,1
84466,4.0,1
84467,5.0,1
84468,5.0,1
84470,5.0,1
84472,4.0,1
84474,4.0,1
84476,5.0,2
84478,4.5,2
84479,4.0,1
84480,4.6,5
84482,5.0,1
84487,4.5,2
84490,5.0,1
84496,5.0,1
84497,2.0,1
84509,4.0,1
84510,5.0,1
84511,5.0,1
84513,5.0,1
84514,4.0,1
84515,5.0,1
84519,5.0,1
84521,5.0,1
84522,5.0,1
84523,4.0,1
84527,5.0,1
84531,5.0,1
84534,4.0,1
84538,4.0,1
84541,3.0,1
84544,5.0,1
84546,1.0,1
84547,3.2,5
84549,5.0,3
84550,3.0,2
84557,4.0,1
84558,4.0,1
84560,4.0,1
84562,4.0,1
84565,4.0,1
84566,3.0,1
84569,4.0,1
84572,4.0,1
84576,4.0,3
84585,4.0,1
84587,3.0,1
84591,3.0,3
84593,5.0,1
84595,3.5,2
84596,4.0,1
84597,4.666666666666667,3
84598,4.0,1
84601,5.0,1
84604,3.0,1
84606,4.333333333333333,3
84607,5.0,1
84608,5.0,1
84612,1.0,1
84614,4.0,1
84621,3.5,2
84623,5.0,1
84624,5.0,1
84625,2.0,1
84631,3.2,5
84634,4.0,3
84635,4.0,1
84647,4.0,1
84648,5.0,1
84649,4.0,2
84650,3.0,1
84651,5.0,2
84652,5.0,2
84655,4.0,1
84657,5.0,1
84658,4.0,1
84659,4.0,1
84662,3.0,1
84671,3.0,1
84676,4.0,1
84679,2.0,1
84682,4.0,2
84683,5.0,2
84684,4.0,1
84686,4.5,2
84688,1.0,1
84689,3.0,1
84690,3.0,1
84691,3.0,1
84695,3.5,2
84697,4.5,2
84698,5.0,1
84699,5.0,1
84700,4.25,4
84701,3.0,1
84704,2.0,1
84705,4.5,2
84711,1.0,1
84717,5.0,1
84718,4.0,1
84722,5.0,1
84734,5.0,1
84736,3.0,1
84740,5.0,1
84743,4.0,1
84746,1.0,1
84754,4.5,2
84756,4.0,1
84764,4.0,1
84767,5.0,1
84768,4.0,1
84770,5.0,1
84775,4.5,2
84783,4.0,1
84785,4.0,1
84788,3.5,2
84789,4.0,1
84790,4.0,1
84792,3.0,1
84794,3.0,1
84796,5.0,1
84797,5.0,2
84799,5.0,2
84801,2.0,1
84805,5.0,2
84808,3.0,1
84809,5.0,1
84816,4.0,1
84819,5.0,1
84823,5.0,1
84824,4.0,2
84828,4.5,2
84834,5.0,1
84836,5.0,1
84838,4.0,1
84840,3.4166666666666665,12
84842,3.75,40
84845,5.0,2
84850,5.0,1
84854,4.0,3
84856,2.0,1
84859,5.0,1
84861,3.7142857142857144,7
84868,5.0,2
84870,5.0,1
84875,3.7777777777777777,9
84877,4.0,9
84879,5.0,1
84880,4.2,5
84881,4.2,5
84884,5.0,1
84885,5.0,1
84886,4.0,1
84887,3.6666666666666665,3
84888,4.0,5
84891,4.555555555555555,9
84894,5.0,1
84902,5.0,1
84904,5.0,1
84905,4.0,1
84907,4.0,1
84908,3.8,5
84909,1.0,1
84912,5.0,1
84919,3.0,1
84922,5.0,1
84923,5.0,2
84926,5.0,1
84928,3.6666666666666665,6
84929,2.0,2
84931,2.0,1
84933,4.0,2
84935,5.0,1
84936,5.0,1
84950,4.0,1
84951,4.0,1
84955,5.0,1
84972,5.0,1
84973,5.0,1
84974,3.3333333333333335,3
84975,4.0,1
84979,4.0,2
84983,4.0,3
84984,4.0,1
84986,5.0,1
84988,4.0,1
84996,1.0,1
85000,3.0,1
85002,5.0,1
85006,3.0,1
85011,2.5,2
85014,5.0,1
85016,2.0,1
85017,5.0,1
85018,4.0,2
85019,4.333333333333333,3
85021,3.0,1
85022,4.0,1
85024,4.0,1
85036,4.0,1
85051,4.0,2
85055,2.0,1
85059,5.0,1
85060,4.0,1
85063,5.0,1
85065,3.0,1
85067,5.0,2
85071,4.0,1
85072,4.5,2
85074,5.0,1
85076,4.0,1
85077,5.0,2
85080,4.0,1
85081,3.0,1
85087,4.0,1
85088,4.0,1
85091,5.0,1
85092,5.0,2
85094,5.0,1
85096,4.5,2
85098,5.0,1
85100,4.5,2
85103,4.0,1
85104,4.5,2
85105,4.0,1
85106,3.0,1
85108,4.0,1
85113,5.0,1
85116,1.0,1
85118,5.0,1
85122,5.0,1
85124,4.0,1
85126,3.0,1
85127,5.0,1
85128,5.0,1
85129,5.0,2
85130,5.0,2
85131,5.0,1
85132,5.0,1
85135,4.0,1
85137,4.0,1
85138,3.0,1
85141,4.75,4
85142,4.0,1
85143,4.0,1
85148,4.0,2
85152,5.0,1
85162,2.3333333333333335,3
85163,4.0,1
85165,3.0,1
85169,5.0,1
85173,5.0,1
85174,5.0,1
85183,2.5,2
85188,4.0,1
85189,5.0,1
85191,4.0,1
85193,5.0,1
85195,4.0,1
85199,5.0,1
85201,4.0,1
85203,4.0,10
85204,5.0,1
85206,5.0,1
85208,5.0,1
85213,4.0,1
85215,5.0,2
85216,4.0,1
85217,4.666666666666667,3
85220,4.571428571428571,7
85223,5.0,1
85225,4.5,4
85227,3.75,4
85229,5.0,1
85237,5.0,2
85239,5.0,1
85242,4.0,2
85243,5.0,4
85247,4.0,1
85248,5.0,1
85255,3.0,1
85261,5.0,2
85265,5.0,1
85267,5.0,1
85268,5.0,1
85269,5.0,1
85271,5.0,1
85278,5.0,1
85281,3.5,2
85284,4.0,2
85287,4.0,1
85289,3.0,1
85291,5.0,1
85293,3.0,1
85294,5.0,1
85297,5.0,1
85299,5.0,1
85302,5.0,1
85305,4.5,2
85307,4.333333333333333,3
85310,5.0,1
85316,5.0,2
85319,5.0,1
85321,5.0,1
85323,2.0,1
85325,5.0,1
85327,5.0,1
85328,3.0,1
85329,5.0,1
85330,3.75,4
85334,2.0,1
85335,4.0,1
85336,3.5,2
85337,5.0,2
85338,1.0,1
85343,3.0,1
85345,5.0,1
85346,5.0,2
85350,3.5,2
85351,5.0,1
85356,4.0,1
85357,3.5,2
85358,5.0,1
85363,3.0,1
85365,3.0,1
85370,3.5,2
85374,5.0,1
85380,4.0,1
85381,4.0,1
85389,5.0,1
85391,4.0,2
85393,4.0,1
85394,4.5,2
85397,4.0,1
85398,5.0,1
85399,4.0,2
85404,3.3333333333333335,3
85408,3.5,2
85419,5.0,1
85422,4.5,4
85423,5.0,1
85425,4.0,1
85428,4.666666666666667,3
85429,3.0,1
85430,5.0,1
85431,3.0,1
85433,2.0,1
85436,4.0,1
85438,4.0,1
85440,5.0,1
85441,3.0,1
85443,4.0,1
85444,5.0,1
85450,4.0,2
85451,5.0,1
85459,5.0,1
85465,3.0,1
85467,5.0,1
85468,5.0,1
85469,5.0,1
85470,4.0,1
85477,4.0,1
85479,5.0,1
85480,5.0,1
85481,5.0,1
85486,5.0,1
85487,2.0,1
85489,3.0,1
85493,4.0,1
85494,5.0,2
85495,3.0,1
85496,4.0,1
85497,4.0,1
85499,3.6666666666666665,3
85500,4.0,2
85501,4.6,5
85502,4.0,1
85503,5.0,1
85504,5.0,2
85505,5.0,3
85508,2.0,1
85513,5.0,1
85514,5.0,1
85516,4.666666666666667,3
85517,4.0,1
85520,4.25,4
85521,3.0,1
85525,5.0,1
85529,3.0,1
85532,5.0,1
85533,2.0,1
85537,4.0,1
85543,4.0,1
85544,5.0,1
85549,4.0,1
85553,3.0,1
85559,2.0,1
85562,3.0,1
85563,5.0,1
85564,5.0,1
85566,5.0,2
85567,2.0,1
85570,5.0,1
85575,3.0,1
85579,5.0,1
85580,4.0,1
85581,4.666666666666667,3
85584,4.0,1
85585,4.75,4
85586,5.0,1
85589,4.0,1
85593,5.0,1
85594,4.0,1
85595,2.0,1
85597,3.3333333333333335,3
85604,5.0,1
85607,4.0,1
85608,4.0,1
85609,4.0,1
85613,5.0,1
85615,5.0,2
85623,4.5,2
85628,4.0,1
85629,5.0,1
85634,5.0,1
85635,5.0,1
85636,5.0,1
85638,5.0,1
85642,4.0,2
85644,5.0,2
85645,3.5,2
85646,3.0,1
85647,3.0,2
85650,5.0,1
85651,3.0,1
85652,5.0,1
85653,3.5,2
85654,3.0,1
85655,5.0,1
85656,4.0,1
85657,4.0,1
85661,5.0,1
85663,5.0,1
85669,4.0,1
85670,4.0,1
85682,3.0,1
85685,5.0,1
85695,4.0,1
85696,4.666666666666667,3
85697,5.0,1
85702,4.0,2
85704,4.5,2
85705,4.0,1
85706,4.333333333333333,3
85712,2.0,1
85713,4.0,1
85715,5.0,1
85717,5.0,1
85721,4.5,2
85729,3.0,1
85736,4.0,1
85739,5.0,2
85740,5.0,1
85741,5.0,1
85742,3.5,2
85761,5.0,1
85771,4.166666666666667,6
85772,5.0,1
85775,4.0,1
85776,5.0,1
85778,3.0,1
85783,5.0,1
85784,4.0,1
85785,2.0,1
85786,4.0,4
85790,5.0,1
85792,4.0,1
85793,4.333333333333333,6
85795,5.0,1
85798,5.0,1
85804,4.0,3
85807,5.0,1
85812,3.5,4
85814,4.0,1
85815,4.0,5
85817,1.0,1
85819,4.0,1
85822,3.0,1
85824,5.0,1
85825,5.0,1
85826,5.0,1
85827,5.0,1
85828,4.0,2
85830,4.0,1
85831,4.0,1
85832,5.0,3
85836,4.666666666666667,3
85839,5.0,1
85841,4.0,1
85843,4.0,1
85845,3.0,2
85847,4.1,10
85849,5.0,1
85850,4.0,1
85851,2.0,1
85857,4.0,1
85859,3.5,2
85860,4.666666666666667,3
85862,4.0,1
85871,5.0,1
85878,3.0,1
85879,3.5,2
85882,5.0,1
85888,5.0,1
85889,5.0,1
85890,4.0,1
85891,5.0,1
85896,3.0,1
85899,2.0,1
85900,4.0,2
85902,3.5,4
85906,5.0,1
85907,5.0,1
85908,5.0,1
85909,5.0,1
85910,3.0,1
85913,5.0,1
85914,5.0,1
85916,3.0,2
85918,2.0,1
85919,4.0,1
85922,5.0,2
85926,5.0,1
85927,4.0,2
85930,3.5,2
85931,4.0,1
85934,2.0,1
85938,1.0,1
85940,4.0,1
85942,5.0,1
85943,5.0,1
85945,5.0,1
85950,5.0,1
85952,4.6,5
85954,5.0,1
85955,5.0,2
85956,5.0,1
85958,5.0,1
85960,4.5,2
85966,4.0,1
85970,4.0,1
85972,4.0,1
85973,4.0,1
85977,5.0,1
85979,5.0,1
85980,5.0,1
85981,4.0,1
85982,5.0,1
85984,5.0,1
85985,2.0,1
85987,3.0,1
85988,5.0,1
85995,4.0,1
85997,5.0,1
86001,4.0,1
86003,5.0,1
86009,4.0,2
86012,4.0,1
86015,5.0,1
86019,3.0,1
86021,4.142857142857143,7
86027,4.0,1
86032,3.0,1
86033,5.0,1
86035,5.0,1
86043,2.0,1
86046,5.0,2
86047,5.0,1
86049,4.0,1
86051,4.0,1
86052,5.0,1
86054,4.666666666666667,6
86057,5.0,1
86060,5.0,1
86068,5.0,1
86069,4.0,1
86071,4.0,1
86083,4.333333333333333,3
86092,5.0,1
86093,4.0,1
86094,4.5,2
86096,4.0,2
86100,2.0,1
86101,5.0,1
86103,3.0,1
86107,5.0,1
86117,5.0,1
86119,5.0,1
86123,4.5,2
86126,3.0,1
86127,3.5,2
86128,5.0,1
86129,4.0,1
86132,4.0,1
86133,4.0,1
86143,3.5,2
86147,4.5,2
86149,3.0,1
86152,3.0,1
86154,4.0,1
86156,5.0,1
86158,5.0,1
86161,5.0,1
86165,4.0,1
86167,5.0,2
86170,4.0,1
86171,5.0,1
86173,3.0,1
86174,2.0,1
86179,4.0,1
86182,5.0,1
86189,4.0,1
86193,5.0,1
86196,5.0,1
86199,4.0,1
86207,3.0,1
86210,5.0,3
86211,4.0,1
86215,3.0,1
86216,4.0,1
86218,3.0,2
86220,5.0,1
86221,4.0,1
86224,3.0,1
86225,4.0,3
86227,5.0,2
86229,4.0,1
86231,3.0,2
86236,3.0,1
86239,3.0,1
86241,4.5,2
86243,4.5,4
86244,5.0,2
86245,5.0,1
86250,4.0,1
86251,4.0,1
86258,4.0,2
86267,5.0,1
86268,5.0,1
86271,4.5,2
86273,3.0,1
86274,5.0,1
86275,5.0,1
86276,5.0,1
86277,2.0,1
86278,5.0,1
86282,4.0,1
86283,5.0,1
86284,5.0,1
86286,5.0,1
86288,3.0,1
86289,5.0,2
86290,5.0,3
86293,5.0,1
86298,5.0,1
86300,4.0,1
86302,3.3333333333333335,3
86305,4.0,2
86306,3.0,1
86313,5.0,1
86314,5.0,2
86316,3.0,1
86317,4.0,2
86318,4.5,2
86321,5.0,1
86322,5.0,1
86323,4.0,11
86329,4.0,1
86332,3.3333333333333335,6
86333,5.0,1
86336,5.0,1
86338,5.0,1
86345,5.0,1
86346,5.0,1
86348,3.6666666666666665,3
86349,4.0,1
86350,4.333333333333333,3
86355,4.0,2
86356,3.0,1
86357,1.0,1
86360,4.0,4
86361,5.0,1
86362,5.0,1
86363,2.0,1
86367,3.0,1
86368,4.25,4
86369,4.0,1
86370,4.333333333333333,3
86375,5.0,1
86384,5.0,1
86389,5.0,2
86395,4.0,3
86398,5.0,2
86399,4.0,1
86400,3.0,2
86405,4.0,1
86406,4.0,2
86407,3.0,4
86408,5.0,1
86409,4.0,2
86411,5.0,1
86414,5.0,1
86422,3.0,1
86424,4.0,1
86427,3.6666666666666665,3
86430,4.0,1
86431,3.0,1
86436,5.0,1
86437,3.0,2
86445,4.0,1
86447,5.0,1
86448,4.0,1
86452,4.5,2
86458,4.333333333333333,3
86459,5.0,1
86461,4.0,1
86467,3.0,1
86470,3.0,1
86471,3.5,2
86480,3.0,1
86486,5.0,1
86488,4.0,1
86489,4.0,1
86490,4.0,2
86491,4.0,1
86494,4.0,2
86495,5.0,2
86497,4.5,2
86506,3.0,2
86509,3.0,1
86510,3.0,4
86512,4.0,1
86519,4.0,1
86520,3.5,2
86523,5.0,1
86532,5.0,1
86534,4.0,4
86535,3.0,1
86537,4.5,4
86538,4.5,6
86539,4.666666666666667,3
86542,4.5,2
86545,5.0,1
86550,5.0,1
86551,3.25,4
86559,3.0,3
86564,2.5,2
86566,4.0,1
86567,4.0,4
86570,4.5,2
86576,4.0,1
86579,4.0,1
86580,4.333333333333333,3
86581,5.0,2
86587,3.0,1
86589,4.5,2
86594,4.0,1
86597,4.0,1
86598,3.0,1
86600,2.0,1
86603,5.0,1
86609,4.666666666666667,3
86611,1.0,1
86612,5.0,1
86614,2.5,2
86619,4.5,2
86625,4.0,1
86631,5.0,1
86633,4.5,2
86634,5.0,1
86636,5.0,1
86640,4.666666666666667,6
86647,5.0,1
86655,4.0,2
86656,5.0,1
86662,4.5,2
86665,1.0,1
86667,5.0,1
86670,4.0,2
86671,4.0,1
86681,4.5,2
86682,3.6666666666666665,3
86683,5.0,1
86684,4.666666666666667,3
86686,4.5,2
86691,5.0,1
86699,3.0,1
86701,4.5,4
86702,4.0,1
86705,5.0,1
86706,5.0,1
86708,2.0,2
86710,1.0,1
86715,4.0,1
86721,4.333333333333333,3
86722,3.6666666666666665,3
86724,3.5,2
86726,3.0,1
86729,4.5,2
86734,5.0,1
86737,5.0,1
86738,4.0,1
86739,3.5,2
86742,5.0,1
86747,3.857142857142857,7
86750,5.0,1
86751,4.0,1
86757,2.5,2
86762,4.0,1
86765,4.2,5
86766,5.0,1
86769,5.0,1
86770,1.0,1
86772,3.3333333333333335,3
86775,5.0,1
86778,4.0,1
86779,5.0,1
86784,4.0,1
86785,3.0,2
86787,5.0,2
86788,2.5,2
86791,5.0,1
86792,5.0,1
86794,4.0,1
86797,5.0,1
86803,3.0,2
86804,5.0,1
86810,3.0,1
86815,5.0,1
86816,4.0,1
86826,4.0,1
86828,5.0,1
86830,4.0,1
86832,4.5,2
86837,3.0,1
86844,5.0,1
86848,4.0,1
86851,4.0,2
86856,3.5,2
86860,5.0,1
86861,3.0,2
86874,4.0,1
86877,2.3333333333333335,3
86880,3.0,2
86881,3.3333333333333335,6
86883,3.0,1
86884,5.0,2
86887,5.0,1
86895,5.0,1
86896,5.0,1
86900,4.0,2
86905,5.0,1
86907,4.0,1
86909,4.0,1
86911,1.0,1
86913,4.0,1
86914,5.0,1
86918,5.0,2
86919,5.0,1
86921,3.3333333333333335,3
86927,5.0,1
86928,5.0,1
86934,5.0,1
86945,5.0,1
86946,5.0,2
86955,5.0,1
86971,3.5,2
86977,5.0,1
86983,5.0,1
86984,5.0,1
86985,4.0,4
86992,5.0,1
86999,1.0,1
87000,5.0,2
87001,5.0,1
87002,5.0,1
87006,2.5,2
87008,5.0,1
87013,4.0,1
87014,3.0,1
87015,4.75,4
87016,3.0,1
87021,5.0,1
87022,4.0,1
87023,4.2,5
87024,5.0,1
87025,5.0,1
87036,5.0,2
87039,4.0,1
87043,5.0,1
87044,4.666666666666667,3
87045,5.0,1
87049,4.25,4
87052,3.0,1
87053,2.0,1
87055,4.0,1
87068,5.0,1
87069,4.0,1
87070,4.0,1
87075,5.0,1
87078,5.0,1
87081,5.0,1
87082,4.5,4
87084,5.0,1
87087,4.0,1
87092,5.0,1
87093,4.0,3
87094,4.0,1
87095,4.0,1
87100,3.0,4
87103,5.0,2
87107,4.0,1
87110,4.0,1
87112,5.0,1
87114,5.0,5
87118,2.0,1
87120,5.0,2
87122,4.0,1
87123,4.0,3
87128,4.0,2
87132,5.0,1
87135,4.5,2
87140,3.0,1
87141,5.0,2
87145,4.0,1
87150,3.0,1
87152,4.0,1
87157,5.0,1
87158,5.0,1
87159,3.0,1
87163,5.0,1
87170,4.0,1
87173,4.0,1
87177,4.166666666666667,6
87178,3.0,1
87181,3.0,1
87182,5.0,1
87184,4.0,1
87185,5.0,1
87186,4.0,1
87189,4.0,4
87191,5.0,1
87193,4.0,4
87196,4.0,1
87198,5.0,2
87199,3.3333333333333335,3
87200,5.0,1
87202,4.333333333333333,3
87203,4.0,1
87205,4.0,2
87206,3.0,2
87208,4.666666666666667,3
87213,5.0,1
87215,5.0,1
87218,4.0,1
87229,3.0,2
87233,4.5,2
87235,5.0,1
87237,5.0,1
87240,4.0,1
87247,4.0,2
87248,5.0,1
87251,4.0,1
87252,5.0,1
87254,5.0,1
87255,4.0,1
87257,1.0,1
87259,2.0,1
87260,4.666666666666667,3
87268,5.0,1
87276,3.0,1
87280,5.0,1
87282,3.0,1
87283,5.0,3
87285,4.5,2
87289,4.0,1
87292,4.0,1
87302,4.0,1
87304,4.0,1
87306,4.0,2
87307,4.666666666666667,3
87308,5.0,1
87309,5.0,1
87310,5.0,1
87313,5.0,2
87320,2.0,1
87324,5.0,1
87326,5.0,1
87328,5.0,1
87334,4.0,1
87335,5.0,1
87345,5.0,1
87357,4.5,2
87359,3.0,1
87361,4.5,2
87363,4.5,2
87365,4.0,2
87369,5.0,1
87370,4.6,5
87374,4.0,1
87376,5.0,1
87387,4.0,4
87394,5.0,1
87399,5.0,1
87401,5.0,1
87402,5.0,1
87411,5.0,1
87413,5.0,1
87420,5.0,1
87430,2.0,1
87443,5.0,1
87444,5.0,4
87445,4.0,1
87450,4.0,1
87453,5.0,1
87456,5.0,1
87462,5.0,3
87463,3.0,1
87465,3.0,1
87468,4.0,1
87470,4.0,1
87484,4.333333333333333,3
87486,5.0,1
87490,4.5,2
87491,3.0,1
87498,5.0,1
87501,4.0,2
87502,4.777777777777778,9
87506,5.0,1
87510,4.0,1
87516,5.0,3
87527,4.0,1
87528,4.0,1
87532,4.0,1
87536,4.0,1
87538,4.0,1
87541,4.0,1
87542,4.0,1
87551,5.0,2
87556,3.3333333333333335,9
87559,4.0,1
87560,5.0,1
87561,5.0,1
87563,3.0,1
87566,4.0,1
87567,3.0,1
87570,4.0,1
87576,4.333333333333333,3
87578,4.25,4
87581,4.5,2
87582,5.0,1
87584,4.0,1
87585,4.0,1
87587,1.0,1
87589,4.0,1
87592,4.0,1
87596,5.0,1
87598,5.0,1
87600,5.0,1
87602,4.0,1
87606,5.0,1
87607,4.0,1
87611,4.5,2
87612,5.0,2
87617,5.0,1
87618,5.0,2
87619,3.0,1
87622,4.5,2
87626,5.0,2
87627,4.0,1
87631,4.0,4
87635,5.0,1
87641,5.0,1
87642,4.25,4
87646,5.0,2
87655,2.0,2
87656,5.0,1
87657,1.0,1
87658,4.0,1
87659,4.333333333333333,6
87661,4.166666666666667,6
87670,5.0,1
87671,5.0,3
87672,3.75,4
87676,4.0,1
87678,4.0,1
87680,4.0,5
87682,4.0,2
87683,5.0,1
87692,4.5,2
87693,5.0,1
87694,4.0,1
87695,4.0,1
87704,2.5,2
87708,4.0,1
87709,5.0,1
87710,5.0,1
87711,4.0,1
87713,3.0,2
87719,5.0,1
87723,5.0,1
87724,4.0,1
87733,2.0,1
87734,5.0,1
87739,3.0,3
87740,4.2,5
87745,3.0,2
87749,5.0,2
87753,5.0,3
87755,5.0,1
87756,5.0,1
87765,3.25,4
87769,4.0,2
87770,4.75,4
87771,4.0,1
87772,4.0,1
87775,4.0,1
87776,4.0,1
87777,5.0,1
87780,5.0,3
87781,5.0,1
87784,5.0,1
87785,4.0,1
87792,5.0,1
87795,4.6,5
87810,5.0,1
87812,5.0,1
87814,4.0,1
87815,5.0,1
87823,5.0,1
87826,4.0,1
87827,4.0,1
87835,5.0,1
87837,4.0,2
87844,4.0,1
87846,5.0,1
87848,5.0,1
87852,5.0,1
87853,5.0,1
87857,4.0,1
87861,4.0,2
87875,4.5,2
87878,5.0,1
87879,5.0,1
87880,2.0,1
87883,5.0,1
87884,4.0,1
87889,5.0,1
87891,3.0,1
87894,4.0,2
87899,4.0,1
87901,5.0,1
87902,4.0,1
87904,5.0,1
87907,4.0,1
87908,4.0,1
87910,5.0,2
87911,5.0,1
87913,3.0,1
87922,5.0,2
87924,5.0,1
87926,3.0,1
87932,5.0,2
87935,3.0,1
87937,4.0,1
87940,5.0,1
87941,4.0,1
87947,4.0,1
87948,3.6,5
87951,3.0,1
87952,4.0,3
87954,5.0,1
87956,1.0,1
87957,4.0,1
87958,5.0,1
87962,4.333333333333333,3
87963,4.666666666666667,3
87964,4.0,2
87974,5.0,1
87979,5.0,1
87985,4.0,2
87989,4.0,1
87992,5.0,1
87993,5.0,2
87996,4.5,2
87997,3.6666666666666665,3
88001,4.5,2
88002,3.0,1
88003,5.0,1
88004,5.0,1
88027,3.0,1
88028,4.0,2
88030,4.0,2
88032,5.0,1
88035,5.0,1
88037,5.0,2
88042,5.0,1
88049,4.5,6
88053,4.0,1
88057,4.0,1
88058,1.0,1
88065,4.0,1
88067,4.0,1
88071,4.0,1
88075,2.0,1
88076,4.0,1
88078,5.0,2
88085,2.0,1
88095,2.0,1
88096,5.0,1
88097,5.0,1
88099,5.0,1
88103,3.0,1
88106,4.0,2
88112,4.5,4
88118,5.0,1
88119,5.0,1
88120,2.0,1
88121,3.0,1
88125,4.333333333333333,3
88129,2.0,1
88130,4.0,2
88132,5.0,3
88135,5.0,1
88139,3.0,1
88140,3.0,2
88143,4.0,4
88144,3.0,1
88145,3.0,1
88146,5.0,1
88159,3.0,3
88161,4.0,1
88162,4.0,1
88164,4.0,3
88165,5.0,1
88166,4.0,1
88168,5.0,1
88170,3.4,5
88175,3.0,1
88177,2.0,1
88178,3.0,1
88179,2.0,1
88185,4.2,5
88187,5.0,1
88189,3.5,2
88190,5.0,1
